date,r_GC=F,r_HD,r_CL=F,r_DAL,r_EURUSD=X,r_SIEGY,r_GS,r_CRM,r_KO,r_JNJ,r_NEE,r_VZ,r_PG,r_AAPL,r_MSFT,r_AMZN,r_GOOGL,r_META,r_NVDA,r_XOM,r_JPM,r_WMT,r_DIS,r_PEP,r_UNH,r_MA,r_V,r_T,VIX_t+1
2023-01-04,0.00712077947705847,0.012092191873281477,-0.05316526648980113,0.05458446684245333,-0.012255395598315344,0.03320345508136424,0.004274798963246562,0.03568763592359869,-0.0004766364147263946,0.010887225091211317,0.007872872948487375,0.025174646132487544,0.004353897815891017,0.010314236574628932,-0.0437432253228498,-0.007923564525679994,-0.011669678579238618,0.02108400673684252,0.03031777808328151,0.0029105295488538463,0.009325128816533024,0.001114155131391792,0.033831664475898915,-0.0024525914963680062,-0.02726372207338723,0.024077320153129023,0.025170027546006946,0.02134455436014071,1
2023-01-05,-0.00971502565070892,-0.013323917668726537,0.01139486371202536,0.02442575627335697,0.005642484981084106,-0.007824355724362797,-0.01133198912619815,-0.023282494826575628,-0.011443115176032803,-0.007383559352075353,-0.022014392788436088,0.013858192511466694,-0.012415071570828995,-0.01060471546572117,-0.029637725220742706,-0.023725589118479662,-0.02134427232023206,-0.0033760311756728667,-0.03281581117789012,0.022374042621178036,-0.0002216322617401012,-0.003408380429471669,-0.0006524050656951941,-0.01044861348642856,-0.028820761092484104,-0.009517051845935764,-0.007055436841186036,0.003657271634288417,0
2023-01-06,0.016023491149636415,0.006530134140469768,0.0013573839637102125,0.022708013860673004,-0.007933674891517195,0.02436267628632205,0.012567266305464564,0.030585469593565007,0.01929255835434529,0.008109628727204887,0.012344220720678756,0.011750806567959904,0.02381270546670411,0.0367944240915421,0.011785435606501249,0.035611152390083056,0.01322507940592721,0.024263278443439562,0.0416404993228372,0.012086825290908543,0.019135357021305976,0.02449924507970902,0.02175812192872595,0.02258605039827688,8.16891856521007e-05,0.046896496652810704,0.031453062497062145,0.01665820708151,1
2023-01-09,0.004559596729233117,0.0008814965262997632,0.011657864301019893,0.020538542934578574,0.012745001629152375,0.015122408401408771,0.01413446550833819,0.046900626633503695,-0.012460471295532516,-0.025908471661220234,0.005020828013198253,-0.004020661951315119,-0.012214257323744593,0.004088697665889152,0.009736446983232172,0.01486987397850048,0.007785790515906443,-0.004230234026699309,0.05175319472582718,-0.018637426479691577,-0.004132143205742067,-0.01246768110355001,0.00905015475974924,-0.009773637620831943,0.00012249042981005154,0.008975351218607708,0.0039035882351838858,-0.011012076062415499,0
2023-01-10,-0.0005873741734490068,0.008873211086416033,0.0065657980865276855,0.035898881633549706,0.007212636696105612,0.011646792558288155,0.012351347161714488,0.0023112152294120225,-0.00766651523650308,-0.002391996989716705,0.005590699194431892,0.014019968017101148,-0.0009867000229411005,0.004456359148370392,0.007617063784628009,0.028731709234134817,0.004544334832138119,0.02718782197106151,0.017980570510976346,0.014934949286303123,0.008953962642916258,-0.0006209112925610327,0.008336034626145405,-0.008252863168361935,-0.008284592624525744,0.00010785288262038506,0.01139056320884868,0.022584024547634307,1
2023-01-11,0.0016029066248843815,0.026105040485098208,0.030484569113404802,0.0023627031556903155,0.0005368935499137084,0.010575504725409246,0.01992385574428912,-0.017227289677670843,-0.0019314361941364933,-0.0015988742072932105,0.00544106807926692,-0.018355168066129357,-0.008097469167017923,0.02111228581112723,0.030238205703039478,0.058083825879343465,0.03505986146361906,-0.000751756906238521,0.0057827023950343115,0.011626869894454384,0.007431199437764047,0.00876726501610503,0.00805771601674965,0.0011246367988113626,0.015226290444014579,0.01846285901940048,0.00456821702684751,-0.0030814149561810833,0
2023-01-12,0.011149058298440373,0.002644590170259642,0.01265980727525462,0.03719234832005558,0.0025192926532231485,0.02331452041964477,0.014980129348610705,0.03243627628265888,-0.012901204544069844,-0.005031906919241713,0.0008234646704849968,0.01529859992783833,-0.0056420658672101665,-0.0005993028261706002,0.01162149497092102,0.0018929468094222024,-0.004261297573016631,0.028745668209458675,0.031873061839255756,0.016611477651974127,-0.0010024082912504229,-0.009033269547074063,0.036125786389573866,-0.012749251188899469,0.004600708303531542,0.005160719551754678,0.0068438226632132615,0.0,0
2023-01-13,0.012081257934087208,0.004062044201060155,0.018752407604907262,-0.03535369966815016,0.008753345079312025,0.005825224431138976,0.010974774516832042,-0.0006018186960996541,0.0035942802547443975,-0.0032757945263613975,-0.004584482572098092,0.001195886648695632,0.007142354138703011,0.010119285164466474,0.0030185713563413152,0.029915043601747016,0.010863620726600187,0.001974906082181649,0.023499747086106693,-0.0006184186330638886,0.025234880961076733,0.0033147011526604153,-0.004107579624020974,-0.0030720331633792286,-0.012306543123558056,-0.011295209141247375,-0.0025041919675015123,0.007212548455967971,0
2023-01-18,-0.001468082439962326,-0.011724381021424035,-0.008730318602867326,0.003136514994586781,-0.003399900781191234,-0.003466522199052413,-0.002371921373099495,-0.020340825639730276,-0.030317823187895,-0.01508490443648225,-0.022626595491579193,-0.021541791349369066,-0.026788235750701106,-0.005370207754514245,-0.018889189657001815,-0.006142675153973931,-0.0018620797926274246,-0.01728708977874005,-0.018359525591310044,-0.020543732598361064,-0.030042391075142727,-0.024721195604093804,-0.008707927070254251,-0.0252185388493944,-0.01822374784856806,-0.016213392337354637,-0.015874450885268954,-0.016037318754357544,1
2023-01-19,0.0092942401517353,-0.03957470035326738,0.010694494693261003,-0.000781754235085641,0.00042113596705495304,-0.015846453768022295,0.004755311870091816,0.00660035433975481,-0.0015047667215459803,-0.0013549324709183352,-0.014438956447163087,0.0022515200145309944,-0.021148130343789595,0.00044396047201100686,-0.01645382650562599,-0.01864654092151996,0.021180727754276374,0.023530059784450108,-0.03521909047766458,0.006418803966839137,-0.013326616341305497,-0.014271488889140871,0.0004039325744051858,-0.011595276538893473,0.017050280365983772,-0.002656234756825082,0.004328772039326356,-0.004206121667104545,0
2023-01-20,0.002237161897270301,0.013252449535827937,0.012199622870669558,0.017731530621708735,0.0033367572336886475,0.011388854526758863,-0.025402978568338508,0.033057748721923685,0.006028066984787639,-0.00465971861237513,-0.009323246286516595,-0.0014976815398127785,0.003861790789394748,0.019220870775277232,0.03574346482767288,0.03810845093076898,0.05341204145601819,0.023650397985223837,0.06406216505894968,0.018235826868232774,0.0024490469289879524,0.012317199432512194,0.044408527350894955,0.0014737921182548241,0.004872348910639035,0.02266666790877636,0.017694308132726766,0.015311304260997805,0
2023-01-23,0.0003633467415926628,0.0015239106027591376,0.0038126330992063195,0.0012811912557406657,0.0028793633886876613,0.011001862589558042,0.021355316129532564,0.030545432825233254,0.002496744394877126,-0.0025483550929791265,0.010388533698883817,-0.009249917756786519,-0.013429127189184542,0.023500391630011164,0.00982425192183256,0.002776315095798454,0.018057671157212685,0.0279832401191884,0.07590153404861821,-0.005204973372266886,0.016212703221295532,0.014942263132566858,0.021356820794576237,-0.004473714463028355,-0.0018696755832263712,0.006085953125631427,-0.0005795157728877287,-0.006760083741107814,0
2023-01-24,0.0035286435131927085,0.00700504031265381,-0.018255396263466284,-0.00716490413523907,0.0008481189095626007,-0.003072439525238835,-0.002320218512778194,-0.0064796902814604485,0.005313089753559819,0.0,0.014878781165935884,0.019933921248145303,0.005458757679786208,0.010063051324874728,-0.0022259286104515663,-0.012305137300550828,-0.02094415657761517,-0.0009075371459562609,0.0037511625586110764,0.00931175043217225,0.008596284428501466,0.0026640632604320036,0.0029330613529130467,0.009283284339773212,0.011918204837630286,0.0038037689183219037,-0.001293687970950086,0.0031413482330926445,0
2023-01-25,0.003774717754618351,-0.0013534922929696602,0.0002496477367603944,0.014948613060383309,0.0012739505666399253,0.004237783446558563,0.003732219164791273,0.008459039464491447,0.006275717950573911,0.0071295637899539965,-0.08712771868123204,-0.0022263949587038034,-0.0007051679817187129,-0.004700751647344403,-0.005908235750513469,0.008928577793566816,-0.025383633209616008,-0.011457485250551125,0.0030104136557815853,-0.005271877050235463,0.0048393534641930636,-0.0047544247181088295,0.019999919826314105,0.007264532864433848,0.0018309112152949947,0.006262866214330698,0.004511086261857589,0.06576197313966392,0
2023-01-26,-0.006233245358693185,-0.010874201526511418,0.010729888883082461,-0.004063112265517033,0.00311277903582563,0.002557419296452812,0.015273337869325498,0.057117496794457656,-0.001969475217205363,-0.0036575014425304087,-0.0024807196611501547,-0.0014877747228989602,-0.004021739361274146,0.01480330863998569,0.030713790817038955,0.02099198301215366,0.024154513223689555,0.04098963777014064,0.02478919420724801,0.04019070470060293,0.006181427776535964,-0.0009136985626976291,0.014613576777227077,-0.009945764091530807,-4.0667105048797225e-05,-0.013468097700771064,-0.0008446875235624818,-0.020568099059749212,0
2023-01-27,-0.00025918822576742606,0.009177496642827077,-0.016417748376528762,-0.012493498112966517,-0.0025275947466020243,-0.00038258161178639227,-0.0035776043818938064,-0.0034527333488664214,-0.00526220511412645,-0.003907703814704733,-0.01073297633736725,0.009188021163633042,-0.004109292564122069,0.013684260721302799,0.0006450756415379288,0.03043737760442866,0.01897055161508132,0.030142689973413184,0.028431303838792665,-0.01825742898671645,0.0024290925814305364,0.007665058417305248,-0.001458579505387081,-0.0035248410885151404,-0.013056330211746237,-0.008508946197262168,0.029949674881272426,-0.002499855276392071,1
2023-01-30,-0.0029554864896974564,-0.00773637569105301,-0.022339342024089492,-0.008520563555963312,-0.0021090037851332344,-0.011483950951735378,0.010630447365716833,0.0013982007659298912,0.002479541266681151,-0.03703272439973759,-0.00701242781127176,0.010088396704636127,0.0031300442136290574,-0.020077997376956924,-0.021961579036968826,-0.01652968356145279,-0.02445417356950519,-0.030842375013009904,-0.059071838874385496,-0.01773205789190946,-0.008480456157374805,-0.008025237524925566,-0.017801784359282147,-0.0008254937418622488,-0.0005348813275328768,-0.007779940608024227,-0.010110604581345606,0.010526097962271441,0
2023-01-31,0.0034323030329923565,0.03160019372939282,0.012451876786945704,0.01822899353001084,-0.0019097249254850235,0.0078741098618893,0.02335896263106929,0.01954465281755957,0.011213849635581807,0.00876544027776971,-0.005596278627714724,0.012667697799824573,0.009715857185816468,0.009020989312290562,0.021012590102357454,0.025658817736008643,0.01959983773793539,0.012987885691031043,0.019570171305588246,0.02157445650724532,0.005965443511786628,0.012100116542680617,0.008365066008718669,0.009086717035820868,0.027583762435903658,-0.00140126885822911,0.004844996636656385,0.010416796561063757,0
2023-02-01,-0.0008810319626199048,0.012092396722778842,-0.031190554061179654,0.020204621598218786,0.0009449341051008808,0.013575682108883269,-0.00027301886936403896,0.02292078755915883,0.000163033102895227,0.00917878098416458,-0.005226031845159351,0.0028865588637143613,0.005688912480799058,0.007900766859081143,0.019934640999762943,0.019586971068148662,0.016086701569702155,0.027857977600535655,0.07196584212196355,-0.010947424413022655,-0.002643700859752296,0.005560402801589426,0.008295744694585716,0.0031576378378215253,-0.004386988605192155,0.009390131243562028,0.0029971022032790895,-0.009327535863663194,1
2023-02-02,-0.005965348951511129,0.03566099179518001,-0.0069363484267731534,0.00025075357343662397,0.013986332519027034,-0.010234995171561012,0.010281249892116318,0.016412382116776092,-0.01712051418177485,0.0037592952423117776,0.018319136723604412,0.0033583064242721505,-0.007123521153832191,0.037062442297516096,0.04688452928104292,0.07379935352944922,0.07278693278838588,0.23282413088612963,0.036575445744818635,-0.031287958206522415,-0.0046564547833795045,-0.007257848142965373,0.0349209628499354,-0.00926788977048032,-0.05265605861312905,0.0022990593015690397,-0.00580323154744955,0.004955686147267935,0
2023-02-03,-0.027866212520694877,-0.0243973774527394,-0.03281494404188812,-0.00802022086535148,-0.009781939220090408,-0.0058725135041740595,0.0012990551590366106,-0.020613896225309958,-0.007465170783020669,-0.005617823805164623,-0.012301338053211208,-0.007650222145288765,0.0030950536418334895,0.02439971788138351,-0.023620752620662433,-0.08431497620839845,-0.02747353863646984,-0.011866313630999992,-0.028052837247702467,0.006927508477740485,0.015474247722250034,-0.01329895990164609,-0.022082891384039183,-0.005000970120294879,0.0025275553356829406,-0.002747057762677918,0.002483100532398863,-0.02218953753325903,1
2023-02-06,0.0017713922994071485,-0.006727178828301095,0.009810617613994488,0.0015161056772785564,-0.010477944512183313,-0.01746510371395027,0.002297653957364032,-0.011634548993669669,0.0056826562838314665,-0.007593636488061439,0.01124917583122742,-0.0055407434662289035,-0.008484666572477262,-0.017928476288607942,-0.006115767612758893,-0.011703250716856073,-0.017942388221859784,-0.0025197193996112643,-0.0005212924029106558,-0.0016977210126780662,0.005882691540936014,-0.007268415342825185,-0.0075872929971776415,0.015965055322910704,0.006821515367773756,-0.0025141139731668094,-0.0029982120847514837,-0.012607360810831136,0
2023-02-07,0.0029471654398802727,-0.012360519828460759,0.04088515388399072,-0.0012614755844705394,-0.005569247387685716,-0.010848317837537369,0.009708684798600764,0.01319128105897538,-0.001661912936602783,0.0002448946146154096,0.0075488268015497795,-0.017684139772843777,-0.00975977201104472,0.019244780796204397,0.04202213036903202,-0.0006850625818668465,0.04606424004012344,0.02988273322764834,0.05140118509486369,0.02855086515023575,0.012190042141611679,0.002132496904562853,0.016018833215816652,-0.0015131874833993475,0.0034511399149927957,0.005603591458405832,0.008193848799999959,-0.016853748618161357,1
2023-02-08,0.003045399044124819,-0.013560922404869613,0.017241403183536397,-0.0037889072741909002,-9.653820013244552e-05,0.035280202719177645,0.001869680044136235,-0.009633219172185181,-0.005826448641264137,0.0012850974927047787,-0.013801174263421867,-0.0007396134487033246,-0.010355485348965132,-0.017653080941111954,-0.0031021186430220116,-0.02017429777965274,-0.07683022744969159,-0.042740805879237564,0.001443194892090105,-0.008701495975285023,-0.007030977430449559,-0.005390863377557009,0.001343697468862315,-0.0023317397942582696,0.013294680421830352,-0.012557950456612343,-0.004841939528903549,-0.004675305443404554,1
2023-02-09,-0.00596573617584939,-0.016334869829944032,-0.005224973311217407,-0.010902322993819102,-0.0012966698660300535,0.014294868879549893,-0.018955003976140694,0.02375735462602968,-0.0016746480292086918,-0.013507816440883835,-0.023457428635860977,-0.017522263498465196,-0.010969074483737073,-0.006911627128108333,-0.011659859948462081,-0.01809100582487666,-0.043876414120117,-0.030038797907662063,0.005944556669870593,0.0037745846551928697,-0.01556371503104026,0.009271050265458491,-0.01270350603870063,0.009464965238194623,0.005194400381890452,0.0001891426880491487,-0.0017408543589089165,-0.009916592145570835,0
2023-02-10,-0.001821831761176007,0.003137468372038432,0.021265740635763253,-0.021533180439566535,0.002470776201964231,0.0077589622036942085,0.008940628717832189,-0.03817793037758799,0.0,0.004646986228999284,0.020062816722486332,0.005023683051258221,0.008828820475343058,0.0024562421389442424,-0.0019725878636284166,-0.006412838631079665,-0.004631189505056699,-0.021189219062657916,-0.04799223486885862,0.042151281235607296,0.00441537195892483,0.01554549048817444,-0.02084088838413345,0.019793965332303154,0.01754042319450111,-0.009691729642720026,-0.009374426273237035,0.005271662661248566,0
2023-02-13,-0.005851419437593264,0.022082490659351972,0.005268416489138783,0.011265273565247202,-0.00601157126484031,0.007712024940770723,0.007379773971379455,0.02424714360234126,0.016437575977513275,0.003699997216950024,0.011774111482450111,0.007748175401544266,0.01309120189068258,0.01880685397220705,0.031243178076284517,0.019772567289289666,0.00042298350934033557,0.030318616068848003,0.024594433879451705,-0.003889795240744065,0.010848001786343486,0.015238121931012927,-0.003701644793564829,0.008910266727014005,0.002225664741168254,0.01090403742022028,0.007394505405674545,0.00996321084350682,0
2023-02-14,0.0011339573185662477,-0.01576359491450574,-0.013476439222361525,0.012953512168022652,0.004935963763336382,0.0015305804670846523,-0.005988983539267245,-0.006546730826497926,-0.01666659219855282,-0.0043625239996976095,0.005421674841756152,0.0002480039958394631,-0.005640140587196529,-0.004224765082237014,0.0031327238796543533,0.0016073541414833858,0.0007398471557458208,0.00027872241332249637,0.05429598187729967,-0.01171466375772856,0.004418744843038169,-0.0028784671349818547,0.0,-0.011250366673893897,-0.0050873850343589044,-0.0023460982252170304,0.0022280377691497044,-0.005711394990413843,0
2023-02-15,-0.010679637987122459,0.007097293578530284,-0.005944867634922413,-0.0020459531880816506,0.000493927118309756,0.015792202542459277,0.006885842574689605,0.006707691144264061,0.0,-0.016477353326490918,0.011969241843628131,0.001239951910046111,-0.0022974251358982567,0.013903376528515476,-0.007993017922882872,0.014643999584324163,0.023869868208807432,-0.01292614893574684,-0.009011279119639837,-0.003006423897826571,0.004190122717832256,0.007423116493338933,0.014675942212198478,0.0013651434226324977,-0.0032059099538209734,-0.0008646734649013776,-0.0020489514468938763,0.005221991232368328,1
2023-02-16,0.0042525618993400904,0.0017149964270908313,-0.001272407160971989,-0.018964828350011897,-0.004094928431470746,-0.015170490034680295,-0.011059408351918654,-0.01747522979327043,-0.006209054619872423,-0.007090234733050926,-0.01624649441894377,-0.01337327060141047,-0.013097333376811848,-0.010429528823744594,-0.026622670863516773,-0.02975486385196624,-0.014751349424718452,-0.026642653599192823,-0.033473928389564644,-0.002929254905223888,-0.013769041057979492,-0.015692062463177003,-0.031215696477789323,-0.00284064322334987,-0.007939024756859592,-0.005654409250588244,-0.013498079780529082,0.0005194983510181661,0
2023-02-17,-0.0008686078099552352,-0.010241373042371826,-0.02739204464765732,0.002089883253338032,-0.0024318489142922672,-0.008274973868476643,-0.004592204058708527,-0.017488627544403723,0.015197512148493741,0.020877011799581124,0.005020545338289661,0.009538303092720968,0.02092735768448195,-0.007546612453575241,-0.015601786483373403,-0.009679109147912035,-0.012145231522253552,0.0025517174461651138,-0.027906629214557,-0.0384516529600043,0.0029613693560377463,0.0150413317351894,-0.0057640069622239,0.004387262045104201,0.024069082411067644,-0.01746679983780053,-0.010051666628154488,0.009345815656239598,0
2023-02-22,-0.0005455537370431252,0.002707115473334909,-0.029017943902314935,-0.002425858094172284,-0.002865454534092482,-0.0024813817699782525,-0.0006370369647966667,0.010766152013321761,0.0030101075289052925,-0.0013923868197152078,0.00027143092123171897,0.002041026799828982,0.004216881400815664,0.0028961621934382453,-0.004590948266096628,0.012793392483054111,-0.001525321468417551,-0.005578810912775678,0.004793173335070788,-0.012953060396294513,-0.0076629979613038746,-0.020973310034868464,-0.004016075091293203,-0.00034054044831810515,-0.004925722467336802,-0.0027812195417024066,-0.0027195225880121132,0.008849621270786923,0
2023-02-23,-0.007641921397379958,0.010158633237330683,0.01947265045073787,0.014050330635901442,-0.004337728174182431,0.01832937545425173,0.007343023437263341,0.004652080746164966,0.0018339230336359424,-0.00031683477486599276,-0.010993636282483399,-0.019093692924457728,-0.0032028304154699816,0.0032905075464959577,0.01296193245323285,0.000313172345862478,-0.00829231811266573,0.005376230435525375,0.1402137801131993,0.009204210385697076,0.008011059831038114,-0.014905654640527843,0.0004918061839422894,0.0010788267140198204,0.005727283007095574,0.001577648862520542,0.005044839895366859,-0.0015480406717697237,1
2023-02-24,-0.005060479192450451,-0.008853794642857182,0.01233585770931156,-0.004529710800247555,-0.0007312747413590337,-0.03548468737386368,0.0008526849247865176,-0.01169864211649252,-0.004160453890227123,-0.01115837418524035,0.0006863975449120652,0.005450413136166565,-0.0056408862592001174,-0.018005272332027533,-0.02178451832181172,-0.024212061179431754,-0.01936430652448462,-0.009590607716220112,-0.015973511791188555,9.054003535768906e-05,0.009021102333111042,0.0026741233131248876,-0.014056808913784136,-0.0019851348210202513,-0.0149688207987686,-0.006778761091420615,-0.007145075252010469,-0.005684949663117611,0
2023-02-27,0.004533365187151306,-0.002191050900438807,-0.008385736271063426,0.012847975478864848,-0.004084682530496431,0.017328691765349236,0.00461719487787593,0.0057954881170865225,-0.00033420139441231456,-0.0021799951713461496,-0.00817091107951129,0.0036137245399017193,-0.0008616130666935229,0.008247360131272918,0.0037718432845903482,0.0027807715104863906,0.008302586451452099,-0.004988855386340418,0.009232850065147957,-0.0018059207667822097,0.008728014915029059,-0.007229476617043984,0.0014954045006019268,-0.0002841547742541417,-0.002085262836144963,0.006683395303886286,0.0036436782585489436,-0.010914598301450362,0
2023-02-28,0.006549270453529266,0.0017904999902946805,0.01810257321693398,0.013213675447550033,0.0053479946234307185,0.0015723996816474628,-0.03797214310891983,0.0028810469849771536,-0.005182313103087033,-0.015228394650394494,-0.011550419026647774,-0.0018003873173074725,-0.011355436655793638,-0.0034477704760055294,-0.0029581376873161203,0.005012811540044737,0.0021142682962445036,0.031851195664815535,-0.012127079494392956,-0.005789184790366497,0.008370575580333384,0.004878565428766413,-0.008362262341814142,-0.013529553173136866,-0.015269147359768143,-0.0005343617576504256,-0.001860633216943297,-0.006305807166041455,0
2023-03-01,0.004811595297906868,-0.01939016419592121,0.008306286363396032,0.004433702779359505,-0.0031943562553166105,0.013605509363427748,-0.008363252595417259,0.022859013282732432,-0.010922380828205847,-0.004502124269491481,-0.01633090558939354,-0.01314093486753587,0.0007267626044356046,-0.01424591728303981,-0.012629444083375407,-0.02186145722806776,0.0033311132179369984,-0.008688818877074733,-0.022312111009047064,0.00891632196791492,-0.005580407109062269,-0.013930991771606283,-0.010741942871371313,-0.01267798897806316,-0.0015130328489454392,-0.005038017327980038,-0.007183592029713304,-0.013220545268748829,0
2023-03-02,-0.002285439018049007,0.007668625322374112,0.006049700166473881,-0.002336935578797439,0.008663242754052058,-0.005937116692081856,0.008289439220894534,0.11496861032634098,0.014610860082366006,-0.0007866339107848175,0.033490842728996606,0.0028721139826439757,0.016489866327975777,0.004129099925370694,0.019653315982425923,-0.00043399062951077205,0.018149473800954663,0.00640058326070525,0.027139005479746903,0.0045990950832774935,-0.010382435608140894,0.0024971088435374877,0.0038561916031327748,0.018450989477744928,0.005218660313299761,0.005855367503953213,0.003205673803654774,0.0,0
2023-03-03,0.007744723846127677,0.01853128895693601,0.019447243754458388,0.011192072755827676,-0.006487102779762277,0.01674888744129066,0.022887354388484882,-0.0008575419642752324,-0.004688504415122807,0.010298575018888867,0.022434359223690192,-0.0039052968805444177,0.007289541357020868,0.035090180543891236,0.0166460893372542,0.030066258059702422,0.017934872274199654,0.06142218303983582,0.024706153219474558,0.01265707494103463,0.018359706737145265,0.0012101583749286604,0.022442512167679896,-0.0009808144658124407,0.0018004008444778563,0.016677491122733645,0.021500927282124493,0.00803873781965403,1
2023-03-06,0.0001082823226037366,-0.0008044318407710582,0.009789141268944146,-0.010038637217664625,0.002497160273063681,0.004724807572983769,-0.00011224297398249039,-0.014107049111601544,0.015477713987994024,0.009998788448246199,0.007720476613816585,-0.002875116752728002,-0.004256885557468282,0.018539449633223626,0.006188968925591398,-0.012118034851298809,0.01580356053112486,-0.001889344943717286,-0.014064524409416523,0.008864565532457958,-0.005847455636617038,-0.0001421596215335219,-0.004745846790817465,0.002021393367189095,0.004638779552556871,0.01502078148163033,0.013317401966877584,-0.002126539882293943,1
2023-03-07,-0.018399263786351705,-0.025183405662037583,-0.03579414971648631,0.015860688341872153,0.005846596508106927,-0.011057499097383516,-0.030724027201512016,-0.0026115925216381175,-0.005798525219883888,-0.009449752558876479,-0.008736569900113844,-0.006290845259061872,-0.01987877174846575,-0.014496755307121578,-0.010588999068468996,-0.0021333007812499583,-0.013350041956303738,-0.0021092861119197392,-0.01112524967129136,-0.01933049043270796,-0.02940745233469022,-0.009953944071130594,-0.01589515869674285,-0.0049567061361694975,-0.014351643572161565,-0.01904988283677922,-0.015788519970691972,-0.0031966382554493578,0
2023-03-08,-0.0006615983384062885,0.009978677940372993,-0.011858702593856352,0.01689303532257358,-0.012871932027811672,0.017092969030141125,0.009275497203596217,-0.002018333164687247,0.0004999172327131429,-0.007333527616274593,0.006779494440814604,-0.010023959584046893,0.0001451945025920942,0.008377410115228967,-0.0017705666072322934,0.003955051898638651,0.00415497745256177,0.002493245894812146,0.038345720945398565,-0.014604319593320092,-0.005915381214218418,-0.00825839132408046,0.0024228677536486387,0.0027223904857454073,-0.006921536044863563,-0.002528063916159895,-0.004391242989227551,-0.00534485695809539,1
2023-03-09,0.009157664314779934,-0.011972681592137158,-0.012261967081940828,-0.03121069617188421,-0.00011603719969588422,0.001389921486079304,-0.020613162681805908,-0.023121169525405327,-0.009660190203403585,-0.01124469344642276,-0.006599278529798802,-0.026112288932669037,-0.007341071864794824,-0.014914641457602684,-0.005439442542140349,-0.017781071140368643,-0.020477491264362935,-0.017732616440328308,-0.030809098466018425,-0.007728762582867588,-0.054136610877279945,-0.006734389691942955,-0.031822916988594185,-0.007567464004677005,-0.012090954806350696,-0.01278475047149219,-0.009811365040993336,-0.015582998105655554,1
2023-03-10,0.01787566298531673,-0.005868240896937271,0.012678276135713817,-0.03221628843386315,0.0033341684009291495,-0.019432196029588122,-0.042152453827256964,-0.030998040979189012,-0.00420446428425314,0.002446229171074732,-0.010168091627241527,0.0035566670635394093,0.0045396573105702664,-0.013878665453447514,-0.014782854621059993,-0.0164769283801236,-0.018305831037989884,-0.011998644818272508,-0.020097365408979218,-0.01237066682421284,0.025395109987651043,-0.0014578695677633924,-0.02673174919148169,0.0013386545846139075,-0.006324820286539357,-0.020680505950745665,-0.017590184597220726,0.006004510228080795,1
2023-03-13,0.026691703099825492,0.000733588604715063,-0.02451743930537087,-0.04214782713775289,0.009348143711590318,-0.028439056308130595,-0.037110802350531324,0.013454025774363831,0.010133362333636375,0.009564020651944505,0.0038353419307468606,-0.003816545505499591,0.0069247561066796415,0.013265934498332355,0.021440879761980502,0.01873687738723384,0.005296209729259926,0.007743297951047001,4.360990111207386e-05,-0.011504787610673639,-0.017957249476648562,0.002920344141901454,-0.010366645087535042,0.009765858213765855,0.007277507284367601,-0.006914201421406085,-0.007726412719551101,-0.007053833046269942,0
2023-03-14,-0.0028770205264839754,-0.003315686327392098,-0.046390388758434375,-0.005885496000574197,0.003871752264984485,0.033112658865299016,0.0210452741632019,0.042049024057781326,0.0036782714953411677,0.005618838600861986,0.017191895411190705,0.009304754198523613,0.012379046312137598,0.014089051852270273,0.027055739550992053,0.0265065123894086,0.03139070278570388,0.07252631792120279,0.04776615526578243,0.0037545659268360954,0.025676121525820106,0.005314083005327541,0.008207448652246985,-0.0010361662281702655,0.0019408681877928213,0.023527142280154845,0.019536508521041718,0.007650472943998787,1
2023-03-15,0.010701933132209573,0.00840430019213545,-0.052151985492920105,-0.06315218893033658,0.00024675464840751005,-0.053717972637968514,-0.030917198057501594,0.00010940376729196011,0.006663436481941121,0.0027938308516723964,0.01301119362130243,0.00488078723480978,0.014157830626366996,0.002621503565173766,0.017830263216608744,0.01391230747297123,0.02277324635625111,0.019224877001312146,0.00685712887791512,-0.04974770813168383,-0.04724412593092897,0.011151292580314331,-0.0027849628861257303,0.017864239214709254,0.0018296782516156185,-0.01343485502230135,-0.01047285702317391,-0.007050069722115859,0
2023-03-16,-0.003944760553433624,-0.004305905890596318,0.01094509476540706,0.014444792378631721,-0.01345147816798975,0.01923863927807057,0.009289127951136011,0.024000934200875124,0.005502735545456439,-0.002073390477776771,0.009401697628714123,-0.012952063655314316,0.007473592551801689,0.018693905916010056,0.04053661699491973,0.03991688242309577,0.04380396631303185,0.03630844665744215,0.05419352324520732,-0.005805769235144198,0.01941375651181576,-0.005680791622234116,0.012781931183228012,-0.0006793255812493904,0.014159023004678861,-0.0002294432130285351,0.00499132129908042,0.004369221169038484,1
2023-03-17,0.026472146340867697,0.005789438984358464,-0.02355523988725683,-0.022248486954466573,0.002908325458965244,-0.02751565956798996,-0.036655923911012134,-0.013080815213211472,-0.004643431914643892,-0.01071238656192941,-0.007346338220987736,0.005740830536333119,0.00028002521514136625,-0.005453834101791455,0.011694333777640953,-0.010895681300578386,0.012958535081557088,-0.045478984300004965,0.007204142771215283,-0.01177901161934336,-0.03778206405746176,0.008099811152037839,-0.01156007907120793,-0.007818086461840568,-0.005338921687492393,0.004770075672748453,-0.0002757943175416555,-0.014138227247926793,0
2023-03-20,0.004772008381938253,0.003016575120609488,0.013485189611722737,0.0054610046557928005,0.006097634252235196,0.017632466625294718,0.019733667542182642,0.0021640352127241247,0.009663368946325246,0.009909610389381651,0.003964818513350954,0.01739591892003234,0.015392161863311049,0.015483958622868554,-0.025766590877073225,-0.012531560404374087,-0.00393630948395407,0.01124686130305852,0.006802383471719242,0.026141985970383974,0.010571644073761988,0.010760229237778418,0.01094410152162717,0.01404657010615784,0.01588922587801922,-0.0009725316184171495,0.0034957760904053004,0.019856638507244284,0
2023-03-21,-0.020816467354640267,0.0005878337335158967,0.024985252168185035,0.022631514519767304,0.003773132904811183,0.03734067815863429,0.02503791427271196,0.018515295566587042,-0.00462030633224042,0.0,-0.00802961798828783,0.00828224623034668,-0.007234989990926977,0.011944297645662738,0.005693927625578965,0.029679680207260972,0.03655405015429447,0.021990806037744726,0.01154468974527223,0.044802288349715225,0.026820845766021284,-0.0034066780222600235,0.024623341785176223,0.0023649305877453397,0.006583559824018925,0.01502919275424519,0.017419284070463226,0.0027041949729627035,1
2023-03-22,0.004540788869001444,-0.02356370433257504,0.022645314486649415,-0.03304827643467967,0.005139307461304199,0.009840703687060914,-0.011378006997547652,-0.011500906372845066,-0.004476234300205051,-0.018454699187530843,-0.016321588470303183,-0.011393903673165284,-0.0006245917871402495,-0.00910372340788046,-0.005442747692795624,-0.018984232685839597,-0.01477301746588322,-0.011624385870403153,0.010267589077873618,-0.022888518600790886,-0.025814046199671203,-0.006409292510565767,-0.016987822443282452,-0.008426458543108306,-0.009539938694297811,-0.009983919215368786,-0.008605463473432051,-0.0080905816734812,1
2023-03-23,0.02414218143681035,0.0045998628619603465,-0.013258144163271202,-0.01922476016837027,0.008924567538366901,-0.0011539958315684995,0.003761894084750139,0.004986330702454023,-0.0021649094082177855,0.0005296998530437413,-0.004316973865485907,0.0016083298314326644,-0.0013888492130125218,0.006969272749496103,0.01972178620280185,0.00010133876939955044,0.021572798879270882,0.022371268486113705,0.027315996990852742,-0.011282055144397951,-0.002673373065111173,0.008099194912446261,0.0097998057567672,-0.004872276718408397,-0.011797411785745116,0.009514794819760253,0.011588811243992136,0.003806296266173792,0
2023-03-24,-0.0058682279845786445,-0.003134616072027252,-0.010005674062359304,-0.017112648034712796,-0.00325055660065543,-0.027471077853158166,-0.007241616390469718,0.013977951430871327,0.016355219587165237,0.010057636542020632,0.025470976602817386,0.007760121432779599,0.020376915550534003,0.008305714132662123,0.01048044810628812,-0.005875816395847999,-0.001515064490462792,0.00846874420029664,-0.01515218610381619,0.001160180985584125,-0.015215911491545886,0.00817631514947359,-0.018261461922018163,0.019584430983945023,0.012938429906780291,-0.007731979386195298,-0.006963391190518142,0.00812570695293413,0
2023-03-27,-0.014984083314513619,-0.006183247040206674,0.051256068623570794,0.017094140058980134,-0.005248921648501104,0.012011515382041704,0.01906785340451167,0.006313814190294531,0.007389040980673833,0.00425804074281233,-0.0033028649582652614,0.010355768032180412,-0.005248032500649313,-0.012293045424357496,-0.014933849686632916,-0.0009171134251457769,-0.028262480945358437,-0.015387629419205351,-0.009260832079570847,0.02192609348863228,0.028660620906074907,0.01671376549754089,0.016368948295950148,0.002233568207615333,0.012416466498159862,0.00850347309855115,0.003483494520103436,0.013971153988555196,0
2023-03-28,0.010243802371392663,-0.0015999409499279915,0.005356398883746616,0.010582197035740037,0.002680116800534149,0.013564590584870473,-0.0002825235274884763,0.005437596763705477,0.0011410927595358888,-0.009654305457250656,-0.002651159221899624,-0.0013139341658976456,0.0028090199797976556,-0.003980328208070483,-0.004161067731977441,-0.00815996577200262,-0.01395662324914937,-0.010648826698514635,-0.004560921606998725,0.012476372866355279,0.00303539743663106,-0.003884365238508214,-0.00836636317941053,-0.0003342980800150608,-0.019340126375913425,-0.0008180728190253506,-0.0066724306708702,-0.0079492754119167,0
2023-03-29,-0.003194102996422643,0.009044958357194544,-0.003142018266772406,0.026177767045404643,0.0030025495197298913,0.023034406763387638,0.007159665206169397,0.022568885839404196,0.007163724231547652,0.009814075278455903,0.011562936476991581,0.012631608365136104,0.0030747661480059474,0.019790538526687218,0.019184034346659384,0.0309543624265336,0.003563207041756389,0.02327104220237408,0.021734258120856387,0.017177027606962048,0.0020172605529820142,0.0043171254073854914,0.02161988605615739,0.006910693642333099,-0.01267504973667366,0.014675719444785296,0.013479878865441997,0.014957409483370876,0
2023-03-30,0.007222457361536483,0.007057854698689914,0.019185987425770934,0.023709740587683603,0.00037952901230409175,0.018364785872128753,0.001309783425962996,-0.00020350748063657775,-0.0001615335534035367,0.0007827276707530473,0.0063067268409546795,0.0046777183934119115,0.0043592897575197576,0.009889785750567537,0.012620002064214875,0.0174563591022443,-0.0049314538542394315,0.0121255556412585,0.014786641478766072,0.004864203844559878,-0.0030200552726855623,0.009984073343266342,0.012697382476245966,0.0008856707556030852,0.007436854662838943,-0.0007509117285235956,-0.00420966350271712,0.004210488366396259,0
2023-03-31,-0.005706230646619459,0.03420260061936786,0.01748010453614013,0.023746401647821047,0.005626793311566347,-0.00012350695468155148,0.018589614001178534,0.01617511080111189,0.0029101780611362482,0.010232905483022137,0.006397653912433299,0.005949203645039036,0.008409599274242785,0.01564434135845305,0.014961914704574752,0.012647067799287592,0.02814956728243545,0.01972674548210951,0.014388383257197157,0.001552764187702449,0.01211655759957675,0.01221939041560205,0.02069319948236914,0.008129186148286394,0.005382239130330868,0.011551428489649407,0.013941398949047779,0.008909795946465238,0
2023-04-03,0.007567305441372518,0.00884380436983756,0.0627725666042025,-0.015177699386260013,-0.009290861759458813,0.0023471204293930015,-0.001803463339411393,-0.016468063281135703,0.005964760903278243,0.011935415979192676,-0.0053191269374658345,0.008485562311633776,0.005514850997477172,0.007701635901720794,-0.003711042835785494,-0.008519675143944028,0.0060733419408456335,0.005331696200733482,0.006768236428710717,0.059000385246811726,-0.0011511501092634768,0.00840955331180604,-0.003695152583789496,0.0010970257612008538,0.04570572713008603,0.008420414508393925,0.015701273166747187,0.007272677387989646,1
2023-04-04,0.019305371382877246,-0.009303635871280358,0.003606079608682755,-0.013666816825789407,0.010082984873371004,-0.003574053016505485,-0.01185224788993533,0.0036133955150097208,-0.003044865508571748,0.010455810426410528,0.006390978554239757,0.010963699162288343,0.004815706405191467,-0.00324950415198344,-0.0001742908350540473,0.015037527888523972,0.003449583610159568,0.007743855745474093,-0.01830868102549721,-0.00955834742926609,-0.013368044458231032,-0.009818940803781984,-0.0019045164054625197,-0.003561566973547814,-0.0019021417788349648,-0.007013022106775457,-0.005851642469243634,0.012893330312118811,1
2023-04-05,-0.0006428280037585887,-0.021324705224651685,-0.001238984949267996,-0.013561183429525947,0.004384046445045309,-0.027087206661800423,-0.0034710109394764377,-0.00958428881299278,0.009484014563401422,0.04492399217930587,0.015163359353612238,0.011601688627332019,0.006856260716211704,-0.011290499717199198,-0.009889343162894693,-0.027417013542964663,-0.002387245659184134,-0.01508947486743506,-0.020835494436502455,0.017127640457267113,0.001491059183322374,0.01657264732440078,0.0034146766291431874,0.009843436631563174,0.03239737584628499,0.0012660325229498781,0.002240391040060352,0.012219791131864666,0
2023-04-06,-0.004453461275309434,-0.0002081785684988624,0.0011164413498225834,0.006873867751216123,-0.005179136878680546,-0.015255519459866806,0.0027057154802485606,-0.014131359660242704,0.0006368639391605146,-0.0027776936195730295,0.00817057338382976,0.0005830294678099701,0.006346506989205247,0.00549598577509558,0.02553301334698288,0.009495540049077267,0.03780983058689702,0.02184614011759156,0.0058031804691078825,-0.016582554223470214,-0.001097225581232819,0.0075500210304342286,0.0006003864589108066,0.0039205488694094015,0.0070302317033585915,-0.0063772342427093065,-0.009554428187911967,0.0024488173620547116,0
2023-04-11,0.007893053860986932,0.00892949383474706,0.022447967939319913,0.017957079703620593,-0.004054300117389831,0.01203726015139317,0.007416389615003904,-0.013577745066114644,-0.0017545494016697472,-0.00030442883187153935,-0.0011477057757304232,0.0025415579601864025,-0.001986975832530047,-0.007591223019847604,-0.022668513193573436,-0.022022120390757682,-0.010240599195165623,-0.004190922995078172,-0.014866525943342146,0.007071821651531529,0.004926159578825029,-0.0029235698685410316,-0.003868803505933438,-0.0015284026609032608,0.011238810213678452,0.011079088997010267,0.008921244716623145,0.006131704223795609,0
2023-04-12,0.003042685274026846,-0.011335493603915392,0.02121922461469361,-0.024291313822156213,0.0044325122994950394,0.017393543573325232,0.008766998390839387,0.0075704850519449085,0.0017576332560473862,-0.002130731371653427,0.0031913540241987892,-0.006337305566918805,0.002721202740757933,-0.004353181832691622,0.0023337470042132935,-0.020916697119598093,-0.006739499888544387,0.0007014387880750483,-0.024807577628277566,-0.0010406089882221137,-0.00015572785436901437,-0.004864205135116317,-0.024696136042788308,-0.001968083856172198,0.00042232857025270576,-0.006453901078859903,-0.0028015051204758334,0.004063121364210831,0
2023-04-13,0.015117620988104763,0.005887798399371036,-0.013211607565434269,-0.010966322225789527,0.0075459674748579175,0.004776753677291579,0.0057228142101202195,0.019440904451174967,0.007337858050001644,0.013360299557680033,0.003308120977464357,0.0030614548988245893,0.004633490697655729,0.034103644129081845,0.022399407471204835,0.046713683014299345,0.026662866200925617,0.029672828527691708,-0.0012078570146598633,0.004686243767601184,0.00381327652947272,0.0010042523362814304,0.029609923906932956,0.009969258431502537,0.009670227417068133,0.021753650740906405,0.021421308385808357,0.009610575567075674,0
2023-04-14,-0.019154507774933327,0.00013690551532841155,0.004381608628421407,0.011986683226377082,0.004974544770415257,0.004754245737883744,0.014422186353153732,0.0032470457364213168,-0.001583601233798193,-0.0016255545130023918,-0.010526272112507229,-0.0025433755121849755,-0.005073409648578497,-0.002113965095644099,-0.012765688965615474,0.001074224694457282,0.013404023213082317,0.005173610499870529,0.011147548892720183,0.002418687953309906,0.07550982355159896,-0.0067562616061714875,-0.009321726525648666,-0.004718441116551175,-0.027440582607920372,0.007520692298259357,0.005715679188707634,-0.0015031164059009505,0
2023-04-17,-0.0039956049321235865,0.010985901456731728,-0.020479821628224926,0.02428168519602103,-0.006152516278222664,0.002365824915555592,0.008191865060695802,0.012484091447927614,0.006502670435230451,-0.0010250250817465112,0.006665117597869585,0.0061192420714435425,0.00033109334108183397,0.00012080449599238818,0.009296281651770544,0.0022436418178335416,-0.026637211399632377,-0.01187417598840912,0.009119031474686956,-0.011632937794707976,0.007929058790850707,0.007004376886235786,0.004004080169823343,0.005122265548227256,-0.012583181762201412,0.0008861630501584283,-0.0023072686395010367,-0.007024494218045518,0
2023-04-18,0.0066192325571117205,0.012017416884650967,0.00037113421523327084,0.02226087282391842,-0.0055719125780892,0.004223531394238256,-0.01698664917802506,0.0072052352734306435,0.0015759318292380975,-0.028128179584717472,-0.0030556926909685034,-0.013177609850520189,0.0010594801053303016,0.007504929204164457,-0.001489166964713684,-0.004282604839014548,-0.013871824895793528,-0.00443187883487739,0.02462768722095432,0.019529261008565113,0.011227790630378154,0.0022069177926693495,0.006281153933539008,0.002060164232263517,-0.0017214290928088127,-0.0011805880772539634,0.0005138524375003506,0.001515568853123872,0
2023-04-19,-0.00607754961333562,-0.006823808401748899,-0.021023954185137028,0.016120013523595045,0.004576713719873782,-0.007298323713307964,0.008924667295919564,0.002115710891371636,0.0018880104991931823,0.009440473220135193,0.00817359665466344,-0.008731497577866398,0.0001981589134965045,0.006968253240759781,0.0002775889356008143,0.019550341547772243,-0.003062245827151422,-0.010051263357596318,0.009542079785020086,-0.003164022415333867,-0.0012730143361516788,0.0010677629064188565,-0.021599202148436136,-0.000595095955184366,-0.036235580838974935,0.0012892770322010527,-0.004409173619554729,-0.006054134159567126,1
2023-04-20,0.00621492818641034,0.005590941006764716,-0.023623075544109917,-0.03590320512792311,-0.0021137596072823284,-0.0063551835112907185,0.005402259254783992,-0.0070881772748977445,0.0043969023032426335,0.006460213776599444,-0.0024068322238787188,-0.03652861053422929,0.003666098067681034,-0.0058462680178444915,-0.008112329684138775,-0.0046980391066805405,0.010654698146192354,-0.012192629502087216,-0.029608720571860925,-0.007977875194224437,-0.002903146068538698,0.006399585788146922,-0.006885983837480736,0.0033023616665588396,0.00259157305511315,0.0059013064025081885,0.008728502673782446,-0.10406115043842223,0
2023-04-21,-0.013996800123359354,0.004923482414079361,0.007504228544240599,-0.008948972862954818,0.0017114824208963597,0.0007525809538198036,0.008709271254603301,0.007695762128016481,0.0014071851845725014,-0.005440701320721164,0.003047650579814265,0.0034954378187335156,0.03460377989070307,-0.009781290260444497,-0.0012234962589628973,0.03034391291745231,0.001139753469372673,-0.0008448079062576275,0.0005533380273397004,0.003199517125546558,-0.0019176388507826658,0.005034345199820711,0.01529520604606116,0.0004315624207447133,-0.007467228728636921,0.0006398240351159767,-0.0023443142797234806,0.03229467913887474,1
2023-04-24,0.00484969718915762,0.005332658331947071,0.011429297011133155,-0.006117166919869854,0.0019455441063704892,0.009648980492296122,0.006732073719895482,-0.0206500550702452,-0.0015613492800415907,0.00608511298433867,0.0006330821254396657,-0.005894971794361381,0.001794441192976448,0.0018788080915894678,-0.013962748076587705,-0.007011967150520215,0.0053125021677833395,-0.00046990327035034696,-0.002839231260834074,0.01887762934533921,0.0013520379654314851,0.006788089015034027,0.0011046646436345675,0.00048539030395367,0.010582351312718563,-0.0013589225327927945,-0.005511732945588488,-0.03787039086635313,1
2023-04-25,0.0024634379740611223,-0.017603689179461646,-0.021457623102689505,-0.029601567742078227,0.006115940312673818,-0.005088695557865508,-0.013024816742307377,-0.021803793650332248,-0.0015635282914913118,0.009164168794091765,-0.015435477781795659,0.005391071041387585,0.00025549481236053495,-0.009435891298202104,-0.022536030965919385,-0.03427172037496595,-0.02000563786664933,-0.024625059868676247,-0.029620745724397435,-0.014213200028714734,-0.02174386617200086,-0.007789977204709531,-0.016753618209364496,0.022695496236578183,0.006094907646164938,-0.01654537339277007,-0.013619221407916049,-0.0011408122871476856,1
2023-04-26,-0.00416251194991224,-0.027874329702941125,-0.035941308603020916,-0.010872707506663915,-0.007333535186277218,-0.0034930083224833375,-0.008601381511149864,0.004457861457445533,-0.004698785047976495,-0.015498274267084167,-0.04818802525254762,-0.01018784917094584,-0.01157369997886648,-6.098071958193785e-05,0.07243472680382146,0.023496184744855597,-0.0013480392247692263,0.008913575687187203,0.02724748863210036,-0.009182968106184353,-0.017723442508068676,-0.00435437350763046,-0.01428428747646393,-0.006167408091419246,-0.018234644739593908,-0.0048028117017703265,-0.006272071046159233,-0.017704279561858383,0
2023-04-27,0.002115160067214017,0.020342107902016293,0.006191104516539703,0.01771005083985222,0.006274821933590191,0.02078115957358251,0.014975218059221307,0.02307861703042491,0.00204580999732884,0.0023369590061665946,0.024031637170572218,0.05065022851359058,0.01222670480625454,0.028395358326662734,0.0320276447534491,0.046103983455159314,0.03741190163189101,0.1392548554713886,0.010016401290775523,0.011953191122012319,0.013458786698231195,0.00311448762117017,0.034365040682721615,0.0060994463579460145,0.015570888536604155,0.01884071051847136,0.0037695350464899136,0.02383720084670582,0
2023-04-28,0.00010048302398191211,0.022488159316431222,0.027019751007838266,0.02940263463125059,-0.0013789595313846714,0.007603751543936443,0.005386390491630699,0.01240166065305126,0.007380564029028536,0.004294459453421551,0.010282977079691502,0.0010311894565637747,-0.0005751660584908391,0.007541210217968386,0.007971635096885699,-0.039792412663683385,-0.002323636657342809,0.007377645707696168,0.019209637714524774,0.012924807515965142,0.008682784758846207,-0.002708483020567365,0.02571798286260507,0.00632608553310865,0.0033031657207840404,0.01702043159501665,0.0162438395423119,0.0034070829772920863,1
2023-05-01,-0.003366640497496798,-0.009449381254780231,-0.014587068702708761,0.011949933871926,-0.0019159632229287515,-0.0003652068883337467,-0.00835687505529037,-0.002923793563459842,0.002338275036696924,-0.0006109587131323257,0.0022187265689632696,-0.003090442746799593,0.001215068119789775,-0.0005306244616414268,-0.0055326446553923825,-0.032242712137328766,-0.0013043532197123398,0.011900841818569985,0.041839274771485746,-0.03101231129971771,0.021411983791959965,0.004106738244160191,-0.002829348919638597,0.004138623602434777,0.007335836679302377,-0.0004475648363199136,-0.0009453680936113429,-0.00962084872861102,1
2023-05-02,0.015579320375974648,-0.011487979676346849,-0.05286809154627636,-0.005472499036183187,-0.0037843921728094587,-0.008888350396564437,-0.021140753738928875,-0.01997061040389192,-0.004510040817008787,0.008740614614532571,-0.011197858693802298,-0.026866397415710952,-0.000894249148043591,-0.006191284049524737,-0.0004906851432548986,0.015482549283793778,-0.017537204847502652,-0.016202111732070645,-0.024212934835281752,-0.039853577737806845,-0.016147338580370874,-0.0027046529049651324,-0.015751810555149626,0.0029738185410834728,-0.004659985762121566,-0.010082539670059232,-0.023783948015402734,-0.024571203686070353,1
2023-05-03,0.007099203897717121,-0.0040780014558414734,-0.04270171687984825,-0.011584006738920016,0.003798768201457303,0.010933589891614304,-0.014158657152554599,-0.006345565871682446,-0.005624081226467403,-0.013088324327204415,-0.007242712105866911,0.008229311410016704,-0.0012785208079367782,-0.0064673342527648,-0.0033072803611818857,0.00019303553981586674,0.0008546264604893938,-0.009237473495794846,-0.014463056005461272,-0.019709287676261122,-0.021163165443148335,-0.003704096244794952,0.002584612563893751,-0.00036429109529689807,-0.008005671137378934,-0.003005025474871803,-0.0044056278922439684,0.0011715546166066737,1
2023-05-04,0.009563257738115283,-0.025010201386573838,-0.0005831037378584147,-0.030764551836640952,0.005268809311456124,-0.006562168681777614,-0.02248578108119692,-0.0011941277636920988,0.0010996611901064046,-0.004543413570049282,0.0015916838967413582,-0.016587658763375757,-0.004608396880312671,-0.009913389693038233,0.0033182547599830414,0.0033767339022539034,-0.006830443381515616,-0.01480832271506305,-0.008632439800090874,-0.017511332315720884,-0.013678439774638229,0.0027989796017269253,-0.0338093447024318,0.006244298386876235,-0.004413333085882876,0.0032543298395864007,-0.0016815510295503655,-0.01053251807254485,0
2023-05-05,-0.014941394329071045,0.013543495382669857,0.04054840837648799,0.025997363449433486,-0.0041556061589043125,0.014801301572184622,0.017929186874075187,0.027081746635690074,0.004708108661940713,0.003392191418378765,0.0,0.012851545065717174,0.0033436482223911934,0.04692704885624588,0.017157043232610247,0.015961573674128537,0.008405726413525993,-0.0031688625929527925,0.04056289932665491,0.024896187494988675,0.01953454815283262,0.008639731117561444,0.031503372281354025,0.0046023298026396375,0.014365306733590932,0.022705504819751976,0.027393579740887297,0.013010047059491159,0
2023-05-08,0.004411630963793378,-0.005835188141503411,0.025511738402656636,0.007660792394982963,-0.0003856510137344449,-0.0077145622612524445,-0.0015592349388869886,0.0015689323890777374,-0.0015620154156716914,-0.0022744117078202786,0.007283846829240215,0.0,-0.0046787346276842,-0.00040347823973774233,-0.006438164760554477,0.0016089169321718,0.020839111403526456,0.002105051694247795,0.01642266194733244,0.003956616430771387,0.0024134559666857403,0.006259442822722505,0.024373153623098442,-0.004735633879752621,-0.003358392229412699,0.002209675028140623,0.001941418187900723,-0.0005837920088797022,1
2023-05-09,0.004885704044411021,0.00920344188592348,0.007517706326306994,0.0,-0.0020453015080595938,0.0026724582938160157,-0.005329197438849187,0.01657407254163834,-0.00829167277253251,-0.0077628690348112706,-0.006310872628307873,-0.006873043540259194,-0.010238070857914727,-0.009970989860081492,-0.005345939305641756,0.00746481056277859,-0.0038971611131799477,0.00042871745777484094,-0.019896442643381085,0.00027505001319538813,-0.004815230575567764,0.0017024420276254837,-0.007672043047318944,0.004085702063437058,-0.0045470947684815854,-0.00666646275734839,0.004435320098608253,-0.005841064544739538,0
2023-05-10,-0.0027993081762891503,-0.005334038527428753,-0.015601703163243719,-0.01169612538113285,-0.0028618103774721293,-0.007148006578878818,-0.006835760438988703,0.018242307746912267,0.0017353067701140201,0.003725549874177281,0.017332646491863946,0.0015971074104659255,0.0020817671702819673,0.010420706715057015,0.017296238792208873,0.03348339526223332,0.040987507768746934,-0.001242662093529412,0.01099027685174403,-0.012827535283410296,0.0005131910122093686,-0.0028107592891436495,-0.010178125278439865,0.0006697284414185489,-0.0006319803151974002,-0.0010446419083230962,-0.008531372617781252,0.001175263666047588,0
2023-05-11,-0.0077813586939793344,-0.004636187668525693,-0.023290998744135982,-0.017159480344550615,0.0017684600274869844,-0.007809641040919635,-0.005673628738394609,-0.006736588996462567,0.005669383800145367,-0.004082945741906263,-0.01027438398701741,-0.0007973434588023354,0.0023372171160886968,0.0010946186150746495,-0.007044120058979586,0.01805969525073481,0.04313197241296085,0.011626808856860515,-0.010628364228266296,-0.018099306579744012,-0.0031506788942813335,0.0037363851098006773,-0.0873047839775718,0.0055076640970381785,-0.0026732818434270778,0.002222002451920835,0.0008234073738189185,-0.004695069073120006,1
2023-05-12,-9.924612931011545e-05,0.009663133904316279,-0.011711609974429105,0.00030062461395852225,-0.006547357479011251,0.000983901296554901,-0.003803658794731768,-0.008158401725624098,0.003914690863155101,-0.0013046109073018286,0.024441364415390243,-0.0002656564606678957,0.010169260580616069,-0.00541739551780096,-0.003676009102074884,-0.01711533396079623,0.008063773298387922,-0.008397257774486078,-0.008328081676126975,-9.453365608591557e-05,-0.014332941948008382,-0.0003264869655020819,-0.003466543710323622,0.00399298663924208,0.005053549331390128,-0.003834297642284268,0.0016015881558304468,0.004127438934331762,1
2023-05-15,0.0017374038222883748,-0.006644182948865374,0.015276980023382736,0.014746159149484406,-0.005447918677449981,0.00872335588197437,0.008043787875940733,0.0075320181728986135,-0.0026516593270692335,-0.007649917562079445,-0.005387031331663739,-0.021814567741923252,0.0003204868331372346,-0.0028974533226713284,0.0015860601324197976,0.008525256609829501,-0.008509785388580937,0.021598748194815665,0.02163017306970949,0.001907202559125576,0.008426664284247876,-0.007774441548514033,0.009457562649872742,-0.009432817414919303,-0.008895842039038926,0.003901435816032972,0.006180210281266252,-0.00469769320355784,1
2023-05-16,-0.014667976008888806,-0.021522512380826697,-0.0035156799023231544,0.0029654198433022305,0.001935433839248324,-0.012180276425783232,-0.00391205947592288,0.006049017694035319,-0.011260477737692454,-0.0013161750275088036,-0.02192427412883502,-0.019581102866168876,-0.0017303726627959648,0.0,0.0073675601321208095,0.01978421437062372,0.025748734374109183,-0.00016755103540100347,0.008980153186149975,-0.024269453121730566,-0.0067292113063371906,-0.01382643211924972,-0.02024559336165266,-0.004324106909191827,-0.014665446752862188,-0.008268018432880608,-0.010050972679651382,-0.024778707870776295,0
2023-05-17,-0.0038724970567511896,0.035632288279771274,0.02780131532224872,0.062389075882029355,-0.0007388021428880176,0.03181256180161385,0.029207142453174573,0.023562883630180442,-0.0011072071668818406,-0.0021964458355361316,-0.006592885608092014,0.0036060386922049936,-0.004237937801540914,0.003603181664488808,0.009451623705137191,0.018518504813616277,0.011128740201980625,0.015367198064332399,0.0330331086746094,0.022434501522681227,0.030747372981733134,-0.0016691526863419348,0.019674756202942234,-0.0070824375693597785,0.010610221249706564,0.017778486169479413,0.00945879331250965,0.007864425638976824,0
2023-05-18,-0.012217878410890615,0.009473549411307403,-0.01331870378025335,-0.0011132307824974763,-0.0025144866312231118,0.017686506275558234,-0.0018172666407433313,0.0188173408165091,-0.005542504591107278,-0.0032078791837106824,-0.0031855917585492666,-0.001381858663886959,-0.016443361949724844,0.013666265907187558,0.014394804693056207,0.022943736154795724,0.016468138405180133,0.01798027775825828,0.049705169205104704,0.009063168865749427,0.007583906253445072,0.012974087960955671,0.010671573199500628,-0.0026034606448210873,-0.011509631965900713,0.012971437786668538,0.004083509493489013,-0.006602535936182097,1
2023-05-19,0.011346767785266998,-0.014500628781565994,-0.004313909768449031,-0.008359031364536529,-0.005808049922436109,0.01232968825889924,-0.010407275734403254,-0.01387568157732122,0.0004778819480495411,0.0027132309504429575,-0.008255791352682174,-0.0022142830621967313,0.004195962197993008,0.0006282885180139974,-0.0005652041387249618,-0.01608126535201726,-0.0005699310756250853,-0.004901870611443093,-0.013068959167602423,0.004632653691801325,-0.0022940000000000182,-0.010299103012575084,-0.025703920618124765,0.001461789865636165,-0.0008555200370224947,-0.01645316242200434,-0.0012413683024126154,-0.014501615435741688,1
2023-05-22,-0.0019709417496271975,-0.0007561540127926092,0.006149473001328065,-0.003652758423913882,0.00439415257651854,-0.012179518591522331,-0.0037710803329927822,-0.0004755121920838601,-0.021009211138365402,-0.0053892857387999316,0.0013429474085664417,-0.002496604849236861,-0.0261801682545878,-0.00548067842260147,0.008921353851332858,-0.010666648290490577,0.018654302235723508,0.010910366976070174,-0.0028146854664490295,-0.012140068408860949,-0.008262247713902715,-0.00880537918523483,0.005144975943223384,-0.027106045135773416,0.0037592704317348513,-0.002697397204144414,-0.008701115885030086,0.004291929271147188,1
2023-05-23,-0.001215325275835788,0.014725125364157376,0.01277963363856216,0.012690261983445694,-0.0010810927507085566,-0.023602635016292006,-0.004154915692492378,-0.017216651228300628,-0.001788276621185858,-0.00038275002441956474,-0.005631734696219026,0.007786596597949558,-0.010793636222965919,-0.015155080503892138,-0.01843177862220058,-0.00017393506729301844,-0.019912052398757818,-0.006362726947799047,-0.015653208217690673,0.013622998544395859,-0.010432697103704425,-0.0018843209931262983,-0.021781817941860515,-0.0030537576338227623,-0.0024550891023998878,-0.028034255720782553,-0.02896900301394434,-0.017094002261327734,1
2023-05-24,-0.004867154465174606,-0.013019615163182285,0.01961312033953999,-0.0272899566422381,-0.00382326003791833,-0.017197775773651225,-0.011620398152073275,0.011711114474812545,-0.00846910183716476,-0.0009562324251267684,0.0010787221712360573,-0.010209883810633813,-0.00826861197864226,0.0016322816070757362,-0.004472783756645948,0.015305697616548875,-0.013544377435118826,0.010010549865002716,-0.004887769086542093,0.01118428537259919,-0.009151548907357365,-0.004585200516519672,-0.008349864125256845,-0.006341879824650731,0.0028990597273395036,-0.014046706871544634,-0.01037500860945273,-0.00931674934999216,0
2023-05-25,-0.010036719356079749,-0.0149433740423488,-0.033763715771890745,0.0234751892369347,-0.0011510590374074203,0.013215780233833074,0.012726421647274222,0.0040657994525374885,-0.007720081528982181,-0.014362424612526903,-0.011449185699959008,-0.029272339424767924,-0.006423555633985334,0.006692145706898245,0.03845788318194354,-0.01498929336188437,0.021340108601566987,0.01396394354212771,0.24369628722127556,-0.017938403195480457,0.0024383000643664055,-0.009957176500288156,-0.01044141893890993,-0.005895323678073661,-0.006509513336383943,0.004179108913240137,0.005084502443308381,-0.050156887975605136,0
2023-05-26,0.0005146415586252395,0.02120290921809098,0.011694226875648805,0.003916202161638349,-0.0030564423990097067,0.01594208605962022,0.025102026764685093,0.026344567568990618,-0.0024829687705134607,-0.00038830854738303167,0.013685624093538573,0.00516959269768269,6.880302733325294e-05,0.01410466667263477,0.021385658534140095,0.04443478791610045,0.0091511807371909,0.03700195862228428,0.02543447999329307,-0.006530579191226238,0.009360886595707107,0.001778932488419871,0.0017018928033405434,-0.0011969543614621658,0.007996683366151558,0.011701386173909478,0.007296905890092464,0.0231023867700475,0
2023-05-31,0.0030132913248530624,-0.023629928823479474,-0.019723621719544338,0.0013783048734563597,0.002372124382281404,-0.02215347194076256,-0.013492587069181106,0.020605991746908137,-0.002007533165664377,0.004469833934594325,0.010592891140857041,0.02091711133210783,-0.004749312810192863,-0.0002819456767194639,-0.008514117811373012,-0.00887721353399118,-0.006468767463758351,0.008380545042673715,-0.056767309665722854,-0.01787769910079129,-0.012730818048738435,0.005545747682647262,0.0015942092356613369,0.0040748492387512325,0.01540056392857303,-0.006748081038264742,-0.002752335205129186,0.005754390311692115,0
2023-06-01,0.007179579108230971,0.017428388314068455,0.02951978622903728,0.0013761902016475869,-0.0035294963065128915,0.03276498369356706,-0.02315538503073622,-0.04691576808014142,0.005698959857664221,-0.003353703531447816,-0.006806654740137308,0.0025260340033350648,0.01024605361293296,0.016022403354387427,0.012759088721753242,0.01816217265513176,0.006917881726974606,0.029804858403460033,0.05117073244659087,0.01154824584795655,0.013779301286559464,0.003676720986388382,0.007162344080219096,0.006101876772927062,0.013114761985231427,0.01605390206738755,0.0247478194354962,0.0050860052450332205,0
2023-06-02,-0.012942353683487062,0.02617973689643005,0.023395141588396395,0.017317187339938034,0.0061336817148627265,0.00424569545889697,0.022914038004224535,0.0006107034529461153,0.019333321997342834,0.01572393707235098,0.012198755606738887,-0.031915123432684545,0.017782530251135853,0.004775489232899055,0.0084789515002619,0.01205508998453797,0.007678568095709215,0.0,-0.011138952645682654,0.02321987501001943,0.02100599527985847,0.00956512295116152,0.024607740850572934,0.010264004750123235,0.012053486600682062,0.007684241696718885,0.010110359932210988,-0.03795072063519467,1
2023-06-05,0.0028682521593483834,-0.009596315420774992,0.005715133458575661,0.0024317571920395853,-0.005777239184238336,-0.004697558145062564,-0.005685056316460657,-0.014880600409204359,-0.006703688562993637,0.008600608487373984,-0.003520800069167662,-0.0034700627356363256,-0.003958551622609274,-0.007571176349263298,0.0016102759043896686,0.008450728786783213,0.010748513794702985,-0.00447481231197322,-0.003967057887222403,-0.004444152287783276,-0.009824274851167214,0.006585089692271229,0.002533877356833525,0.0007061999978277278,-0.0027822530664869394,-0.008588974828122709,-0.008828993201236313,0.011834292985768213,0
2023-06-06,0.003830439223697635,0.009893986978255276,-0.00568265631931153,0.014555255088464447,0.0012318024997735044,0.0008260758318092698,0.015506013963419107,0.014247578865770771,-0.007242870161462078,-0.0008843077971836255,-0.002853731479884214,0.006964567602131266,-0.009935767007783647,-0.0020601499985813954,-0.0067275779079795095,0.010454888481148839,0.010316520126969264,-0.0009950660739981299,-0.01319825536488961,0.008168047289764058,0.0017976363000054008,-0.0001333944264020337,0.012747356893047401,-0.014278500108081293,-0.021317188235705498,0.02547752944375148,0.0063940588338382565,0.01819361653050877,0
2023-06-07,-0.011600126597875904,0.019256932716038788,0.01101200082313225,0.015675048258418478,-0.0012837051905092434,-0.0037727427197589147,0.027386811284920265,-0.033450796412805905,-0.0014922098085279334,0.002149340014787393,0.01076591398605542,0.01613805645264632,0.002145604638563281,-0.007756244559771086,-0.030868037453867903,-0.04249267220189956,-0.03778178769285234,-0.027736764287919602,-0.030401198872605617,0.02242092831091025,0.009688521649472648,0.0014687185834938443,0.0039061019138431075,-0.007986396698388631,-0.011157283170498022,-0.022554893096044526,-0.012926099664541058,0.027441006356959896,0
2023-06-08,0.010758235929050786,-0.0020221685465696693,-0.017096344748918968,0.023018672175578292,0.0008779639082063806,0.012307658090975115,-0.0008340051789644809,0.01847091797903766,0.0024908724830436935,0.01097654728582298,0.009842187398502622,0.0048213927866507245,0.011326116224402938,0.015464884026650694,0.005813805496658997,0.024911297199049942,-0.002938826330582067,0.0037176262456564135,0.027618362333747593,-0.0031327170620646383,0.0002841641148083607,0.01446660954382395,0.00010809955705548546,0.011048819459377635,0.01680044092767141,-0.01023181074484214,-0.009854802357204373,-0.0018634204942354904,1
2023-06-09,-0.0007129886084077386,-0.012421596749662811,-0.015710516653087758,0.004346310355176408,0.007030353420354185,-0.005143810752080813,0.0016395396055677303,0.027585538609797178,0.0016565251819784521,-0.0015600351644459165,-0.011081288078990448,0.001129049303360885,0.0008192624255274339,0.0021599166804744385,0.004704008775812563,-0.006599595129369917,0.0007369351400658974,0.0013986038396445188,0.006751601105886573,-0.007394470792213004,0.0019894000511022636,0.006045781407165052,-0.006484421952264285,0.0013728015404406158,0.006915125493007768,0.004434225541616543,0.00228645298344321,-0.007467243470274609,1
2023-06-12,-0.003516411433824196,0.0118043292100809,-0.04346580450265847,0.023421652117238123,-0.002945761613426079,0.020916528019997216,0.01032690448429352,-0.007523978075046234,-0.004299814902928412,-0.0006872964549117233,-0.001215166374710086,0.003947215960332873,-0.00784646302022951,0.015638632178717415,0.015484022972708233,0.025439515368102628,0.01153555587335342,0.023023237033779287,0.018364653363384553,-0.009032424007134887,-7.064706425952139e-05,0.006597519417349096,0.013162281564853773,-0.0024677480841736044,-0.002086771685253952,0.016494162391978318,0.01167475945674834,-0.001253963190227747,0
2023-06-13,-0.005472343361623944,-0.0025924468267671807,0.03426691490235978,0.033831055105600916,0.0011193590458071778,0.020718265241865375,0.008866037839563301,-0.02204126243459903,0.003986253471218948,0.005253106444854216,0.005001448976860168,-0.003650861225468205,-0.0024073175322217866,-0.0026116227534315195,0.007352617315028009,0.0007111003199982147,0.0015366700688308477,0.0009962007848303145,0.03900523192748784,0.00018800622390746646,0.007234095401691842,0.00778723753944166,0.007622879520181369,-0.0019791754860548627,-0.002598403786687409,-0.010471201150400455,-0.012247458280195689,-0.00690531397897276,0
2023-06-14,0.0055024546829809395,-0.0012330410223980737,-0.016565853589914914,0.015158786798774582,0.0024492036405445727,0.0021425282576084115,-0.011912337295190811,0.0020096115214063293,0.006782354432401938,0.005101316563047353,-0.012777566570403187,0.007046211662459223,0.009375637546675142,0.0034914787019293403,0.009123922719391553,-0.001894879884926648,-0.001292019779476461,0.007481827586077738,0.04814482533528408,-0.012025670586328752,-0.0037318788242975964,0.01010944353330534,-0.014917370270066344,0.008978781227134913,-0.06401268221102951,0.009101228453475496,0.0001788743573212237,0.001264267753941617,1
2023-06-15,0.0012785761456397537,0.0077073136860850155,0.034422238451278675,0.01635446281631947,0.004976929014374631,0.02239228361492729,0.0039004009524725713,0.012034450182418555,0.013741685236666967,0.013431789689174689,0.013079335689851757,0.019871226927238528,0.013864224431431316,0.011198445855741701,0.031896344488388184,0.005458016543269828,0.011482085587640967,0.031022416534897346,-0.008000451576027023,0.006941744782854586,0.011308097103252646,0.0054821938181977,0.005300122523307804,0.013866854224415137,0.017271745436820307,0.011420517747516401,0.012218258524726133,0.011995019375078853,0
2023-06-16,0.0003064539641302044,-0.005429802981981591,0.01642588484281804,-0.002098864992649885,0.009490087025812999,-0.010565662947838561,-0.00420903357012159,-0.0007550431985352546,0.007186081385546217,0.0030536399593796837,0.01654085981801212,0.0005488778172177966,0.007342480203757384,-0.005859740211301645,-0.016575694885077263,-0.012744888197649074,-0.012470950709858597,-0.00294507260984167,0.0009142891757858429,-0.007177189794026706,0.0011880148819567449,-0.013947890185112,-0.017430534359547,0.0017770007314914515,-0.015883548022145866,-0.0066219229678191605,0.012114755411116729,0.0018714158623260868,0
2023-06-21,-0.0011366319668689728,-0.0023553497355693898,0.028794308926196832,0.007297465786616941,-0.0003603241433216553,-0.003400746188624293,-0.01708386901086778,-0.034014028375691896,0.0027752015967901222,-0.0015231497966580188,0.013643736667676043,0.000558666737124458,0.008639220197942832,-0.005675205101649539,-0.013282108946105597,-0.00755284590127181,-0.02071486984833315,-0.009460774404522199,-0.01741699753011705,0.011195495754130702,-0.0014732936593793156,0.0019460899415228994,-0.01236762934058544,0.0006476766246794607,0.015679873937659794,0.0040576027107157575,0.0034441853371156572,-0.01077315451813532,0
2023-06-22,-0.010655406370437381,0.001596352196161499,-0.04163789733756951,0.0035056505375217206,0.006617638951915028,-0.009781584889155481,-0.01688891368688672,0.017653630788407204,0.006837034169095091,0.010617538227538192,-0.008577551937198002,0.0005580234743598478,0.0034128573309326615,0.0165251012704688,0.0184375400836998,0.04261789623803569,0.021567818316261755,0.011504145897645257,-0.00046448030904500115,-0.005487391976113254,-0.019252226866123268,0.008351634589423673,-0.0016922925188384008,0.010354199831680289,0.004824315939748081,0.0044131666958644455,0.005016610886398709,-0.0019218407248275948,1
2023-06-23,0.00334606816408467,-0.001228428162972972,-0.0050352246204099504,-0.0018631732811895674,-0.003068550813546622,-0.02044563059505977,-0.015238656241276294,-0.015002995533772712,-0.01050931536589561,-0.0008453303842974602,-0.012777937050492238,-0.009483956219091039,-0.009936572733467264,-0.001711167256558288,-0.013805750439727427,-0.006300361919969633,-0.006577520938745862,0.013514614608708397,-0.018966016861958646,-0.00871268510151968,-0.005230176195396563,-0.0018618459445275404,-0.004407348052178572,-0.006831908658773034,-0.004279175832751614,0.005320294387536562,0.005078950504080693,-0.00834403666410477,1
2023-06-26,0.0023969442157556475,0.02353621270721007,0.0030364238483653327,0.0065329102847464515,-0.004766237771259507,-0.006332092424289337,-0.007467121011281552,-0.012994384345324517,0.0003267382676690467,-0.01117955722004682,0.001618000045403356,0.01689658132824956,0.001010144085161535,-0.007552809190093157,-0.019163237197330263,-0.01546431587167707,-0.03269571491405754,-0.035535027817151676,-0.03736158715299498,0.018457063072850888,0.0024487039256091414,-0.0026374582195191065,0.006810483231697084,-0.006341955509429287,0.004318570061988103,-0.006292554857220134,-0.014157946722988868,0.011650459714199313,0
2023-06-27,-0.005042341018913099,0.019000312820005583,-0.024073889753768674,0.06838201749001915,0.0003492116615053664,0.02194955859864245,0.00348960972738932,0.007040868101495068,-0.0021233432586489354,-0.0020779558654999697,-0.005114885195590557,0.01218520544407209,0.009487896876733792,0.015059004036636514,0.018168071304143663,0.014529104045574393,-8.442425778198981e-05,0.030811106374548425,0.030616256181963175,0.002493266057257637,7.192453913162922e-05,-0.003611701758127972,0.004058559867284428,0.007193592605798438,0.0073060477027127035,0.011578504834681036,0.0045954884416137265,0.013435671253230197,0
2023-06-28,-0.0008881667564655249,-0.023044502327120076,0.027474160918700807,0.013452040807401922,0.004284243629030016,-0.0338338103652851,0.0006700306417597446,0.016042602661082928,-0.009330546567166809,-0.0020208801502711315,-0.006359204013428488,0.00738702911067346,-0.0002000388115168672,0.00632782035722812,0.003825940923460891,-0.001083754432466999,0.01563424687919346,-0.006131374868312722,-0.0181249006270241,0.008129971724979201,-0.0043822474236066,0.005437228414106654,-0.0025824409916473945,-0.013532468361933447,-0.016806347771650132,-0.004085951582357916,0.002727357033903699,-0.0037877988471860524,1
2023-06-29,-0.0016211355839005348,0.004274043252436854,0.004312867485440908,-0.0085633833609281,-0.00377693292288539,-0.02270828429880012,0.03006449280233281,-0.008201089440052045,-0.008261751499304415,0.006995470615211108,-0.008578679379150689,0.004617246912925754,-0.004066497076035014,0.0017963815100929814,-0.0023821691998066052,-0.008834406537251538,-0.0089864838640632,-0.013179557619653282,-0.007174822530415237,0.012333834112206343,0.034923344660557465,-0.006759895226343571,0.0013509029257987581,0.0009799373393479804,0.004194645377549211,0.01956704045577684,0.027899543667216253,0.012674290955875245,1
2023-06-30,0.0062329901102071705,0.009161022949517816,0.011165169946782072,0.02655984811142864,-0.004379772168849438,0.02005636435658187,-0.0017025648924269277,0.00394424371234714,0.0033322445460259864,0.00865339792020059,0.01909096477163641,0.005406587151474795,0.015798572950306955,0.02310246874221722,0.016385436554191335,0.019233769000189582,0.005037719725292433,0.019358726665054116,0.036255081020115876,0.005154655168422284,0.014013788488630441,0.018797086407922103,0.003709838538513255,0.007287466179189295,0.00881518151321048,0.014522706691418863,0.013485807243144743,-0.0018773424532633198,0
2023-07-03,0.00031230836164808373,-0.0019958784987101907,-0.012032821085296463,0.008834516805391823,0.0036322098498984268,-0.02517684346262694,0.012618762103071557,0.0018460389957735135,0.005978036595157388,-0.01311023494881336,0.002425850030477683,0.0024201394829783673,0.0050083439546873,-0.0077844608735515575,-0.007487960001470562,-0.0010739443770555468,0.0016709728114860933,-0.0033451331439799947,0.002623862292767676,0.001958036489651205,0.008044290994169812,0.006489409142254043,0.013664985829282328,0.002051636776958965,-0.005742324762525897,0.0016780422792612715,0.002063287995528462,0.010658401963282937,0
2023-07-06,-0.005678279096005601,-0.02824988046680932,0.00013932492133883478,-0.024525810705474438,-0.0026056420166346017,-0.016985612663608873,-0.02202780299315188,-0.017210878397793228,-0.007701204358631197,-0.007431876426806983,-0.025750486815634632,-0.009338449523695669,-0.0016421355948853522,0.0025087027582617605,0.009226826261287346,-0.015493205988729275,-0.013470367511651649,-0.008085173448461935,-0.005057271851484302,-0.037321163618243225,-0.009886725033038557,-0.006324705507909534,-0.011693977912923259,0.00010715079940393224,-0.003947199659150247,-0.0025877479215731247,-0.002380474167985258,-0.012445570881323698,0
2023-07-07,0.009168544269755774,0.002615742689068945,0.028690772577109502,0.011620252234439077,0.0031365420823148416,0.0065763432673053845,0.006932942333320646,-0.002617464383640522,-0.013210126157957025,-0.014542072160512398,-0.013284042949939012,-0.0158180977587703,-0.020988312312332003,-0.005891254842367855,-0.011867501818414894,0.011062622017709689,-0.005245155205301777,-0.005000191362094286,0.009500353589775967,0.002332054930100247,0.00789063491458264,-0.023041171537133698,-0.0011267760000879257,-0.018863874682588433,-0.016575752382108955,-0.011344685367779439,-0.01017250105247447,0.00115453237426566,1
2023-07-10,-0.0006229629333885933,0.024669024465461042,-0.011779078518719954,0.012113747496352856,0.007261928113446503,0.01665393944145488,0.004124975004479614,0.015363467669276432,-0.007530187897006879,0.001632471125581958,-0.004718818004810443,-0.021169946803706763,0.0004033577860615978,-0.010855747214512879,-0.015983736153543537,-0.020419182854096718,-0.025359861731460542,0.012288057108391648,-0.007599295051312738,0.01483118053284116,0.005611772910993906,0.009055967850305047,-0.006092182048880401,0.006663744815812445,0.0031846523024348095,0.008953420107049137,0.007232097027680684,-0.021780999164118908,0
2023-07-11,0.0032727526379869865,0.010893336819834953,0.025208987822131323,0.004127029589087838,0.0033018654170349215,0.015750941663182694,0.013934816713710996,0.03928390272054472,0.0035407455159501833,-0.0055167555984863,0.006693555267745621,-0.004268608426484133,-0.00524008585868907,-0.002810166388189872,0.001928766463817233,0.012978852839820476,0.005925304610031823,0.014246988200888655,0.005334306656121557,0.012226693959263013,0.015638956335346732,-0.001485094243517282,0.015777545055254194,-0.0017362656031323365,-0.00034549127928618084,0.014381884896438324,0.010035202110708186,-0.00261951778515479,0
2023-07-12,0.012892819196508976,0.01230623906636974,0.012294509507328577,-0.01459095791708942,0.0007378319201123418,0.028036256485492128,0.01720249746585467,0.02762579257947273,0.005376421996376779,-0.0034671125132712532,0.01773122201225208,-0.0037154043220389843,0.005200248039106237,0.008985663711626124,0.014226793875149912,0.01568569880112225,0.01528081175780649,0.037044441171641074,0.03530220636987136,0.004906996719830747,0.0049515323014979185,0.0025218322674187554,0.0073752574164969165,-0.004402684321483941,-0.024174185543624827,0.007264941178381612,0.00690090256325826,-0.007222483595466955,1
2023-07-13,0.0015335855612319538,-0.009196110581474515,0.015049496893048575,-0.005005258368883658,0.011846719009202866,0.021117402032521104,0.006985438635855878,0.013595540357880243,0.008522612933760554,0.00461789865066331,0.0032664904101373793,-0.006310983378048252,0.0006714788386485981,0.004057529073980604,0.01619232116173408,0.026758409161619312,0.04717073509481118,0.013157063219686238,0.047264699030181045,-0.018311662793297656,0.004859911713584353,-0.005869498884373492,0.0035495146159874036,0.023803172399708084,-0.008744917114730022,-0.0003243996532397153,0.004541455447005349,0.0,0
2023-07-14,0.0004593836445965227,0.006039330958392819,-0.019118236862686544,-0.023524493363366816,0.007081930556925409,-0.0033089998836383083,-0.007575864729522208,-0.004514386883434307,0.009113686575596747,0.006674560259083195,-0.006919045672893698,-0.018187109623777564,0.007385103842041163,0.0007872250746872034,0.007529042838152034,0.002829408900884234,0.007065967031131937,-0.014485944587747879,-0.011049147808538273,-0.0344363908957801,0.0060458374729805975,0.003438789757122862,-0.02044870033567414,0.003626026440585406,0.07240660201525961,0.004868426981777807,-0.000616451634966042,-0.041005324331455206,1
2023-07-17,-0.00392834613937143,-0.001421986588506674,-0.016838990637755513,0.0066682128303992005,0.00038184037288013783,0.0014228782287823982,0.0030966569895090057,-0.00579953211697104,-0.0014777361175729586,-0.0050039572642547325,-0.0073769702154058425,-0.07497781648357693,-0.007063966616367989,0.017305572086423693,0.0014196006424691543,-0.008315972513331604,-0.006139225703690299,0.005665733109125437,0.021817041351935185,0.004358836011157052,0.02410342817565203,0.0012284955932717612,-0.03452947635951831,-0.013708053804554532,0.008143023777648306,-0.0007705156843896832,0.0034133508147391467,-0.06689656989580006,0
2023-07-18,0.012702277426602349,0.002246662590223547,0.021577861647955388,0.03354685961980208,0.0008764642952547863,0.00047365053814152347,0.03077591773930788,-0.0016228106336716452,-0.003946826922457625,-6.282215331099295e-05,-0.008395442768919903,0.025746953401988515,0.0018791546001424297,-0.0013404105563138424,0.0397997469905107,-0.005465676406731013,-0.007140190016046821,0.004603960577577837,0.022233680865878513,-0.004537271792535935,0.0018260522382929079,-0.0018083740477745636,0.004558185613673826,-0.006356805847443581,0.03288704421499444,-0.010044665357409777,-0.013197156918086095,-0.005912791526705208,1
2023-07-19,0.00015175441813419788,0.00858718387209878,-0.005280548196421209,0.003721395992717813,-0.0007747078827242682,-0.01893486591276472,0.009725330375650376,0.02960926568341904,0.017665375517270432,-0.0020119011481574134,0.0006940322940780508,0.05268043404831668,0.0068330417678055255,0.00707180066327906,-0.012267428228945443,0.019046892602732513,-0.013978634725831607,0.012689907622586816,-0.008780096024001205,0.006936054843130535,0.0038394628252591545,0.0003237302537548725,0.012681881885401092,0.009812986334457596,0.007399986887757226,0.00027636823734655813,0.0026994925094392386,0.08475835517278307,1
2023-07-20,-0.0046523141197850615,-0.0012208309524810446,0.0037159759119709257,0.00288351627499539,-0.0021066989289000304,0.010856372571245165,0.03027452747783932,-0.026496478879069696,0.012167420515638572,0.06072831930728473,0.027739032004503228,-0.009714493042811578,0.008108576961217473,-0.010097443841441955,-0.023121454538274744,-0.03989357175040831,-0.023191112173014283,-0.0426883062935417,-0.033073426084590074,0.01761480093352863,0.012317591282951623,0.01849674126264711,-0.009535885981979075,0.016321178718949003,0.0010721079670334976,-0.0005273883100609389,-0.007455979982290639,0.004797849225744777,0
2023-07-21,-0.002032210486598074,0.004324826122073633,0.019040096439262744,-0.0028752255154274042,-0.0060807699705690554,0.004296045194491338,0.0031351533938113185,-0.0004381428376947216,0.0008014325339400497,0.010749517594687674,0.02429146882831823,0.007134436983554426,0.01574134649288994,-0.0061616245526501245,-0.008937213476669648,0.00030773533446226686,0.006879300167972557,-0.027304129715401415,-0.02660367767364702,0.004641762515323444,-0.007685185378491943,0.005651592874181599,0.011251584778459556,0.0045432499729931575,0.004541499643345714,-0.0014320595113640477,-0.0015439751940526936,0.00682136432163416,1
2023-07-24,-0.0020363487759348375,0.014478642786884599,0.021668589276735872,-0.02203926611919549,-0.0010570004201242433,-0.008674051708013497,0.019803340489926935,-0.010523644798179799,0.00032024956910792213,0.005229374255206087,-0.005269634558646263,0.002951549317262714,0.003203740443360248,0.0042201381416304695,0.0038980840618663137,-0.009230745755709147,0.012581226377613719,-0.009005507527274803,0.006838236467517911,0.015689399582784924,0.01968391909437983,0.005872258426257382,-0.006652910987033245,0.003996499944181275,0.004244436310667066,0.018365465733923836,0.0062278770600110445,0.012872524939443242,0
2023-07-25,0.0009181894164052018,6.14784026473636e-05,0.011303015161217678,-0.02190384760102415,-0.005586867539592366,0.005633452465001243,-0.011785079638949925,0.0016397761627806595,-0.003362110987821354,0.007657322665879596,-0.000794803734594951,0.0076516780004647345,0.0023467788780859866,0.004513570558976943,0.017009062600213953,0.002562125956798944,0.005595289531928671,0.00980765485027657,0.023917435434747558,0.0015165566280892495,-0.00746810418722843,-0.0008160236948222543,-0.011201004747508292,0.00230452962668104,0.004423330478783516,-0.00867130235157576,-0.00851534024199907,-0.010033416075838297,0
2023-07-26,0.003465699461157268,0.013717753293930768,-0.010674350162489965,-0.00021535988113763338,-0.001149188725558914,-0.002026139749078726,0.008063299843550364,-0.001991115010670841,0.01285149142991826,0.0019142029744974032,-0.014183377653741336,0.0029204483361653377,0.001040391880583691,0.004544877950383608,-0.037637356635231156,-0.007589335934878205,0.05776941598999197,0.01392339477413751,-0.00496954530233551,-0.005582970886557126,0.005993888763352828,0.0035812092629925463,0.002685975228451154,0.0012542225759000214,-0.005734683775654004,0.0028159752109329084,-0.006661519033922425,0.006081123871158667,1
2023-07-27,-0.011935598409570591,0.0003638564467429717,0.016628555202999218,-0.014645757762057898,0.002525837950030141,0.010151650312221205,-0.00853004836602711,-0.001906112600333243,-0.009674928303941677,0.005616019154636831,-0.014791272557396762,-0.023005241839101576,-0.011887443381761509,-0.006580735671023685,-0.02087250429743559,0.0007803832093540297,0.0010055520908494042,0.04400973936254893,0.009856538142831495,0.003140110392953588,-0.011029346809616647,-0.0036309768648282725,-0.005823407088608068,-0.016022903201503347,-0.005452711656548259,-0.019656397130093484,-0.011218874754942654,-0.025520428624600355,0
2023-07-28,0.007710496459214289,0.00503491232071962,0.006118185985385605,-0.0006557376483922184,-0.00899161957941541,0.00401979501922578,-0.00361061539581109,0.001998759694839425,0.0006406993359042712,0.004548272414975241,-0.005731935540753463,0.014306942075110518,0.02826870812732274,0.013507693091902029,0.023131651885408777,0.030877245332297854,0.02457511288903258,0.04417562558523547,0.0185185894528892,-0.011952157550684572,0.00570431066653132,0.004712272494171721,0.009020656689868733,0.009441468663716979,-0.0045918997325375965,-0.0039038699681259725,0.005587857484283365,-0.0041351592706136975,1
2023-07-31,0.005151997276145792,0.007453769310256764,0.015140248113433952,0.011811108861682795,0.004145109563362226,0.004710375508808928,0.007473827423238211,-0.0026153394994153922,-0.008802858112908374,-0.039832638523437436,0.006177238352129244,0.0014695782228248966,-0.0007033281292823101,0.0031660879925261565,-0.007240540738285728,0.011118568090654923,0.001055919985091247,-0.02113816939554236,-0.0004493351703532822,0.029569835294650737,0.006691850659924059,-0.0003128456756165132,0.03204458987852954,-0.014975509391219721,0.006879811956491455,0.003359277189740162,0.008398633221889718,0.0048441786245545515,1
2023-08-01,-0.01512308999143619,-0.005301863883351743,-0.005256727251021109,-0.01859054342388522,-0.0024194883487713703,-0.03047356784237476,0.005198581622920084,-0.0032886812409609334,-0.002583498443630261,0.008117931506195664,-0.015416346312505214,-0.01907299191138523,-0.00031979475663379553,-0.004275868146989548,0.0012500939876507466,-0.014886223394710907,-0.00881541459949664,0.01290037310840475,-0.004750730988651308,-0.0057814124411936785,-0.004938238991945454,-0.004691416995358466,0.0015750190924146423,-0.0034140849917817517,-0.0032189587327070557,0.007076240867495365,0.00862322311689323,-0.015151452202666227,1
2023-08-02,-0.0017003796778681801,-0.010750779617198503,-0.023104397435840918,-0.013216030084966635,0.000935672717465863,-0.02490314376084457,-0.018506010582080346,-0.016810165973308755,0.0030758761538582924,0.00603932240776861,-0.003602643401481198,-0.0032904011731517135,0.0021758706732390998,-0.015490165792797272,-0.026282940683273415,-0.026425663778747666,-0.024097514863693603,-0.026029646146738306,-0.04812166117431327,-0.012474145883655252,-0.011324427712067764,0.0006911859706413281,-0.030663867932608002,0.00797547186220915,0.00011877773153301519,-0.01775513158049158,-0.009258516396176808,0.0034965455617277375,0
2023-08-03,-0.0027872531981079085,0.004109824667127393,0.02591527542268568,-0.01361592431266534,-0.005789423526761706,-0.007190841987077201,0.005867295177109932,-0.022403622403059265,-0.005164696793380941,0.004296475744972605,-0.025170353875873075,-0.00780310137332374,0.0026183675053317312,-0.007321417270445552,-0.002564850443931843,0.005459768439170398,0.0005452924266287074,-0.0035631965160813905,0.005556845839639557,0.017380621700026744,0.006113272649883372,0.0002511532478897127,-0.009385873019679414,-0.0063193309428495326,0.00011895631887992586,0.007666426720770225,0.0050514410600579485,-0.018118403860310384,1
2023-08-04,0.003933734775329878,-0.01036852201967009,0.015573226186887723,0.009051760566805456,0.0006790391062911905,0.01336167064861371,0.00016973956148058633,-0.004499919455265511,-0.015087547360465026,-0.009376554348819122,-0.013266739225278101,-0.013309187576953319,-0.010955382285646853,-0.04802003457365367,0.0034287860510706647,0.08269337801006271,-0.0026468971913659045,-0.007854796794031116,0.0037067308018416956,0.00280047606508238,-0.0021105846262076122,-0.005776707621143906,0.009474802311057573,-0.013467290947466681,-0.004218914733620904,-0.004224034452488534,0.0009631951247024428,-0.006387553325414297,0
2023-08-07,-0.0031449657984733426,0.008393828439959616,-0.010625419665063918,0.014577493607902392,0.0046651443464760245,0.008749155413847909,0.0066249294995943675,0.006850231666141404,0.00790638297872337,0.024018312052725088,-0.007662099040235626,-0.0027592236132393255,0.01056172075686157,-0.01725385128101753,0.007108375706932124,0.01898684357254843,0.0266956107489964,0.01876202832256646,0.016495118574089584,-0.0020480262430575547,0.00474305789748386,0.013578508565461389,0.006141388338182452,0.012405133020505055,0.01593296210017714,0.014104992534350824,0.010544442017250466,0.000714166591526233,1
2023-08-08,-0.004861662484645701,-0.004131769268335472,0.011959918212595122,0.012157320492077739,4.398837146823986e-05,-0.019301222874196333,-0.020531156204718015,-0.020734823714196438,-0.0044123347076879815,0.00046193878430722535,0.0010196000377189485,0.0012297305979345197,0.00108313221252887,0.005311754054686757,-0.01229914024249179,-0.016031491771390738,-0.0009882744814163624,-0.012382695385479536,-0.016579807512585365,0.004944053650469016,-0.005613747082856224,0.0009968841751875068,0.014971751079628559,-0.01310909721704101,-0.009554759604213814,-0.009272617538871764,-0.00919213036762112,0.012134320598610637,0
2023-08-09,-0.004521569191967556,0.0012203449350312034,0.01784856958050285,-0.016597792697002234,-0.004021942081347207,-0.000124553109445813,-0.01599359771012665,-0.027034847443162868,0.0022980219419441728,-0.0006349326641503783,0.003056230455001252,0.0042984842974731485,-0.0012730614273425145,-0.008954347161393428,-0.011715739348221788,-0.01493494570121734,-0.013241849770277758,-0.02376566025061122,-0.04724167749548913,0.01698688605116172,-0.013407826486582342,0.0016184799051257581,-0.007262012459521516,-0.002494164864922266,-0.00741316471293596,0.00122097729541637,0.0019640850223321404,0.006347011951343795,0
2023-08-10,-0.000522084153312008,0.003625872846545475,-0.0187204005034316,-0.003775056583372405,0.0017124995716848446,-0.0534445425985175,-0.006682612815724576,0.01160988354223913,-0.0022927531449096206,-0.005200574978171724,-0.009140815583579931,0.009477288358708424,-0.004971699822032605,-0.001234694936403713,0.002172137027141474,0.005150463718840648,0.00023139815299400013,0.0017367255934224168,-0.003900809676235517,0.005111443444294039,-0.0014955900707488423,-0.0004990148663223115,0.048805611930794246,-0.0012500164609137165,0.0027284389586368363,0.008814518137570726,0.0035520370624655406,-0.007007791976392896,0
2023-08-11,-0.0007835353013323498,0.005190993867052018,0.004467553102456279,-0.015381358580740634,0.00036237321552645696,-0.007633657986922282,0.0009694764942345113,0.002160889436701785,0.004103718092528297,0.00975805117578954,0.009225140895235961,0.010296747337459777,0.005829421384100142,0.00033753096317967746,-0.005945383074649757,-0.0010825194798443905,-0.001002414221771053,-0.013410057941189213,-0.036165947530404474,0.015528458305280823,0.005795905534477841,0.005865524993269311,-0.029860567160999718,0.0015780763291040056,0.008997535424648095,-0.005438770881274757,-0.0004997969676383551,0.014114180049060732,0
2023-08-14,-0.0012023884148516517,-0.0035031222897566883,-0.008174062810669236,0.0013585665765478705,-0.003392720966774565,0.000663178358442984,-0.008775257402297787,0.016099652786713436,-0.004740947759045766,-0.0023584566737770984,-0.005223210884123364,0.005995253384828203,-0.007833484119498357,0.009393225110510883,0.009438876815681452,0.015605834874352187,0.01366148397332001,0.015084152046652255,0.0709336733691519,0.0008047581687280481,0.0020720666337117333,-0.0074441932186579685,-0.002358990288158891,-0.002282234876039735,0.0057478600620484155,0.009114214334463133,0.011914630049195685,-0.007654571811432698,1
2023-08-15,-0.004239493190328014,0.006637176752366969,-0.018422060757570802,-0.02735702154279851,-0.003152985991122126,-0.010072864016442251,-0.01637360417428424,-0.015467288495066844,-0.006734539295215836,-0.0028828746815211526,-0.017648746289287254,-0.008939217284178014,-0.006418951934387573,-0.011200395307055855,-0.00672756881433989,-0.020630355012962953,-0.011802333881986482,-0.013847623954166388,0.004274201262570054,-0.025673304590016377,-0.025457499675098916,-0.005124980163778159,-0.01970503102726129,-0.012362187294902016,-0.008298620365787102,-0.01036185105341847,-0.012638816372793293,-0.008415231538532075,1
2023-08-16,-0.0033640075763797794,0.0026796189347708665,-0.019879005467560162,-0.00813571876455299,-0.0005233900728965901,-0.0009372324180477731,-0.009331437507317242,-0.00857373384339355,0.0001653068871714236,-0.0031801284012595854,0.003117882557735596,0.00030072003091352606,-0.010207379942952843,-0.004959137360052046,-0.0024285345319834395,-0.018885675014943426,-0.008321623874059325,-0.02536855255421322,-0.010332359012485193,-0.01682701177386392,-0.004243163162289121,0.0005025033385495092,-0.008155238399361386,-0.0007720602386360742,-0.006177372645042256,-0.00020288554278258264,-0.00225162787709543,-0.0028289355540402905,1
2023-08-17,-0.006328780209119422,-0.017265724406710703,0.012723635313391046,-0.020857802606580655,-0.0026861019315007617,-0.016885579116575622,-0.00483132779893114,-0.015218004289592524,0.0021495299866667317,0.009397013986347735,-0.0007400955541891907,-0.0063120302749737345,-0.007179426271011646,-0.014555054355808839,-0.010986105893263765,-0.008069975106044458,0.009479447063852176,-0.031261755508848466,-0.0032655002052308646,0.01937191876603217,-0.010386783023178303,-0.022416120798272043,-0.0049797782510558886,-0.015231080848097434,-0.01906423090875775,-0.004437525119664554,-0.008023869239779602,-0.006383023900924156,0
2023-08-18,0.0010615147953483284,0.00027507003268945063,0.010697855664647538,-0.00694108759689549,-2.170454328709326e-05,-0.004498407673819926,-0.007907877179301859,0.0048567303757312,0.005609720499812898,-0.008734960689279037,0.0047400085639821565,0.00362969504705557,0.0028266211303986655,0.002816171088104058,-0.0012623828442092089,-0.005672447612115605,-0.018934897640907722,-0.006453859000793316,-0.0010381580626293019,0.015129064591908659,0.002287546290488107,0.014387536991610217,0.0004656131756439752,-0.0015130082536612965,0.00906965876812782,-0.0011459175953739686,0.003370354754697269,0.002855106115601247,0
2023-08-21,0.0038174398681865007,-0.010110821532161363,-0.006523061899038507,0.006025388758291728,8.703930010756089e-05,0.011228267974862538,-0.00883258660417563,0.02050494522695745,-0.008531679838114203,-0.02979879834210797,-0.011056936865351363,-0.005424887161953329,-0.005047986288425621,0.0077366591575815935,0.017062623777716723,0.01095925117625085,0.0071394245198463935,0.023477242047922342,0.08471339198891581,-0.012086578729867847,0.003423542756754383,-0.00265930303968942,-0.0009307014204203989,-0.00634189946811381,-0.0015249868076899764,0.0026264662720298926,0.005416349949324051,0.003558761870821936,0
2023-08-22,0.0016373398330900013,0.0012959407911334875,-0.0045837802401709205,-0.0031143608771571074,0.0020924881975554754,0.0024373769117591593,-0.010153217737161824,-0.010859925012752458,-0.006122747866239897,-0.007947321996120027,0.006559095952190175,0.006060514386706295,0.0003954908171601712,0.007905053865992606,0.0018018663143275493,-0.0031926989840012077,0.005531117248869011,-0.007933630590942875,-0.027657879360491133,-0.005611168028184288,-0.020738438226638678,-0.0031744492961052195,-0.0010478426865234702,-0.007624860682178158,-0.01072965022360528,0.011800423179089359,0.004635447072425469,0.011347686078568175,0
2023-08-23,0.01165364654156531,0.004961816994144552,-0.018170492995627008,0.014179249545370975,-0.004740106320141768,0.007429528671577756,0.011104312510513692,0.011462574127521385,0.0034964605604064225,-0.008974966941909135,0.005480026535034321,-0.00030126352225678943,0.009352406254615309,0.021948788777332195,0.014079353184462962,0.009459994580714559,0.02548808529194657,0.023087679252891125,0.03170723235870487,-0.008788217076820537,0.006763011322239665,0.006942274530285397,0.0004662269353874482,0.013773213181776933,-0.005890101576230156,0.008093748421142077,0.007191325919778224,-0.007012784345737488,1
2023-08-24,-0.00015639761695329657,-0.01073335468681269,0.00202818688486861,-0.0071090970855141045,0.0017603294476837839,-0.022794360342557773,-0.007352857530564472,-0.017309679552260038,-0.0026546550175627903,0.0034036213243258118,-0.009868902480949404,0.005724747977700284,-0.004632820726883979,-0.026170558616796624,-0.021498457389430348,-0.027154721211281152,-0.019566555805643482,-0.025455430031728232,0.0009973908838554202,-0.007466119348215394,-0.000949984305184226,-0.007653352852371453,-0.03914719588789328,-0.005277090280961572,-0.002737922838128126,-0.008452481920211086,-0.011679860981003487,-0.0007060969618659652,0
2023-08-25,-0.003701374083343034,0.0008371054626312713,0.009867156852431336,-0.004773238016031689,-0.006133924717840578,0.01330948444165081,0.0005938791564379375,0.019269055712940908,0.004658115673743302,0.014337960047089426,0.011008469422216782,-0.0008987770985278143,0.006555713879461633,0.01264324328352906,0.009407089060654794,0.010770617478674804,0.0007706536238749617,-0.004359258093008189,-0.024277241350470935,0.01786557713814152,-0.001222459104580298,0.005927682765900499,0.010791755088807253,0.01264254925628494,0.00208965362714042,0.013126322071318919,0.012945333602345954,-0.002826857243867109,0
2023-08-28,0.0035581858170659064,0.009447065824720102,0.003382145019084515,0.01702644033596079,-0.00016204929212715324,0.011374498090348073,0.01817905525770147,0.010741445726312637,0.002815043713939591,-0.011789635122743003,0.0008829243100763051,0.005996981051629824,0.0015630809191742312,0.008846168399300414,0.002229238170692094,-0.0009004586682715976,0.008700245810034701,0.01667262429472194,0.017753733630456736,0.008406355509658958,0.0034681321024907508,0.005702680469601651,0.009597111615650356,0.004625911468772115,0.004416131681306723,0.011293299773003529,0.005194216966531107,0.007087098375788248,0
2023-08-29,0.009698094451831452,0.010646733114534568,0.013233523198265207,0.03206812052040564,0.002608996915706596,0.02423352270460577,0.020185794235505483,0.0011334880087452426,-0.0009908489072727455,0.00012188244875632748,-0.0006217357646896016,0.03397901350004173,0.0005851063429973546,0.02181026794584362,0.01455068546178051,0.013294308852149106,0.027173671012443945,0.02663122356138503,0.04161407346370383,0.005954638400452739,0.008132237561636613,0.008379507985708301,0.0028514468823233052,0.0037724761232387216,0.0031550117656251597,0.010332946166826673,0.00619290010882656,0.039408899525796626,0
2023-08-30,0.004027910574812887,0.010205175175361347,0.0057909508391018605,-0.012337573230971066,0.004032535580629437,-0.013594837883878386,-0.0036991065201699147,0.01453110725002782,-0.0004958125226719456,-0.0035298330061727112,-0.00622122560535554,-0.0014412151769088721,0.001104816915900697,0.019172202079280165,0.0011569119760692637,0.0011860029483812262,0.009734643259076803,-0.009698296457422817,0.009839334098375563,0.009744045895250464,-0.0040334284448581,0.007185259874358474,-0.0014217162424438046,0.0008291010536907173,-0.00263783778093718,0.005490073966494258,0.003627688784986649,-0.0027082700676291926,0
2023-08-31,-0.003137426067507776,-0.0009982043800460527,0.024500797100250438,-0.008096016607662682,0.005827092305068504,-0.004240604691943872,-0.0026478224239611103,0.029854920100014448,-0.010583706267232706,-0.012520579304778567,-0.0043223995132033455,0.00981520244987144,0.0019476702834011483,0.0011724351641542174,-0.0031326391206952797,0.021766395374215985,0.002134304500981843,0.0026771239539060687,0.0018472898760135692,0.0027958954553790605,-0.012351496226264858,0.00874687221459447,-0.007119075451051837,-0.010538562803322216,-0.030415167384413522,-0.003068255723754132,-0.0022338059529274368,0.004073399148825763,0
2023-09-01,0.0008255586093077749,0.008416692603450127,0.02295833865116359,-0.0004665710960815028,-0.008089840838697682,-0.012243912861725326,-0.0009458826709182189,0.00031625916990374314,-0.008691460230644488,-0.007421998044581879,0.0010479119833246564,-0.0034304668802409566,0.0011013453874342272,0.008463488395486829,0.0027459804647269603,0.0007970481467276525,-0.0037453640803644106,0.0016560677084795916,-0.017141226002213905,0.020955200711791022,0.003348743516633945,-0.006395619367722816,-0.024378539911198427,-0.014613264644682378,-0.0007136151844575611,0.007100563560930473,0.009890997789659295,-0.00946608941377225,0
2023-09-06,-0.004205158234486306,-0.005430502829844697,0.009805034608178831,-0.001197380966411754,-0.006328395394398223,-0.007440475705430605,-0.008092463404549055,0.013397895506721547,-0.0006801302852218472,-0.01661665199036666,-0.00770373616072928,-0.0034984760938713277,-0.0019681126537327565,-0.03579317797838566,-0.0020085898090870247,-0.013914209970579572,-0.009648829501591849,-0.003264921976549595,-0.03054963295816926,0.008632200063363848,-0.0016525463256860107,0.007487462941649481,-0.0025865888932524728,0.003272774273921142,-0.008048834518916026,0.004082402101885263,0.0033424393011305398,0.008977870289220036,0
2023-09-07,-0.00031279682684648424,0.007423292576466567,-0.007653623051613101,-0.013905381531192695,-0.00018237880644911275,-0.0049065357644126895,0.002584585444647569,0.0041063001231482765,-0.007655592206091688,0.012783893359665122,0.008524890007212127,-0.01082503743637453,0.009530887116083075,-0.029249628843684206,-0.008922066532741413,0.018395430569861038,0.005949382450323615,-0.0016715605742619877,-0.01742404813596732,-0.00489050174461203,-0.008554031945217533,0.012386094925085356,-0.005063186342281756,0.009557613502557905,0.01650096876168461,0.0034854151298220337,0.003981140490812107,0.0,0
2023-09-08,0.0004693738795631397,0.0008828802818521275,0.007367323234873657,-0.00753691702851933,-0.0024603954040161025,0.0027393303128318003,0.011057142891718552,0.010021057900716723,0.0,0.0033118857569383042,0.008754782070415246,-0.010647742130613591,-0.004297126938069384,0.003491943628261218,0.013215548332078608,0.0027565441218631026,0.008280671963817099,-0.002611213115828792,-0.01446778018105288,0.014567902365698382,0.000765202314184199,0.0018351690669864418,0.012535743090027474,-0.0007371547049191962,-0.0044726465720377195,0.000530268778910159,0.0006069593201449841,-0.014373615675453255,0
2023-09-11,0.0025542245369596372,-0.0010340952830861783,-0.0025140122881112115,0.0004897303478428316,0.0018970398979003544,0.005736856511119326,-0.002672513467297466,0.0024470676246917122,0.009429154579930099,0.013079305577368139,0.010474229266192125,0.014648654732316801,0.011900733391049911,0.0066224722964971505,0.010979300988490204,0.035231212663680456,0.003959480510919544,0.032461518301232895,-0.008645625221556097,-0.01254219165218673,0.004380201638187087,0.0034805923165242003,0.011522372638220757,0.015090701887339852,-0.0028910985939526457,0.004459700449459758,-0.00028325262390593853,0.008333262866084823,1
2023-09-12,-0.006239276085554968,-0.006364839478066875,0.017756849651809015,-0.0036727730518074653,0.0030101195583809304,-0.012087495073758059,0.019251275180833582,-0.01619987539617318,-0.009850600952684085,0.005655759935624172,0.0029618527003714146,0.0029464691440290736,-0.017576653838163203,-0.01706065792313405,-0.01825780741618932,-0.013067856717097759,-0.011539610499778474,-0.019183325584223643,-0.006817561393878346,0.029169381678052275,0.013014018116879855,0.0010951862063892648,0.0140574107408582,-0.0036885695996197176,0.0010846694348791708,-0.0010080006322370494,0.0003237458589324671,-0.004132004407594425,0
2023-09-13,-0.0011510873154303436,-0.0012260087948532394,-0.0036019778029610094,-0.028016901945204675,0.0002689045736952167,-0.012510207659907513,0.012330118912223353,-0.012902823700696064,0.002401438118370347,0.002506553965913927,0.010334679443190664,-0.005287898887101128,0.006972193988437736,-0.011854668142363356,0.012930683897788064,0.025632022130484877,0.010122861558718554,0.011270932015178259,0.013706318079522717,-0.008936764581211398,0.00047839093126733623,0.00024306072027746595,-0.002390008680425715,0.007909166983687044,-0.00012504703565507924,7.216864925219113e-05,0.002143088495415002,0.011065014609243251,0
2023-09-14,0.00047143912082781014,0.011507062772277532,0.018526966575200587,-0.005562313476479841,-0.001771189028006659,0.012947218240488834,0.028628700872112667,-9.123532847588045e-05,0.008278731678713624,-0.001524351202934704,0.012421488263160807,0.0053160094073299025,0.010974053640094628,0.008782324065893743,0.007855670605143139,-0.0008975138235036706,0.010167238300756498,0.021831760769072117,0.0021106730400253237,0.01786318576463697,0.019397353107909465,0.004192959925561679,0.011978861055222279,0.00862660717153263,0.007835937156611905,-0.0071103004394657,-0.025541629269066335,0.030095550697160744,1
2023-09-15,0.0071727493046465085,-0.0249672939219302,0.006765671652400274,0.014492650443773014,-0.009041573245960888,0.009620599122570184,-0.005891545767512718,-0.01906020314413137,-0.00889506338407986,-0.013985699028451704,-0.009237647762544432,-0.007344361112875619,-0.008399419127130825,-0.004153876561322711,-0.025036965657785792,-0.029919857618376344,-0.005068792426418001,-0.03660344622232814,-0.036879523368769984,-0.015356140644755545,-0.0029479472652391703,-0.0036911931984680013,0.013020847644690914,-0.007669980568132395,0.006410286378797592,0.002346586487431912,-0.001780468562389892,0.011288153569626758,1
2023-09-18,0.0040547117669642585,-0.012881138180676155,0.007822041865432006,-0.02531305007822726,0.002923086612704795,-0.0014975009216567914,0.0022772574445939497,0.0018172225889361293,0.006213246597223332,0.00631766531306166,-0.005827549402109389,-0.007694703054169194,0.0037789707732838185,0.016913330821933803,-0.003512622846982727,-0.0029204620264398073,0.005895467380486519,0.007459128459943232,0.0015034789824608374,0.008055019461709723,0.0020832356651172557,-0.007410166544115637,-0.006543745853151206,-0.0025576799391919813,-0.0013149558492706603,0.006806798310057927,0.014891784972434374,-0.009192245180524306,1
2023-09-19,0.00025886616619197333,-0.008352796515613381,-0.003060848255534987,0.01439954991329162,0.0022882530643852927,-0.01785943637682552,-0.004165312716214342,0.003255667003450702,-0.0020581989688299718,-0.0016615549206695501,-0.009525337454645122,-0.0038770461850030635,-0.0029209404849532827,0.006181026655232014,-0.0012461237190428687,-0.016788047695762587,-0.0012303242515889767,0.008329351373308036,-0.010144157291201106,-0.002635161814566467,-0.0012740793175587406,-0.0002447688851812124,-0.036226741301820686,-0.005909190881478121,-0.011109743738044187,-0.008630539318403296,-0.00449602577966457,0.007952292463844879,1
2023-09-20,0.0070393248374418516,-0.011919480173719132,-0.010087699558448793,-0.014448664868310201,-0.0009934598434746533,0.00041628729040565915,-0.015180316111602421,-0.012378207923293694,0.004468794220666483,0.004377123598666932,-0.003550725831386492,0.005988073715936126,-0.0008462753510370957,-0.019992353350185232,-0.023976923127363325,-0.01700219075536713,-0.03115029148300863,-0.017700968987984678,-0.02943472637500988,-0.007926444478219441,-0.004230313724189694,0.0032438555540299507,0.007566589386147182,0.0003362571540737047,0.02386301785923073,-0.007278881320029629,-0.006979854690834064,0.02235365845328552,1
2023-09-21,-0.0135690916659843,-0.013189055193461474,-0.007199839772571659,-0.014917826178467153,-0.0027165130783666225,-0.01706669448189735,-0.019186017806571698,-0.020748329879091698,-0.015400290043771081,-0.007672994059182092,-0.006532778478280932,-0.009226183389468234,-0.008666498458962835,-0.008889231991329849,-0.0038653650671246487,-0.04405345369833069,-0.024674633748584807,-0.013147689166318921,-0.028930654972460834,-0.014089340119147198,-0.00782193604292869,-0.0121406884824653,0.002059295432359498,-0.016817863928594856,0.01830811544583244,-0.017441237891234973,-0.021706762681609315,-0.015434024511243871,0
2023-09-22,0.0032305509586958436,-0.0033577584367934232,0.004462808637023086,-0.016449392247728345,0.0007995380695380305,-0.0028232430153305454,-0.007116211029576491,-0.010450136666050769,0.0010426918851587086,-0.00717559516199151,0.01180661981828024,-0.00030037897358392573,-0.0036804616868388873,0.004944086493238409,-0.007886818755357017,-0.0016238050792075631,-0.0014566794529834448,0.011327668544808711,0.014457239936233934,0.0015685830280782742,-0.009582929964275344,0.0026557684450496666,-0.01788968591371287,-0.0006271894793329347,0.009897441549159058,-0.002826331495504153,-0.0064663223292351635,-0.012410235410590942,0
2023-09-25,-0.004570504163571409,0.0024856275910014602,-0.003887576128697834,-0.0029197470020221328,-0.0012245689773250357,-0.00651188892985699,0.0028973845608615267,-0.00043583784185374785,-0.010416632276617377,-0.0014953748976469505,-0.003397305828323427,-0.003605841004048038,-0.006069540224375558,0.007380617405275514,0.0016720109737358158,0.01665124873434287,0.00660273597636607,0.005851194140159333,0.014708061052405075,0.011223222387901854,0.004940838895701072,0.004434659154203491,-0.0029538635566841442,-0.005363349300961939,0.00825930516792428,0.0006714338755036131,-0.007316704373228511,-0.00396833107776573,1
2023-09-26,-0.008452442543166794,-0.012887643190252929,0.007917028122843117,-0.02103293942880513,-0.005338197611603257,-0.026645721029194158,-0.015265763120798637,-0.018658622970394,-0.00824577267620119,-0.007737244457614367,-0.03156964065619794,-0.005126602771183375,-0.008894121061494342,-0.023398440203527437,-0.017005861302186398,-0.040298626825268746,-0.019373060915093054,-0.006215855774134971,-0.007365650180450434,0.0015487445245216946,-0.010378907129527382,-0.003495388901573082,-0.011850361730400105,-0.010382488875077533,-0.009465461115022444,-0.017665008800819337,-0.01589816015468426,-0.002655970682178377,0
2023-09-27,-0.01515472977169885,-0.002379896139368509,0.03639784199295071,-0.0029917471153193542,-0.0020927596526203462,0.03469467009024085,-0.005774854761324888,0.001185308612598579,-0.010259782066746048,-0.012011220440775738,-0.08233846597471284,-0.017884086351216744,-0.013260356951425023,-0.008897416293984883,0.0020824234237615258,0.0,0.0153223117766359,-0.004080920650755937,0.013289854517401611,0.032557169008491815,0.00586480877430362,-0.00479997958257683,-0.0018737907281861643,-0.01709928568419372,-0.003402861974785898,0.00025293179696839196,-0.0006531850469363443,-0.009986729779425163,0
2023-09-28,-0.005984158643926429,0.005533021645562242,-0.021029047974867265,0.007910384901495426,-0.006071963299337679,0.015563101398101908,0.01009478191204849,0.002318270686605395,-0.0025023339082980156,-0.0014639673536332998,-0.048031968572631145,0.004629451315889321,-0.006786857940745961,0.001525464347409189,0.002717740510998823,0.0,0.013559042608641825,0.02089063708781369,0.014622840172786145,-0.006073163896202716,0.012415951597422703,0.005070545259559633,0.0028786971389020977,-0.00041303917958890324,0.012645755660938729,0.010013063660008648,0.009411971649197826,0.009414937522110645,1
2023-09-29,-0.006611507561121943,-0.004382331556927133,-0.01003160154977123,0.0013532511755429688,0.005439666364406293,-0.004597425669879307,-0.005012323388559392,-0.0020667749746895447,0.0030460068362936354,-0.007203034507531236,0.0036791469443473446,-0.0043009820333191895,-0.003280196112172118,0.0030464629083355454,0.0067271417340202255,0.009049050319664742,-0.010959114493496402,-0.012337118836605931,0.009515198427174854,-0.015819814402813548,-0.017413277082620082,-0.0160575107690617,0.011481245106489402,-0.0003538537401893693,-0.011586071109112583,-0.008837376285598442,-0.0071226257689481765,0.0006662603014693236,1
2023-10-02,-0.009793829243571639,-0.007711201518309618,-0.02169843816320749,-0.014864686690967854,0.0002640956540915784,-0.015815107037709164,-0.01566922821663197,0.004586176266065056,-0.008931707309868586,-0.0038520794689387294,-0.08971912907312263,-0.020055559309984483,-0.004593236543247947,0.014835575681579227,0.01916068809095406,0.01840783446134786,0.025294262341654994,0.02201792394842883,0.029494890424756504,-0.01658452005005917,-0.008619282753746571,0.0010628394721208245,0.0076494818857084645,-0.0015935508899170836,0.02058747392694249,-0.0001514460746040447,0.005477989968001973,-0.02330239427742753,1
2023-10-03,-0.0029508330131489124,-0.026314755656881905,0.0046161187065763,-0.03319618800396906,-0.007996826272971713,-0.009101252591481979,-0.03886944526337377,-0.019046582722835215,-0.010814746306985312,0.0012244427288201631,0.012080548631694832,0.006926979843985492,0.0020662754906608516,-0.007769966620162827,-0.026134140521704485,-0.03661366636292884,-0.012968579276823045,-0.019164274368257073,-0.02824798727916733,0.0017296433595390681,-0.0073729567402262,-0.006308522617344714,-0.026080482643811465,-0.008689460247812808,-0.009911157171207385,-0.012100647628136563,-0.010636954330770054,0.007498493356375535,0
2023-10-04,-0.003343185173494634,0.0015413580560306173,-0.056147057578712634,0.02326926927083761,-0.0008064248286944187,0.00975884865710519,0.008101385366383385,0.010208535543792197,0.002915482421420146,0.0011588654805938514,-0.04092450864020314,-0.013758653770621354,0.0032991328823717136,0.007308817451887384,0.017773307708835784,0.018280939360016735,0.021218808016273183,0.015418154975177956,0.012041301273431726,-0.03738240448416141,0.004484706994954957,0.012005803275191962,-0.00276588720645099,0.007215436592000968,0.002257203970599697,0.006904361759639155,0.010532856142957403,-0.00879594101633474,0
2023-10-05,-0.0010448305823824722,-0.0023596739807197897,-0.02267874180034868,0.010537841803977432,0.0033202797285585284,-0.004548096543291358,0.006156883696667892,0.0006935920323960509,-0.04832846716589412,0.010416547054783232,-0.023113484131787043,0.008877644754730518,-0.014866172209811235,0.007198079063633456,0.0012542487198026198,-0.008188983586829512,-0.0012570019836796176,-0.0025850091632374506,0.014690914329178018,-0.02251115933973291,0.004216349283507226,-0.01192550423784966,0.01878456469723644,-0.05215813830627514,0.010986653948611425,0.00256875855302785,0.009774119075195653,0.012287007087270707,0
2023-10-06,0.00748649992772954,0.003839347496000345,0.0058316531547932815,0.015367470810517592,0.00376515917344844,0.02184469581953108,0.006376759158709389,0.02648384409053084,0.01450926910270156,0.0031819165199120647,0.015975769710128818,-0.009789720650373646,0.002016546452050738,0.014750482650872865,0.024736983189828088,0.015878056641289273,0.018582891144049762,0.03490913211947211,0.024033264011927846,-0.016698868714295156,0.015395527180859458,-0.01678404422616686,0.02635823229913936,0.0011867300191834573,0.01662053605029623,0.009563582366890255,0.006681583422676773,-0.007009457204164349,1
2023-10-09,0.01054532255656948,0.008674183025596971,0.04336268025354406,-0.04648641377655671,0.001976115262350975,-0.01481061122092242,0.0004159329652799748,-0.0006752286457443191,-0.004892709758992808,0.005709367186542025,-0.018312074426755975,0.019448840331090622,-0.005066230698231755,0.008451077054660638,0.007822401472002971,0.0023444468936362206,0.006105606960573162,0.00928896090808995,-0.010685745949835068,0.034991257920606866,-0.002274292499328645,-0.003644223783272005,0.02122003030294395,0.006675407809804135,0.0032392368487470513,-0.008116183968603474,-0.0025527575992110307,0.019377160424802975,0
2023-10-10,0.00621789672884554,0.013068981927459866,-0.00474642331270303,0.01558960467963133,0.0010790061501657622,0.026379315352708987,0.006909530906768158,-0.001640595867175687,0.021747345784377092,-0.0011354745098645092,0.04582303417958089,0.009856997291685765,0.009905427511280429,-0.0033521537914279476,-0.0043355218956450114,0.009511938819224852,-0.0026008250663218657,0.010931121393167986,0.011596457690796313,-0.004237419042592561,0.0060785300119177155,0.011293595608396378,0.0034239467612742214,0.01883983006075418,-0.004311498993069596,0.014262565592594978,0.00921358022915686,0.015614353444003193,0
2023-10-11,0.00634070329292058,-0.0039102685226007905,-0.028847310942416993,0.006997021010324955,0.0024497971874435365,0.014785054827199495,-0.005559649440579517,-0.00014511330205013717,-0.0059226976553438115,-0.013766167998392032,0.03799935369626106,-0.009445828432806502,-0.0122945280590816,0.007903974666223279,0.012271812209155408,0.01814956889912689,0.018035595296183038,0.01858057905450683,0.022009600681480723,-0.035853228098631895,0.0034328284424516298,0.003997456388394438,-0.0016472931645759026,-0.01082724113401945,-0.0002097190485581546,-0.0013987234208070465,-0.0038885076734274104,-0.012700497191341142,1
2023-10-12,-0.0018688594130430447,-0.016876318419494996,-0.006946870481498002,-0.023068544568096705,0.0018379162458757037,-0.024509841447178604,-0.010126984578110232,-0.005656337887805729,-0.01675644796707465,0.0009603683681276287,-0.010085992705003322,-0.01748273069466033,0.0022376425330834504,0.005061358347336231,-0.0037903116394943925,0.0037927633547389927,-0.011241684944983232,-0.011164582412819812,0.00296969134806524,-0.00018769911405069895,-0.0023263728511524473,0.004550278646766159,-0.005892632234367645,-0.027917775251817045,0.0026900692544631344,0.00022501548339293187,0.004667269204057911,-0.02166553584127695,1
2023-10-13,0.03108113950051017,-0.0037540509302553815,0.05765285934345443,-0.029871845621311843,-0.008239741642275256,-0.02359023502566493,-0.0017748865808913106,-0.005299463578272601,0.0015145671408913763,0.003326491725285763,0.028113264321710574,-0.007764170882689325,0.009559087423820944,-0.010292878750586598,-0.010357621490298619,-0.019194502454286222,-0.011585171866193567,-0.029214095224238568,-0.03161135558671946,0.031933976975892175,0.015019581084309674,0.005536350749501429,0.0,0.012145700297999218,0.026373062723393126,-0.004676088608849827,0.003758769935747752,-0.006228562646041769,0
2023-10-16,-0.003268677362417427,0.018532534995644,-0.01174590889064131,0.009383997485821638,-0.0014413625107041472,0.011007931764003942,0.01645628737649729,0.019258057100195014,0.010210056233588505,0.004335297134522964,-0.0020188101728222385,0.0189109054362393,0.009537507737648498,-0.0007268671042049979,0.01498195941843572,0.021265196921155027,0.012667514148702486,0.020528280386726827,0.013945865949600567,0.0007280822416442234,-0.0010135727570534936,0.008634239468487959,0.016123264912634605,0.006750176995645063,-0.00253996588629235,0.007863764682354057,0.010098169164136861,0.003482008920825397,1
2023-10-17,0.0008328434783564376,-0.004674941212473915,0.0,0.0075538790739508865,0.003113486233303764,0.0005656748372477871,-0.01599911514779606,0.006281910620895337,0.011978259722442042,-0.009141302820127928,-0.003861667144158032,0.008319961857310432,0.0013007122038029006,-0.008784736698460582,-0.0017439561740639764,-0.008147882355257097,0.0044572038706789385,0.008874276781191792,-0.046794526435810724,0.013096634612034475,-0.0021641395025663313,0.0013025981655312435,0.005716909336171083,-0.004407834460446014,-0.0025649231348479073,0.0015204709113854076,0.004706901500421079,0.01179747660096897,1
2023-10-18,0.016955374465152717,-0.019260569266406846,0.019155273050613264,-0.04440603948264432,0.0017762268203020959,-0.032363028527785276,-0.023920414388919342,-0.023875218307524815,-0.0003698947566079802,-0.02152578049108622,-0.01716822772606852,-0.014598685631962649,0.025776215649033096,-0.007394907363959535,-0.005872126801520272,-0.025405007278304192,-0.01259644858332376,-0.02169755628129688,-0.03964690192852938,0.014005042223367514,-0.010980931158219409,0.0007434047734249383,-0.017633362085546667,0.010350904321958287,-0.0010993969957640015,-0.02130562291534477,-0.015464439633063987,-0.017832719965336974,1
2023-10-19,0.006699726517057414,-0.01195577256976732,0.01188862155101833,-0.012975275430449296,-0.003266877693623771,-0.005987968463608495,-0.009173411279121746,0.017038599135414056,0.0055503979560915795,-0.0026846199974904783,-0.015965327926064532,0.017069340633637742,-0.005627609858965821,-0.0021608489940430076,0.0036653609904204743,0.002107149015711185,-0.0015223366612433509,-0.01312395609309469,-0.0022512800215200857,0.0006197464764312599,-0.00424942812367346,-0.004766655322697044,-0.01688718724428173,-0.009072473880620269,-0.008263921545826558,-0.013580561612635766,-0.01541231328468029,0.06564260617490625,1
2023-10-20,0.007163165723966358,-0.0012553855618452348,-0.006937481565711834,-0.014674573002556146,0.004552195331632758,-0.012048198458075143,0.0028741728681771495,-0.022033439980364,0.004047880574972851,0.004464229498131411,-0.008207734823042045,-0.0003167520390551237,-0.001349034584673281,-0.0147042452694236,-0.014034572396229628,-0.02515573116103942,-0.01560787721560375,-0.013299075321043352,-0.016959462685732563,-0.01716507578476123,-0.01610548364004405,-0.012502172908079423,-0.007207155263064591,-0.003487644085103825,-0.008652466180685825,-0.008920499152531014,-0.0018391615623912783,0.007863694242442598,0
2023-10-23,-0.0031273398092686033,-0.004678513554654762,-0.03673241843639963,-0.005894945484779979,0.00032824384587826216,0.008477070426895716,-0.002766058058868315,-0.008491695129782317,-0.00897931076801406,-0.010522731183000178,-0.008468036771750453,-0.005701390048852395,0.0006752067987072508,0.0006940001459923018,0.00811188075740854,0.011104892625885654,0.006636941843601196,0.0173659939988835,0.038369866367154115,-0.014674303812109768,-0.013640911279066636,0.014172176741142906,0.005444630374081605,0.0005000987894896447,-0.010360268683675677,-0.001924936436666913,-0.00792692621792035,-0.027958559722568332,0
2023-10-24,-0.0006578195597859438,-0.006174104159213489,-0.020470230947819967,-0.0006242163540879364,0.007543641543408253,-0.0025070220186105274,-0.0001334671911601415,0.01099012398085697,0.02884615017105796,-0.001056833873819274,0.0698757417166902,0.0927045983974284,0.011812687205523309,0.0025433493974396093,0.0036743440347983825,0.015802781594350668,0.016923127759588708,-0.004649551285212494,0.016009107254624455,-0.009684707745235333,0.0012053843407675568,0.0139122991190046,-0.006498233096095318,0.013180727401941095,0.006576494813287592,0.008444802904333581,0.013475442412003158,0.03879605852353163,1
2023-10-25,0.004607582575158142,-0.008400501311484843,0.01970386395952839,-0.01905058254311831,-0.006982386055249035,-0.013305698298178625,-0.008088757328381102,-0.03506032234040435,0.008626828910390127,0.0022482025695900187,0.02431062926023797,-0.01778418335730214,0.004669538499801451,-0.013491627775631287,0.03067796485248242,-0.055771610960691276,-0.09509392991867116,-0.04165729293441878,-0.04314860837665546,0.0018450985651452534,-0.005454376447106668,-0.0030016313025326147,-0.023861368605113786,0.000986277383771661,0.009923792845338397,-0.0015508931566668993,0.009375712680300685,-0.021893037206107246,1
2023-10-26,0.0015624089632992888,-0.010429704865359324,-0.025529925292868128,0.00604902751670533,-0.0026523324751750454,-0.04584951717288566,0.0007747278332215224,-0.004110313633944984,-0.0060583626789418865,-0.01695602536836438,0.01966001137923734,0.023152231466999185,-0.005311936242818449,-0.0246056111704952,-0.037514206836131936,-0.01499299533713827,-0.026510657844037944,-0.03732522717627795,-0.03477815019045494,-0.009116700213687823,0.0025639757943536345,-0.0060825053392489226,-0.0100509823380871,-0.0057894476133075745,-0.00348938315488434,-0.05622427039647626,-0.02351693849802927,-0.004608474512667882,1
2023-10-27,0.0007045211596532486,-0.005539511225551741,0.028001464447672042,-0.03006328395166058,-0.0002640885189518771,0.010835485651113252,-0.023839012841824103,0.0016305833042982165,-0.009680916258981154,-0.02281861706891286,-0.023102339179604803,-0.0298810285816431,-0.017623374300270944,0.007969532629287901,0.005855648059501561,0.06832816082460003,-0.0008995623611173231,0.029061856309589906,0.004314727667585894,-0.019052110532147837,-0.03601870336530222,-0.0037090544453008967,-0.005640495655831024,-0.011089823347697592,-0.007002775264689287,-0.0013988305980409121,-0.008690883930372761,-0.019841269841269882,0
2023-10-30,0.0038217719396773653,0.018158167595337504,-0.037760151068075065,0.0189232253096816,-0.0001901352849225102,0.02423482350114048,0.03766667025049153,0.01373556560557132,0.016473517962619866,0.00982137726412824,0.017069755823779564,0.035287044659556566,0.014269890091461068,0.012305203013601718,0.022740207612089725,0.03890722509168976,0.01874438921133348,0.019984425133676043,0.01632112749741399,0.0031265310589492223,0.012749974481448767,0.011478619673669366,0.017017573147384057,0.016664495396908174,0.010158922148603589,0.022907007477867225,0.016618017042688393,0.029689830537936057,0
2023-10-31,-0.0055104700275854235,0.011403983210892976,-0.01567246936933797,0.0006404694190018656,0.0049784288024075085,0.003943535178745794,0.00924143695197599,0.007828534856481939,0.006055273011487783,0.008909838631897982,0.019230695477240545,0.014731146953331775,0.005158880797927923,0.0028186760423343227,0.0023716622746994265,0.002863308000901066,-0.0030531532779545234,-0.004592610404315689,-0.00925662334083377,-0.00028356831360265566,0.011933976515658085,0.0023924065700622332,0.011279210043710908,0.0061621617474669765,0.010509671151063493,0.010552702873351194,0.00866663233028464,0.0091742381152764,0
2023-11-01,-0.0032238074255301896,0.0068143366784785275,-0.0071586549702701285,-0.004479912974059808,-0.003385352882468773,0.004683501028802439,0.011692383636801251,0.015336420162215036,-0.0008851216718473998,0.0023593292041170777,0.002229862407095551,0.00768598773211604,-0.0027993833591178907,0.018738688318080454,0.02354273200073087,0.02937864429857373,0.019100558538271084,0.035118158175129865,0.037886384705843934,-0.0019837912956105486,-0.0008630105442737346,0.008934574504020798,-0.006373334899590244,0.009737787811928245,-0.007394044635771535,0.003906027830087755,0.014802081153181268,0.011688167661922266,0
2023-11-02,0.003436389018607322,0.027561884164792883,0.025111842140206342,0.029250979563527846,0.0007517134694974281,0.027218074062050457,0.021487281473493214,0.020597305884265893,0.01151655574471655,0.01042451592240523,0.025329360889201125,0.014124506645137869,0.012231655861426827,0.020693382043375452,0.0065016025000317335,0.007810272439553012,0.00822460837741712,-0.003142526969580506,0.027903260294021015,0.03284751262597996,0.017849481699832692,0.003942459303369228,0.027383610289688498,0.01188805444312191,0.00852141703592002,0.01288965263500752,0.019574125109852236,0.009627833394486807,0
2023-11-03,0.002971406369161267,0.0036664844440745803,-0.023647792504152165,0.0415366529518586,0.0030264395151795576,0.0013175250704233754,0.04417394399792207,-0.003075464799309313,-0.006130518449593336,0.007321512274626851,-0.00884653229282062,0.0033423576140707567,-0.009046255438827089,-0.005181182440067822,0.012861554408233555,0.0038386235328597973,0.012628431506436666,0.011998617932239997,0.034454914574043816,-0.012189597057137402,0.01117241414029091,-0.005195728159320456,0.021371113874846692,-0.0002395098951873953,-0.009754947355839705,0.008779817080456498,0.001438886779999038,0.0095359524739691,0
2023-11-06,-0.004971139550119297,-0.003517946574672859,0.0038504229334039852,-0.01289392435341108,0.010646343526523161,0.007894748892949277,-0.011324175101046108,-0.00024076874812672955,0.004053474239437138,0.002378771117575562,-0.005725807013752915,-0.010549783118584344,0.005797152792994753,0.014605104248696321,0.010572700250239597,0.008225103459209127,0.008907765365190334,0.003814337776593124,0.016575912917161872,-0.017721266042643014,0.007552300410156976,0.0013359835002353382,-0.012342803546230852,-0.0005398585473770368,0.004821916981506691,0.00028502681879771785,-0.00045153334855108085,-0.008186362339861586,0
2023-11-07,-0.007468675282677251,0.0006788824031727092,-0.042687416001848,0.01579614602039281,-0.0009864732863567038,-0.0029010519021741565,0.0001235943770874215,0.021309423883785206,0.0036862619547723963,-0.005273589098008347,-0.009823781717793967,0.008417559551729958,-0.0023189544603916534,0.014450693231696787,0.011219222300245413,0.02125376487729147,0.005527808762943787,0.009563023314463237,0.004458936112111456,-0.015679644098482104,-0.0004857049454196627,0.004670239542357013,0.0067839989930207345,0.0028793878621236058,0.008191766566529646,0.007017759493701314,0.005256976091132293,0.005714249920308667,0
2023-11-08,-0.007779158251110085,0.003901591538552296,-0.026366819737737024,0.021830054844159674,-0.0023744990630868434,0.012656444224426133,0.0018829526485568682,-0.0017466782374238043,-0.0015741378968801012,-0.0036447452694302607,-0.01642174846187272,-0.004730013491175855,-0.003851387965254416,0.005884962707361829,0.007405825626241036,-0.004414580990635519,0.00664260328364219,0.0030110607695852387,0.013469700554580966,-0.012283001558118789,0.004930081802122954,-0.008149863661571444,-0.0010639154880680568,0.001256228560939432,-0.0020453990921334153,0.002134444303775629,-0.001392067479461745,-0.011995051640680376,1
2023-11-09,0.00650778948084807,-0.027203450042645683,0.005442665906664423,-0.020192958078627643,0.0013388626477159882,0.009481140750548622,-0.011646623387562616,-0.0069041730987043914,-0.0075319018749197,-0.01948804723937847,-0.04834769458705157,-0.004193578848150636,0.0022666050891579914,-0.0026245711543073647,-0.006910758812754603,-0.010416636461610618,-0.012135693621083687,0.0024078363129558245,0.008073288496318831,0.00029169550424912316,-0.0029712201411942196,-0.0023128142184578593,0.06911250077641373,-0.007347903168532621,0.004229523658969336,-0.004465016725304638,-0.0093067136364412,-0.0012778851826747983,0
2023-11-10,-0.016087962718400628,0.01292255807911058,0.01888038480998988,0.017323738478739026,-0.00400042116726107,0.0002847058551913584,0.014745368824002236,0.017237220984935187,0.0010589592372924894,-0.001153041207875738,0.00767542101315466,0.00252660235233626,0.007050192265568578,0.02322021715498246,0.02489668881191176,0.021052569890351647,0.01804349658154014,0.025643406936669777,0.029499434420448667,0.0076727237846423435,0.014831295818296564,0.013848174583961814,-0.022913356746662172,0.004573896480267514,0.004100254352872534,0.01654819965403842,0.014939588410448845,0.00063968999757269,1
2023-11-13,0.006674958386125196,-0.012071875595408121,0.014124711586734229,0.003229432788794062,0.0021166411059054813,0.01237735195395917,0.004300949352852745,0.007723821746244308,0.003702582369174534,0.0025806058949569,-0.011606756873716706,0.003080471637622484,0.006934834405075918,-0.008583721925690235,-0.008088457321255293,-0.006756765374750118,-0.0037709084035795204,0.0012776054878980148,0.005896196111420338,0.010506010564440338,-0.004438982826290183,0.00896561859705658,0.01325481966698705,0.005092206923696052,0.0025127324008920038,-7.614274089484674e-05,-0.0023650019849146275,-0.0038363171355498826,0
2023-11-14,0.008378334015998412,0.05401454050658927,0.0,0.0313141679642448,0.0010916021349414162,0.042299059490437996,0.03612604756579385,0.027406044248267536,0.0029859362547630663,0.0002030632193035231,0.05596326784460759,0.0016751029637138704,-0.0022300734008425804,0.014285619964398366,0.009790816148356196,0.02251214528584833,0.011582803696493116,0.021628735143196964,0.02130806817041142,0.0038503268168066374,0.01824665977553619,-0.00017875472041750662,0.01822445311200238,0.0020264828659009027,-0.0038887980091868446,0.0083683153795584,0.009277869134058703,0.0032093481570030225,1
2023-11-15,-0.0008665884391241274,0.015018425777597155,-0.020444651551834947,0.014755878446996329,0.01649151831354989,0.013212813245298438,-0.0033065518133170713,-0.007957334616440881,0.0019266098551693478,0.007720658758775256,-0.009556763443547611,0.0033445397214455497,-0.004601824247226771,0.003041007624437153,0.00040580875888984735,-0.017832688951265996,0.00748402756144273,-0.010704327876097541,-0.015466279662046167,-0.006040860891877831,0.008757968813102535,0.012705098681251359,0.0314044839503238,-0.0051155080005184095,-0.003793183671710665,-0.002062351897178849,0.004737942696927622,0.008317302509827762,1
2023-11-16,0.012142262703212614,-0.005678126536737715,-0.049047768805272285,-0.006991151250263505,-0.002181714495114284,0.06081172427686443,-0.0027545189026587646,0.009251905098413227,-0.0010488507948143155,0.008736513659886924,-0.007017668453161874,0.004999927996976794,0.009311869046043864,0.009041967006530482,0.017583252959132212,-0.0025837648398919777,0.017159461735068104,0.004448274764474736,0.012109289740515727,-0.011576367208816496,0.011419660137549803,-0.08092848093605898,0.006174735282320265,0.002750313095699175,0.002618961864584657,0.0006804285104862196,0.0018539811968674158,0.00761428222360605,0
2023-11-17,-0.0011593572255760298,0.0027082519202803468,0.04101505900117308,0.015488928165728,-7.599816506165258e-05,0.01517820352790289,0.007484871998582054,-0.0010387534453963898,0.0019247071183565723,-0.002065296096460334,0.013604342753792631,0.001381829438402038,-0.011515698183357626,-0.00010534814427287653,-0.016801079222440785,0.016453061783939793,-0.01183084239397747,0.002543432260964762,-0.0036782255166786237,0.02439983274344315,0.009046083294435903,-0.004421825979605609,-0.003809143192561537,-0.005664705567829387,-0.0065395160905278304,0.008058423315141283,0.003982797383572878,0.0012593766403166118,0
2023-11-20,-0.0019681189251676834,0.002994190828952803,0.022532601109836126,0.01220181721256619,0.00490807531990578,-0.0022241476821358575,0.000766550962907786,0.017674855218664298,0.002444941173769477,0.008815544076340442,-0.0005230695684690367,0.013800928180924599,-0.005295842585434807,0.009278371416411746,0.020522130517965698,0.0065436854591447435,0.006947080094328095,0.014714757484595165,0.022536436813358707,-0.0043826088947230835,0.003075360954689632,-0.0003218738946013655,0.009346898095041078,-0.0014391758289485912,-0.002218879986856437,0.010242257394645682,0.0016429024243296286,0.012578753370613871,0
2023-11-21,0.01092182747107362,-0.009247604706250079,0.0021906980964954137,-0.016986476479214918,0.0035684002956233307,-0.0003715838972486729,-0.013197763094891735,-0.0035979623544003525,0.01097565314412452,0.008071459272740222,0.011161577447700077,0.014157174683374407,-0.004392036394247456,-0.004230887633691061,-0.011577995870327928,-0.015260459261028925,0.005284381669948601,-0.008794945577629498,-0.00922462042860206,-0.00038299266653274433,-0.0020875486909094354,0.0036060117848024653,-0.006103509256988993,0.007686666886247195,0.008391137336517085,0.011251415315788105,0.009041084212203065,0.005590095013163765,0
2023-11-22,-0.003951395098846233,0.012641823501815974,-0.008615124056393308,0.0019509097230472339,-0.002532964312081498,0.006565928273768007,0.010956280916739614,-0.0021399863137754327,0.006720732106080263,-0.001984910296404685,-0.0007303041156242474,0.0026847027551111236,0.009424633314651265,0.0035142954893987444,0.012812600439811028,0.019527539517508297,0.011097299599778454,0.013383565211774862,-0.024587431723259723,-0.004307822361651503,0.0023533919031641926,-0.007635062733514331,0.006564386801943378,0.008462624544578912,0.007728010055966239,0.003374515546325174,0.00590730089277125,-0.001235600989645369,0
2023-11-27,0.004794774693022585,0.000707980891782034,-0.009001857253565504,-0.007202015387757887,0.003128907582130358,-0.0032679789390431813,-0.004245726964784424,0.001827201602558004,-0.0018780436245648957,-0.008000098100000907,0.0005212912184437979,-0.001603663745001982,-0.0009248422581370486,-0.0009477297413316155,0.003126405966019652,0.006746559883569869,-0.002048228592536838,-0.010436583847601821,0.009753800355191355,-0.005833596762068516,-0.002279318470183034,0.004549376960564011,-0.009265082915054124,-0.006199527210432265,-0.006415484819189077,-0.008557525613917316,-0.0006290463965362703,0.0,0
2023-11-28,0.013868128872947194,0.007783332431839041,0.02070535718835509,0.005580436868674488,0.0016438017038615804,0.007528862900515465,-0.0001776716021171243,0.0005783319360144201,0.0020526362200661286,0.002313640623092361,0.010072927059250336,0.0032127849555840804,0.006942520878935987,0.0032140425379894033,0.010802858655285963,-0.00473835354015173,0.00579120666935018,0.012817446834421542,-0.008726905484218173,-0.0005769515210646281,0.0022845256316508245,0.011928399092456576,-0.028055099653146676,0.003208309098761797,-0.005629118454144488,9.79270861161119e-05,-0.004721890256613737,-0.0018507429379056584,1
2023-11-29,0.00362799656381374,-0.000738980682813084,0.018976532898155263,0.016648186989237646,0.0043364265486818265,0.011449885491465084,0.016004728750719677,0.02414194435514716,-0.005974797806745036,0.003165541906350544,0.003438872131264148,0.007739553321805648,-0.00761700510504848,-0.0054096616757077776,-0.010060275975485644,-0.0048288883967405605,-0.016107695811842015,-0.020030279723728173,0.006670772380321877,-0.015014458212513682,0.005080385784320018,-0.01613714437478153,0.0,-0.01006770621351838,-0.010267809874086375,0.0019801178180340884,0.005100075714064234,0.007416562653897785,0
2023-11-30,-0.004396463341964529,0.007941583518189077,-0.02440279361655051,0.007914723334593088,-0.002930098224145139,0.0009533009804998382,0.003761758571497076,0.0935532340167824,0.011597586742118082,0.016763975731327818,0.0025702799378517494,0.015095193672722385,0.01581434163568529,0.003062946632141239,0.00015853988631531202,-0.001571972217158657,-0.01822373260196486,-0.015201604260085655,-0.028458699917982666,0.003908641935250534,0.011404726777569207,-0.002498783332114174,0.0020539952781502002,0.01443683171529564,0.033627376769268524,0.009784889130578955,0.009636881075975934,0.016564381324490007,0
2023-12-01,0.016142497820600843,0.01955404449643816,-0.024881508852397816,0.03032759110183081,-0.00743921803314862,0.011190451171952054,0.020173401678687197,0.03215562163843955,0.003422544199265465,0.024052985105496028,0.01128002784377724,0.0065224953099642935,-0.005601995687582462,0.006791247541188428,-0.011612295776523673,0.006434406632690459,-0.005055436967216331,-0.007122227228465006,-0.00010671988823995893,0.0024330651285271454,0.004869160679606965,-0.008670935576989613,-0.001186659562669501,0.0023769889845739467,-0.0071312246499308785,0.001280590371426582,-0.0008960707253178324,0.011466537672969235,1
2023-12-04,-0.022646076491580125,0.01376649759406856,-0.013905748393959416,0.002890891830310771,-0.0003593113742242915,0.00259012021323457,0.0027552107542132553,-0.035923103279645874,-0.0011938186088128466,0.003156987988407023,-0.008450222808690566,-0.013996984773032795,-0.003930514581717892,-0.009464513706710198,-0.014338645030710917,-0.014894936132684111,-0.019642118309185608,-0.014777397425809746,-0.026836460385451955,-0.0054373529353151095,0.0073322611028980855,-0.0002592452299564618,-0.006156830940053704,0.002667598130315696,0.0020469836757817106,-0.014793939128955658,-0.007837704186225758,-0.005966520926513841,0
2023-12-05,-0.0027666496978818733,-0.0016050762215611414,-0.009857628856492329,-0.014412690266134232,-0.004627728334785308,0.004579684722281208,-0.021866461725811304,0.0014362870780733061,0.0015366842128998748,-0.0020770073418497903,-0.007499487925360482,0.009989389110804714,-0.034854553273273026,0.02106310043020132,0.009156181980700007,0.014084566393959497,0.013305702483049187,-0.005405801120890397,0.023293750280274805,-0.019427806882481025,-0.00012637922595903905,0.009267595029691877,-0.01325944898553122,-0.007094636382239838,0.003611009057111536,0.0011269492783914092,0.0006680054530208146,0.03361337294533362,1
2023-12-06,0.005945008669804297,0.008068322493388846,-0.04065268879718564,0.035362869191252866,-0.004069243241750842,0.008299168881449326,0.0006437008113306941,-0.007529305867592373,-0.0010229542086934718,-0.012172942126975284,0.03383125773563389,0.0020825231759018514,-0.000749457305922907,-0.005687082008934752,-0.009985956673190799,-0.016067541747663228,-0.007405357317040173,-0.002638956526953673,-0.022827842540942056,-0.01324159929558888,-0.010508214202784805,-0.010851943705107003,0.00782018938053164,-0.002560503502721856,-0.001326471745438207,0.004135187647479999,-0.0012566833959329893,-0.01626016053144741,1
2023-12-07,-0.0002954816970881513,0.00018397582521778588,-0.0005765482431663305,0.03595265092046951,-0.0024977977499498483,0.012288376724996386,0.007749198975713467,-0.0011238480977576737,0.0023893373363021997,-0.007789546404217251,-0.005813990760959786,0.003896097116745878,-0.0010229266713079888,0.010139436220780285,0.005829751874455447,0.016329923474831087,0.05314573109922849,0.028791703675774105,0.02402030910105113,-0.0069621922420011195,0.0030707720572060726,-0.006581177570562424,0.009289600944474286,-0.00029853203971441644,-0.002292720054441366,0.006749779211593143,0.0060167593008362275,0.008854748080970865,0
2023-12-08,-0.015567257109156851,0.0009197099216970983,0.027257097185772183,0.0002477209622726573,0.00236343746955181,-0.0010306013644040268,0.018019768265068015,0.007876099763680866,-0.002213346956937645,-0.006306273877984769,-0.002506223025723342,-0.010349349333734215,-0.009214871034368466,0.007412351242175985,0.008842206446988854,0.0036764247561378305,-0.014167668449958981,0.01886159463398407,0.019529675093995058,0.011481468828438146,0.011033733184645511,-0.010494484126614467,0.008365146919634858,-0.010629418683755554,0.0027357231977445107,-0.002396076894313093,-0.00031280659552435086,-0.009947368738387863,1
2023-12-11,-0.010158659026220707,0.014886406703910282,0.0012634610929280754,0.003965477751083135,-0.002443802160275177,0.013527466124940712,0.0026508108802760777,0.005143478135204882,0.007336691694713959,0.00414460613228762,0.00016752883958082165,-0.015163572366314049,0.004615920295646836,-0.012927369271277911,-0.007829459637021752,-0.010378502226973785,-0.012593868137006137,-0.022449273196846753,-0.01850286659088496,0.0007031658049883038,0.003658867696503698,0.002518721563228965,-0.00667967974311845,0.01291658764008874,-0.011077442918674407,0.008613055936843583,0.0030499810838067187,-0.017730430518518303,0
2023-12-12,-0.00010108754897619754,0.005644003253899577,-0.03799774391571298,0.01802036281679298,7.529635204672758e-05,-0.0014704745480359493,0.0024164821384937696,0.01725503066224854,0.00643624682588384,6.442605745227148e-05,-0.0031819647043680455,-0.009822145153931094,0.0008228191887467151,0.007920126353610168,0.008295191146334036,0.010898597193382598,-0.005776625668489355,0.027484033912963612,0.022090183490253823,-0.015759779071304214,0.008925169935194877,0.0007934568796583719,-0.012255936755143582,0.0038730509260231916,0.0037522747921707733,0.012123837071378318,0.011850996370183386,-0.012635410372667244,1
2023-12-13,0.0022752552780380686,0.030612144370773642,0.012534624729646282,-0.0012126229895429441,0.0029805145498138508,0.01042129131616365,0.028700196122162458,0.003392614246885417,0.008582966397427727,0.004643137543627551,0.05023508409360877,-0.008310938756222241,0.018089725768406062,0.016691523586681356,-2.6641667901672328e-05,0.009221593773735215,0.0003773015919850131,0.0015557664913321556,0.009043663569813454,0.00887281177076038,0.0033641022250008312,0.017772201175538127,0.019325853728276332,0.02101265629585325,0.0060288079485042445,0.009340405215391367,0.010864476950946278,0.002437738242770937,1
2023-12-14,0.02416380021383091,0.024490453404263368,0.030372831053337546,0.03034741588958112,0.008099171382361048,0.020179405103718295,0.057177647001898535,-0.0004277026570107534,-0.014850590746949055,0.006932359741014249,0.004319353545225502,0.023790320912644436,-0.026383256467345184,0.0007577291375799877,-0.02254461349403125,-0.00954043404920335,-0.00475234638829336,-0.004689939323708869,0.005448196793718996,0.02689047903125452,0.01819198312236292,-0.01220389785904874,0.011957306498866727,-0.021859000275191054,-0.026902974083708453,-0.014410695696389975,-0.013911024161149421,0.012157784514554626,0
2023-12-15,-0.00448230509545855,0.006224850866219933,-0.002095578681779675,-0.0023563935697115124,0.009872373342467489,-0.00505485507117831,-0.0077190405295186615,0.017067689279206988,-0.007452686444632817,-0.010900407475156637,-0.02038865059991668,-0.013203262469908661,-0.004838910745412761,-0.002725821876537027,0.013117370311370502,0.01729753821347546,0.005002321831516721,0.005252405223298506,0.011168755148819987,-0.006694340176201186,0.007561457562804463,0.0037459441437763807,-0.005109607160229679,-0.007429482437037005,-0.005840052254335815,2.379114487660594e-05,-0.002705565836067514,-0.007807708794866364,1
2023-12-18,0.002572892635199775,-0.009011243879600728,0.014559721560745809,-0.027397297173283985,-0.008945032271384545,-0.014026960711044478,-0.010801349701112573,0.007607109526237332,0.007167382112423626,0.0018042465446976852,-0.008130142632488457,0.008027879312118236,0.015351467109714578,-0.008503366129109069,0.0051789290170856095,0.027338841569267247,0.02413273561842333,0.02896207718214061,0.024279007744569814,0.007433214231346463,0.006052164185089692,0.014599850567718065,-0.006419937548716614,0.011437249797038085,-0.008604482061415175,0.013999903355405463,0.0013174832068132414,-0.0036320271324423725,0
2023-12-19,0.005971462909915681,0.0035918408791328904,0.013384865521790745,-0.0007284811788177414,0.0026216654758792757,0.03326981607886226,0.016073284560919943,0.002845204034472637,-0.0032192833173620983,0.006562147063771118,0.009344224327613393,-0.0026546485723510926,0.0,0.005360232710657442,0.0016369519721755044,-0.0018174467759756174,0.0062592061318818,0.01665602872200389,-0.009445598409596134,0.013182389784306636,0.013354913728709672,0.003613650352684461,0.01152284639974721,-0.005683812043841385,-0.004766793184922902,0.0024505846633950945,0.006270295377765134,0.00911296730954314,1
2023-12-20,-0.0019132772602784565,-0.00968587822881839,0.010620898057828843,-0.019684095328577844,0.0052379143458374244,-0.006721528910123342,-0.012890567471431358,-0.015472216203138545,-0.020737662751967867,-0.020388666690990265,-0.028097902381422957,-0.007186574411080393,-0.015461196075506,-0.010713969497623044,-0.007072875164671921,-0.01085895208954335,0.012367319598476145,-0.00308251123661063,-0.03009826339372146,-0.016700747841593144,-0.011279234758312717,-0.011701868880047872,-0.028319092915262578,-0.013456111703462947,-0.015476032529913253,-0.014149086547361689,-0.011077424898052635,-0.012643018733641709,0
2023-12-21,0.002260985788123726,0.0008893753529397586,-0.004446265502925373,0.01933559112646166,-0.0032180185590533483,0.014952982159141648,0.008079123718331527,0.02689701247625287,0.00659607868877754,0.010243294430312355,-0.0040108732277127634,0.0034853311361533468,0.002431778892952874,-0.0007699816093860168,0.007878641901840622,0.011306871390431628,0.015035446250647011,0.013771095779632203,0.018270351349427782,0.004542382650446264,0.00570409933685978,0.007091195511292225,0.008217414166937775,0.0077251569342553505,0.007656076909274612,0.009512388929187932,0.009451322252070238,0.005487905139396787,0
2023-12-22,0.008827483833959704,-0.0010891011190434785,-0.004466123071871553,0.00024321326905796248,0.005525202446632571,-0.006452345644038404,0.00021019645752962113,-0.003404962107003695,0.005690650732297575,0.004004116837239335,0.0025168045874661704,0.001603172787247864,0.007070733496749693,-0.005547536611631321,0.002784056820960057,-0.0027300973670256745,0.007619977063438199,-0.0019767313266009223,-0.0032659240514307797,0.0017696163991287595,-0.0005972751386614794,0.011950949557623325,-0.010867308339439052,0.00425206470786299,0.0008271233042780324,0.001558639802334394,-0.004276850264265386,0.003638435514608629,0
2023-12-27,0.01151489249544535,-0.0022330240626020625,-0.019319823876784437,-0.004170757631192568,0.002065020563667419,0.00396901569306829,0.00752088008162155,0.0018781027908223447,0.0025613675568045835,0.0013450597865050096,0.006145313224407811,-0.004535724535639218,0.0008222551514065479,0.0005178674262589222,-0.0015749263014189774,-0.0004563413242133496,-0.008126169758356672,0.008454557167342447,0.0028003284614448454,-0.004699408111953907,0.005997972905970261,0.00939835912030107,-0.006267252969386461,0.003197776230417171,0.005307312744594395,0.0016283792402185249,-0.0008875559320725701,0.0006034010091569009,1
2023-12-28,-0.003842643919140354,-0.0033570324280940422,-0.0315747395495003,0.0009853622834128384,0.0059431859276410925,-0.005556091422482923,0.005019796160979473,-0.00427423349902134,0.0006814586386392207,0.0014709370844956382,0.007263039170544161,0.004824496889941798,-0.002259259650386536,0.0022264049888487403,0.0032346458062841865,0.0002609139551152939,-0.0009974301505533134,0.001369576508428949,0.0021248305672463275,-0.014459915915509769,0.0053127976222600015,-0.00196337652583245,0.00022138032323781864,-5.904026743364099e-05,0.004036002439666175,0.004618923800403962,0.005677077730795732,0.00965018094089265,0
2023-12-29,-0.005545108511265995,-0.0023317334029956394,-0.0016719398467338609,-0.009844697353572074,-0.003641424869924248,0.005050037404328522,-0.001656490423841861,-0.00918706551513604,0.003063672747867896,0.0010220673732648233,-0.004588594553260106,0.0056015448672455115,0.005558247934137395,-0.00542411654255015,0.002025309685091514,-0.009388462612883952,-0.0038507737883916038,-0.012167997511860706,0.0,-0.0020958557550260215,-0.0011742451990055525,0.0005076217007009554,-0.0012168450924529006,0.002656574620510721,0.002991086652533337,0.0004456956749181451,-0.00019178889868909366,0.0023896172270891913,0
2024-01-03,-0.01462892491788459,-0.019763590753281934,0.03296390715206443,-0.04227435180467998,-0.008786204622023064,-0.03226854723715733,-0.016765184493993668,-0.016749418827832763,0.00234033351415186,0.006251013251717508,0.006821508105629759,0.00720147676090499,-0.006050766779440275,-0.00748770733587989,-0.0007281499545158665,-0.00973782115920796,0.005428209173396148,-0.005255656044435675,-0.0124356700454471,0.008401644856156576,-0.004358504457422474,6.27122895748844e-05,0.010362698332614384,0.00023136710243698566,0.004987848032579567,-0.007395498699646064,-0.003438062019548216,-0.0011594837266211133,1
2024-01-04,0.003981957452896312,0.0009755218292346601,-0.007015055409136051,0.011874017071735743,-0.0012785158887330672,-0.0014694773655367088,0.0030383622652967457,-0.0023823489093623973,-0.003335644604119836,-0.0021121007188540375,-0.0030649981345879374,0.005362489725539765,0.005478586009804554,-0.012700124597973761,-0.007177553813360937,-0.026267891590348702,-0.01821183631953094,0.007692771733083248,0.009018620315458081,-0.008719225750923876,0.006636214755763037,-0.00966725589924633,-0.011893117016420485,-0.008557444112330725,0.0062541799545325905,0.0023879224681910838,0.006317995424054423,-0.004642873411668691,0
2024-01-05,4.895244750890981e-05,0.012847579112751584,0.022440712874367774,0.034183635335764295,0.0017953771819319009,-0.006565421380681391,0.009113292683859964,-0.0004777806068276824,-0.001505947094403326,0.003112766796364408,0.004530747002577051,0.02108228188956618,-0.008274437839828397,-0.004013054440794583,-0.0005160681267531997,0.00463442024626004,-0.0048391103594591645,0.013914524808494866,0.022896618998119678,0.003029822432036422,0.005017175179702793,-0.006655571567149465,0.00375451256033843,-0.014754625621482775,-0.014740908231960947,-0.0008336894798230965,0.00030860010221056555,0.018658696200616554,0
2024-01-08,-0.007736020681187505,0.014550462240378703,-0.041186844818875024,0.026886999053681082,-0.00047052628163146704,0.006722748137905743,0.006262359069420409,0.03882634668354612,0.007373863440629513,0.0024823027886127225,0.013531001896635253,-0.0024876336972446955,0.008614845949911576,0.024174917386247108,0.018871469894904846,0.026576703830634596,0.022912959584185932,0.01906509833888248,0.0642809535473694,-0.016661935310162357,-0.0014512067438452458,0.009826953602436017,0.007150637614051991,0.0010062196650368893,-0.001600435104629705,0.007689419692227917,0.010974568351080682,-0.008586053291809836,0
2024-01-09,-9.866336439545709e-05,-0.005000890213757825,0.020771531587279624,0.016574518828823326,0.0008651256948868369,-0.014035039555788997,-0.013166692864178708,0.0018016577059811745,-0.0018298013214307352,0.0006191659954888351,-0.014462784706118836,-0.010016469533072447,0.004102667329697329,-0.002263369930015524,0.0029358116867965744,0.015224607114340927,0.01519751042322337,-0.0034293649361705203,0.016975090368190893,-0.012385958777128336,-0.007905922060915116,0.006698384652530143,-0.02053523513047273,-0.01147187322587806,0.0034482601392982204,0.0014692348807239242,0.003008720114386909,-0.005398358954573412,0
2024-01-10,-0.0023194202455394386,0.03064780480367646,-0.012043122133366335,-0.004962282231648851,-0.0017601046005020216,0.013431314680809159,-0.0046385722801310925,0.01067563194675758,0.0033332153063094783,0.0014848961973219499,0.004354114904087325,0.0010245873346508283,0.004286704391160079,0.005671386120170041,0.018573965792225478,0.015590940651907248,0.009435994106667511,0.036482836072666114,0.02277001053171679,-0.009832552536866546,0.0021093350774650244,0.012428367947126207,-0.004237693605865456,-0.0014952966722132643,-0.001356125391555607,0.013416846750412104,0.00467109541866817,-0.004719731500284707,0
2024-01-11,-0.003660237682382439,-0.0007566806650008973,0.009107382254031071,0.0035622438204272466,0.003907190486658552,0.003851408101148701,-0.0057860098722855025,0.027448619934852925,-0.006478391293853081,-0.004448083649469581,-0.025048097536741643,-0.03019444705293861,0.003801325971663605,-0.0032225988884277967,0.00485943658677912,0.009432101662268044,-0.001405679216688771,-0.0021594022080647646,0.008684422980730355,-0.00020255862998674878,-0.004210166422592199,-0.0011158428580015922,0.0017918716366720489,-0.004732977769828839,0.0037944286354891776,-0.0036189602273088983,-0.002003256366177042,-0.03793735155322586,1
2024-01-12,0.016084943433625654,-0.0022999289692963165,0.009164172353136602,-0.08968296214678961,0.000592943161743742,0.007898835597605292,-0.005266513410897455,0.002026574610720866,0.009697258948549337,0.00769466300323951,0.005270191112889844,0.017414258778447822,0.0005979937935112201,0.0017781638450615755,0.009983539857660872,-0.0036086969005325598,0.004011586741015094,0.013038499654394187,-0.00204297326080638,0.012972551465473714,-0.007339876637872056,0.0013034652065135877,0.010061479659277284,0.006862166604203024,-0.0336680367174893,0.00557728398703472,0.0005302865730472117,0.015403586281695025,0
2024-01-17,-0.011549863975351626,-0.007616542217866562,0.0022098899080500445,-0.008807023115772417,-0.006113749991014994,-0.01052863008137217,-0.008595209496698342,0.008358389626619722,0.0,-0.0005609292397319443,-0.03446572262228076,-0.01068976985263792,0.001001373725688648,-0.005173505461660732,-0.002049746914358219,-0.009467203666572499,-0.007158162030054149,0.0024764345374774788,-0.005835036489819867,-0.007267855730612616,-0.005357582007132322,-0.004696404565956103,-0.029124275703089175,0.0016246709636864587,0.011152817180985597,-0.0021711871954981365,0.005240735918333961,-0.0018247558610761105,0
2024-01-18,0.007989613599849621,0.006185008798134106,0.02094824040248211,0.02557872201372624,0.0006421361876616238,0.011334749128071309,-0.0007157464561884375,0.011125797941116566,0.0028336676470468447,0.00486193385949929,-0.010639928942661303,0.001800782993342187,-0.005765189353310607,0.032570747470771266,0.011297443785881711,0.011798781932089941,0.014207787035535713,0.021065763884031252,0.018803456912133587,-0.001855946289139765,0.0019749094111363164,0.013472462466872281,0.020699673625479864,0.004386087229385716,-0.01638276420086171,0.0077208009951497125,0.005663396009121691,-0.0006095610779016658,0
2024-01-19,0.003913615629451028,0.012601369571552334,-0.009044251517073332,-0.021265541583418424,-0.0006091998707791202,0.00960657136545695,0.014035192647898764,0.02339139414147917,-0.005485318535837669,0.0029155616589955358,-0.0067651724622946885,0.01001541000901951,-0.003847584365345602,0.015533001374419264,0.012186782810098773,0.011986946826648914,0.020211882291621297,0.019461378158655673,0.04174630170115212,0.0015493684056924195,0.01726195793435137,-0.005268362613839561,0.009218068407573776,-0.008314972143594779,-0.024751229382521278,0.014069471783213938,0.01029316625504384,0.01646358370615042,0
2024-01-22,-0.0033061688486922813,-0.015783407575978292,0.02424735990328819,-0.00804711510891698,0.0012090614520767762,0.005777021175011443,0.00983777479368908,-0.002065024108711566,-0.004345704922419924,0.004886233746627333,-0.007160228651211131,0.006356425093351659,0.001964869260282276,0.012163318717086646,-0.0054179809825340985,-0.003604979862209201,-0.002664257119846969,-0.004355421467653997,0.002739867875070079,-0.0013406914883775656,-0.0011742508579792865,6.159120442905675e-05,0.0217064727672871,-0.00404147123371279,0.018726623840844114,0.006799777023476228,0.0011072810167205294,0.007798305821699714,0
2024-01-23,0.0019308358498222322,-0.016568918723631754,-0.01090570113311573,0.02785292997870914,-0.0011097587522371777,-0.008221649587112911,-0.013447018732842486,-0.012593661369134201,0.004700241769602487,-0.01637218204151636,0.009322851450700442,0.06695314009919517,0.04139043122945196,0.00665324435575898,0.006027469450940348,0.008011406531487353,0.007192275263541825,0.008958201189524173,0.003671191231984894,0.011257917588144872,-0.006583951478831951,0.002524867001551856,-0.013777891360055028,0.015323071838787783,0.004932074869803849,-0.002251331066741691,0.00022137209110240086,0.023214337878523672,1
2024-01-24,-0.004842578936733011,-0.01000631428654819,0.009681236583545472,0.004735518561993279,-0.00205215722482599,0.03122870671537803,-0.003597935202490299,0.0003975338097232939,-0.015705783404341922,-0.0053187836709430725,-0.00644825823543016,-0.022496032539557564,-0.012079339485713603,-0.0034839072557569795,0.009175307643357389,0.005447960655367012,0.011289489762886573,0.014278367261798541,0.024869379288335658,0.01726065379273467,0.008935433220726097,-0.014127699154765083,-0.0028793753033677927,-0.012168871401867398,-0.004442325968834759,-0.00013666661513433986,0.0014375090160161363,-0.029668288785357322,1
2024-01-25,0.0014896469356133757,0.010654575433737046,0.030230448570623958,0.05210799012317602,0.002198116850315124,0.0001101103792431335,0.008697936582780175,0.00776508719114366,0.004243698798265028,0.0037745416930157205,0.017014469601694282,0.0244671807916097,0.023008146639511118,-0.0016967065058256514,0.005738360700873857,0.005609771850602074,0.02131797029882354,0.006347642437627643,0.0041555965660386995,0.02540161692192422,0.014311102073323312,0.01457940176796746,0.014545488709915455,0.005797118984314453,-0.03863756182201805,-0.004331074095785481,0.00353402198630981,0.02997590877511347,0
2024-01-26,-4.9568934864074876e-05,0.012337261320229942,0.008402294735658566,-0.013688303362345944,-0.003188993491867853,0.0025326136238323915,-0.012829973130325079,0.0032613235641976157,0.0035496988340200097,-0.0003759628457827846,0.008623729088166776,0.00260110716733597,0.003341700857838026,-0.009012751818466835,-0.0023218800083821822,0.008684596622424712,0.002107248391156613,0.002441673376231135,-0.009510373069290812,0.008518597609244116,-0.003816766209818967,0.0087815798539439,0.0052708940039156715,0.007805102207141701,0.019862278788737475,0.003960694278734023,-0.017130515020586157,0.006402766027068019,1
2024-01-29,0.004164965361157513,0.0011257714580574785,-0.01576725193245876,0.01160725432059273,-0.0003253046819037264,0.0009883811190538605,0.007332077990382935,0.02829166090907087,0.006063772472235884,-0.0008780908014589528,0.018638925802070716,-0.008254720729001241,0.0001278257559498286,-0.0035859719435982207,0.014334246396066952,0.01344896590822775,0.008673147512492374,0.017455620677833794,0.023496223417591056,0.0012619420347472765,0.0026121329768347135,0.004687314431440548,0.022336401331426226,0.0017274776876168296,0.0026630270066543282,0.004674598899850002,0.021347613679504995,-0.0023133979201627186,0
2024-01-30,0.003110828056498649,0.003935906383247811,0.013545206200338944,-0.014218251235537993,-0.0008343042513787591,0.007241676341710024,0.01658099496293719,-0.000451350070565959,0.0028459338823509928,-0.0037020719868490204,-0.004868317977702041,0.009988242152061177,0.008517077645996851,-0.019245890343149163,-0.0027579909009274317,-0.014014601164705653,-0.013353983140403258,-0.0023939384471319824,0.00494672291689402,0.01667815860689692,0.02049442383196909,0.0033324919242867512,-0.005641586788503239,0.008742245986968378,-0.0018435566397162484,0.01046347884607668,0.012753197435539487,0.016231960250649324,1
2024-01-31,0.008318928055008667,-0.011593508297927713,-0.025314844878290943,-0.009615185590606035,0.0008241081449942289,-0.02505445488986402,-0.007392651965825725,-0.0230773704393733,-0.006844558779467214,0.0008185877166382305,-0.010964933088884798,-0.0028257272860633398,-0.00222243504955566,-0.019357443210262337,-0.026946357193651682,-0.023899390262627773,-0.0750032524159352,-0.02479613582064988,-0.019864818277688046,-0.01945636478034163,-0.010835492464328689,-0.002053293766047015,-0.009180927180437837,-0.006426156490622836,0.016143609079455556,0.009074782143587257,-0.014035645444879008,0.009127024120550775,0
2024-02-01,0.002245702926946258,0.020144181537135264,-0.02676333315932078,0.01584073834823574,-0.0036408998446917362,0.017653607482164047,-0.00041679469615751863,0.009641029560478298,0.025046144219809552,-0.003398236856221093,0.019102859168443898,0.003305829303045682,0.01298202941622062,0.013340504062263836,0.01559426469358094,0.026288672108771616,0.007566069051450519,0.011893089005747814,0.024379457870301602,-0.004085296107075753,-0.0036133043976304124,0.018517452998862538,0.010515296996651324,0.018809805744521846,-0.008988900304523595,0.02602232200538701,0.013869467071930153,0.019785314901232587,0
2024-02-02,-0.008231867712646168,-0.007887297805742266,-0.020861567622511346,0.005533020178970727,0.006546518613900432,-0.009112950053591362,0.010446780474733242,0.006554133296985842,-0.007215454720872816,-0.01105069780305723,-0.026778198631508432,-0.008472453004758629,-0.00684749362986925,-0.005405025641491923,0.01842602814265093,0.07866649218561839,0.008642544679229536,0.20317625217558866,0.049708982701214266,-0.0041017282717673575,0.005756044035995389,0.007486162953539877,0.0007213025466601408,-0.004251622206691175,0.006093098694121002,-0.0007377034253482906,0.00046926821709236677,-0.011641061974416278,0
2024-02-05,-0.005107816187203462,-0.005850732624394062,0.0069175430055929965,-0.0185092045824653,-0.008699545159365218,-0.0185041349599675,-0.012478697695967655,0.008576268559699285,-0.008259015718428797,-0.005172098842088357,-0.0374893315491861,-0.01780212380179247,0.0007589384392416854,0.00984662219290322,-0.013544931211159406,-0.008730574595861018,0.009130497633096146,-0.03280061287265912,0.04794417685631047,-0.004119030843802385,-0.0013161918844128984,-0.00536638723093219,-0.004941794338569672,-0.0002924905231117547,-0.014248615182351765,-0.008293824600256294,-0.005772225383179563,-0.005608276165119719,0
2024-02-06,0.004344201530455782,0.003125613152430873,0.007282203739850113,0.02395516849647783,-0.0035447479784265212,0.019981998656835476,0.005143189278462801,-0.007913485802189868,-0.0016655316978716472,0.014505555965591554,0.004645442785270459,-0.006766643711719422,0.004740644117859016,0.008631668725098018,-0.00039471358868958806,-0.00681113075414308,0.002923248860469796,-0.010208605565942275,-0.01599550850098641,0.006893254016669292,0.0034382575243734337,0.0068183504362222536,0.027314934401228008,0.0029253702357596723,0.015329296557135219,0.008188168868683787,0.0042818924393142055,-0.006768203920187843,0
2024-02-07,0.0003440408807446893,0.018077069396029044,0.007502429001149835,0.0007466115941106022,0.001430711534839757,0.007083564675673504,0.004338019554380068,0.010530700422894279,0.0008342920084980499,-0.0005059373696237879,0.002667642550939542,-0.01654496786417181,0.0010064138237007025,0.0005811592621962625,0.021110334149335275,0.008158468416245013,0.00999301871060343,0.032701269647362086,0.027498196892807636,-0.0002934224893813564,0.0018845666208535672,-0.0025321259592682166,-0.0015107645827489025,0.0002916252986993051,0.01707560267917496,0.00306179276501628,0.009502814450050634,-0.015900009205732646,0
2024-02-08,-0.0014740566391389098,0.002839838350282564,0.031952350268743546,0.003481555443601625,0.0017241086979722375,0.008682217153140437,-0.004189770579973162,0.01076716493533958,-0.002667194458459643,-0.010001240822971935,-0.0015963271004653112,-0.012617509510167602,-0.003016513350807659,-0.005754725750713896,0.00014498650443628414,-0.004046223223746481,0.0025422356463640217,0.0008730412951090116,-0.006533566136057045,0.017119812076132668,-0.0035910831137508925,-5.911510987055557e-05,0.11498898578389216,0.013880199536631999,0.001347674984869096,-0.00790188236231304,-0.011080570569040216,-0.029428922436765093,1
2024-02-09,-0.00437944225843423,-0.001566955398333847,0.008134283747808446,0.003965477751083135,0.00014005430257113538,0.005906570856623494,-0.0020257907136803643,-0.0022263046787702745,-0.004512828963761706,0.00230166892760586,0.005151920533482013,-0.004760726744931998,-0.007690528685301956,0.004093959478346898,0.015551198896937679,0.02714319777292107,0.02117739952008324,-0.004021250954107214,0.03578363856059008,-0.021159861904464616,0.0012013111568853763,-0.0005313743751829136,-0.01944997024158379,-0.035548033991485095,-0.00359562669996516,-0.0008292420387120414,0.002357156581771047,0.0011891488627258084,1
2024-02-12,-0.0025206828118271574,0.006333504361578202,0.0010411482934342686,0.001727837700141066,0.0019436726497759071,-0.007910842088505454,0.021808151424837385,-0.013662811888920712,0.0023506187176072224,0.006953505482386602,0.017143776430224467,0.009566773184039423,-0.0019689186795566194,-0.009001794004151242,-0.012578586985853568,-0.012095159915523457,-0.009865753187455195,0.0016877446771066396,0.0015941142483510973,0.013756458728656273,0.004456921570530126,0.006025606487226387,0.008303342828698268,0.017534345229429205,-0.0011191591436475745,0.0018126694071705085,-0.004920118939623075,0.010688795560027886,1
2024-02-13,-0.012535887112236854,-0.021507847355665688,0.012350553825419386,-0.014046181366461519,-0.0024021357911608865,-0.017857233676020767,-0.0353758084498309,-0.021474501312293448,-0.005862765667303482,-0.00874258699226349,-0.03996520825216765,0.0007484918427047571,-0.005346848196091325,-0.011274483744264985,-0.02152848166633836,-0.021469171561243172,-0.016200264891485405,-0.01872463834341731,-0.0016609738738044832,-0.008608940601746773,-0.00870358945535743,-0.006811553745041499,0.010705375674576079,-0.010139863767049895,-0.0015261570559439441,0.003814998372379863,0.002690413634986566,-0.007050227715555413,0
2024-02-14,-0.0013046191751149294,0.0017896810721254042,-0.015795599249386005,0.020744774857430093,-0.005879202295596797,0.01578050747076465,-0.0018748402559577437,0.028454685752548947,-0.0010109232786006395,-0.004665333774066416,0.013755599349628334,0.0004983228615014212,-0.004095265771761003,-0.0048097683195170715,0.00966523770028771,0.013875689909627953,0.005512027577426304,0.028601233082054867,0.024567490291333538,-0.00493385445582073,0.010157241323303978,-0.0031927203422242867,0.00995839679802124,-0.008053012335982657,0.00017412938111949217,0.01027238011559839,0.006344597609861724,0.0005916320255585639,0
2024-02-15,0.005928717514105619,0.007955845515554394,0.018136735395592574,0.0039176102952753755,0.0021679108452647977,0.014296918322371788,0.019522015253150338,0.00964908277935761,0.00185538472116753,0.013997563974117888,0.022495995463431173,0.01095887315195232,0.008867006738501937,-0.001574762784602779,-0.007155223920512932,-0.006901349311422389,-0.02172113423049582,0.022713723678055908,-0.016806537570708935,0.028659299811873318,0.021814542224223077,0.004092522292483691,0.007977761932368654,0.0020294977865098485,0.0076218154846299235,0.01309145951433699,0.012321929741024418,0.01064441914751657,1
2024-02-16,0.00469508242779515,0.00351722306076363,0.014866124314449669,-0.021463397321715427,0.0038892439644739873,0.006770314257348309,-0.0025427552531224196,-0.0076042121722692535,-0.00016847195180214047,-0.001148534955734637,-0.004190719008404842,-0.0024635987842025475,0.0031846879083741175,-0.008430215144822228,-0.00614922999751677,-0.0017079419299743659,-0.01575972322768482,-0.022126712301539952,-0.0006194688031345708,0.0,-0.004670156558782335,0.0063205676182302994,-0.007558898264003466,-0.009174421433733815,0.0012864113202712968,-0.00668397148123101,-0.00861288712449626,-0.007021791675865363,0
2024-02-21,-0.0025647108122688334,0.004302715389898681,-0.003453525735641727,0.003940768457113997,0.003503573049315589,0.008122888405116324,0.009752373709922102,-0.00991649388124427,0.008896160314668222,0.00519447571303111,0.008655537124293788,0.01481477455867064,0.011923823729859784,0.004185838698273825,-0.0015145244657338575,0.00903755380828164,0.010133243098130462,-0.0068329281014853915,-0.02850888438969601,0.020438065196494826,0.006509722889180614,-0.012282477628248967,-0.016173227088035813,0.0010672527646597985,0.001746436626206327,0.016159400973147164,0.005851456812024036,0.0053221776815142174,0
2024-02-22,-0.0012857130957182328,0.019800520290267132,0.008984686373241901,0.03336596456452834,0.0006708392833341126,0.015135093317532045,0.005666349966387818,0.03561976951514523,-0.0014696194158531073,0.011154609045429531,-0.007530462673697502,-0.00900238166224987,0.0009973787167250059,0.011243968740243915,0.023546707944516188,0.035530017339574504,0.010802968926615586,0.03867269613468194,0.1640087222473947,-0.0008585763180526396,0.011995700283595756,0.00984450408667148,-0.0002786362282750643,-0.0034352043419954015,0.008678602548456427,0.027251838529864347,0.025256558357819703,-0.024117656277272248,0
2024-02-23,0.009357837733815932,0.001669673660501969,-0.02696861379114235,-0.007139229732181285,0.0004871754532318473,0.016411008752660772,0.0014853691550600345,-0.002894589024708849,0.0008177835630802655,0.008663244904264511,0.001940985520165528,-0.0017186577926694424,0.0029273060456629363,-0.010034076353453658,-0.0031824251049716867,0.0023485144793740087,-0.0009019150791718111,-0.004319822758594549,0.0035523029731110434,-0.008781890298493633,0.005025186543810678,0.000855240277346736,0.0009289734271629158,0.008023622707530986,0.0014055296679555962,0.00394447417290289,-0.0005286803616506575,0.012658124976554053,0
2024-02-26,-0.004954368540613041,-0.0009678747202953586,0.014250281052778702,0.0016777859206855705,-0.0005194228009101076,0.001793967381976902,-0.0021226322253701246,0.02592218424938908,-0.008006564264884997,-0.0064880273729026605,-0.019816953133694026,-0.023856388182135646,-0.005030064544090274,-0.0074513398830708955,-0.006823555832446426,-0.0014858549486425066,-0.044387396821584546,-0.0047310215119382715,0.003489206944823131,0.003948380485743641,-0.0034240977962046726,0.018455131132099956,-0.0005568376223928917,-0.007901081328585913,-0.0036414335133130304,0.002302207204929241,0.0019393007420571706,-0.011904745854227072,0
2024-02-27,0.002711363076164597,0.010656586656189848,0.016628008315036746,0.004546402768887514,0.002853848012403848,0.009480727980945014,0.001512069611651068,-0.0029628606839507965,-0.006094632999273375,0.0011817024149112232,0.007434318420852071,0.006046960109823418,-0.005742159424841686,0.008114543800536556,-0.00014703061145271423,-0.006810521779339163,0.009522359085937682,0.011022452569588337,-0.004943878031230864,-0.0021102663948660005,0.000490875090750853,-0.00016780502946334153,0.016158963339320875,-0.0005943035965538801,-0.022653015744262928,0.0005060023814487113,-0.003448657768213237,0.013855474254402811,1
2024-02-28,-0.000491642084562427,0.005458386702908324,-0.0041841234888125856,0.0007148648906292188,-0.0005639159695992602,0.014817866172520455,0.013193782302468371,0.0009015129495695273,0.0009944049597629956,0.0035409229275593646,-0.009359277619271245,0.004257185575560873,0.004708001832265829,-0.006625720484918274,0.0005888197393877359,-0.0021896371944472026,-0.01800115566532612,-0.006221117222411698,-0.013189128338179201,0.0027875359636240216,0.005069565835586376,0.0005034339157132806,0.012612059829277378,-0.006719753216847146,-0.029488480148479712,0.008636116848312225,0.00868728115971562,0.00772416913511087,0
2024-02-29,0.0062469017077595446,0.007944741245924813,-0.003565046804596128,0.006188890797195645,-0.0005528021705811792,0.016555306709279627,-0.010503999722827673,0.03019000057271204,-0.006291392662131079,-0.0010523915227005354,0.0027252884951711742,-0.001994559376114924,-0.006935179590189633,-0.0036928671793867718,0.014519844527691061,0.02078996747858297,0.015251641703472929,0.012623561040987274,0.018657501509145025,0.0019173241521113216,0.00911167095416121,-0.0169404572032662,0.007039606440086832,-0.002563757819001533,-0.0093923099130232,-0.008541409945828082,-0.010468083938899975,-0.0017688084153383299,0
2024-03-01,0.020139782057614797,0.010089311507001764,0.02185023048550372,-0.002602136044146164,-0.0031226566602047257,-0.007485362400244111,-0.002441797109411281,0.026099285817831275,-0.008163974850032063,0.004585444688464335,0.00036232030958305295,0.0044976816265014374,-0.0005661085057033777,-0.0060306084141947824,0.00449659855605522,0.00825982552183624,-0.00953375120255906,0.024830050376265955,0.0400320047361753,0.012629047743067945,-0.0041386397648743856,0.002559191227743618,0.0033160205391671305,-0.004536066645633774,-0.008245668961481378,0.003938829183596004,0.0018394941000638987,0.002953365155629939,1
2024-03-04,0.014758757137097955,-0.0106126800802403,-0.01538080953055132,-0.013994483056924745,0.003491335816306229,-0.008357116933512154,0.010693068262723981,-0.007069013827846526,0.004703537811942438,-0.014063693121314835,-0.004347005879032584,0.0027362266553931924,0.0044695346719729745,-0.025380985664995026,-0.001395864237414668,-0.003591063770984282,-0.027635733561606868,-0.008182376268696556,0.03595093809409411,-0.013983156386273232,0.007501756841048257,0.009189943455158556,0.015542697948093487,0.00473886078270036,-0.015647602830880403,-0.0170782350027624,-0.009287988937834224,-0.010600730281847048,1
2024-03-05,0.00746094781717388,-0.00504775268370139,-0.007492968680433476,0.0055328602234323565,0.0011506775155347704,-0.00493319428783634,-0.0034161278015281127,-0.05050239339021134,-0.004848766619420131,0.0008136013614072901,0.007822506692561015,0.0009920839434729434,-0.001504097331591514,-0.028441088286634386,-0.029572021197425857,-0.01948421375262155,-0.005099386256603999,-0.015997776755951376,0.008576389467988887,0.012265106780752655,0.010017196826783703,0.012478874542379392,-0.007212709778548043,-0.02013670163149961,-0.018096164946338034,-0.0020705123225498445,-0.004099075740339964,0.022023773410106307,1
2024-03-06,0.007874407700082076,0.003296190856509895,0.012539932289246991,0.005263070455762131,7.599404215485883e-05,0.013220376706667425,-0.0034279195354683933,0.01680356846690345,0.0005041213088410323,-0.003938301236385167,0.002346705528002424,-0.010408728009153378,0.0015690002398021097,-0.005878180425293755,-0.0013908058615049734,-0.0035033346396604603,-0.009572833995610708,0.011974148260876838,0.03182723271291832,0.010696628327222069,0.0051975202693907985,0.008827577253846197,-0.024895768461514867,0.005924709547395768,-0.0011622928128873777,0.008726941045116954,0.0037579807837864188,0.0005825172093223419,0
2024-03-07,0.003580872900073251,-0.00235809569200085,-0.002527447936105487,0.018086725452189034,0.004011016541833223,0.015086706899901214,-0.002926442234409077,-0.004444203250477119,-0.0018472838549787873,-0.0029498232721653084,0.012965790619138495,-0.010017502787858068,0.006580090933030691,-0.0007095999570956302,0.017533627196926194,0.019076784751165476,0.02267910893734948,0.032453776984683325,0.04474641655240097,0.00561959732271089,-0.008758364541893826,-0.0034672130279147506,0.00109027077112267,0.0006746087376063858,0.013076485449257325,-0.008609013383895525,-0.007737882300443921,-0.007567122188211095,1
2024-03-08,0.009545921064064045,-0.008498193464658632,-0.011655874387282661,-0.012622719482721312,0.004642906047294559,-0.002309761803412802,-0.0037071524885159413,0.009456973910015432,0.0013459028209312773,0.004091512062054603,0.027733412527775725,-0.0005060002447618839,-0.0016807652578227916,0.010236630697807447,-0.00713716273391074,-0.008313545751684748,0.0076646255769634575,-0.012183013226123807,-0.0554770926215693,0.009406763590902978,0.0018629513552619326,-0.003976093652641288,0.0012706803222444218,-0.0003677572769462678,-0.0006918643980738937,0.0036789536280528168,0.006396803419913333,0.00879780125820595,1
2024-03-11,0.0017900955517011763,-0.004901638826476207,-0.0010255329940253022,0.010416679244616978,-0.0006565677953876969,-0.008354322744715592,-0.0021446818665433742,0.0023587215391629446,0.012096844211631819,0.01071958321452171,0.0010378395877355118,0.015692357085736575,0.007483537001616636,0.011831629397762944,-0.004184765355595865,-0.019332758891648982,0.01669021652569147,-0.04419403376532516,-0.02003929046646058,0.005904972795739427,0.0003718290932683832,0.008982053855355554,0.018038464910063556,0.010303431086048365,0.026396845373701572,-0.00021319305978040326,0.0018569060759983103,0.007558260796713734,0
2024-03-12,-0.010126047036082442,0.008128968490866306,-0.0047478858608122065,0.0018743663442124525,-0.0010603929401840073,0.014007362602632245,0.0052310051454640405,0.002025873924452082,0.004316059699069896,0.009365618490593697,-0.012441725548070881,0.0,0.0023522025655804413,0.002778667221941644,0.026599329577315256,0.019946455814511488,0.006028821065583667,0.033416659242183844,0.07157180855139744,-0.00642079951120067,0.00823211617663322,0.012363970331167096,0.0013355530163008389,-0.0011532797858772037,0.0004089438289858194,0.007907650159694635,0.011976248345160645,-0.007501562034474385,0
2024-03-13,0.006943158988170106,0.011881079654307847,0.027849455003883472,0.02689431881669191,-0.0003278122880970846,0.007407358777733464,0.010639296041771384,-0.005028828663726004,0.010247958692261472,-0.010077420350054656,0.04181987741241966,0.0032392105321186193,0.0022851557819083546,-0.012122571529903814,-0.000433470061947383,0.0066708374081581034,0.009313814736047421,-0.00836406166021697,-0.011151957329906259,0.011170709870009343,0.008111873563166894,-0.0021169775867985186,0.00035569104982280386,0.004619150455781984,-0.0027587674535153317,0.005794472139733831,0.0042967888321605585,-0.0005813757340252801,1
2024-03-14,-0.005700056495539285,-0.009815606169346847,0.019317622829230663,-0.01935775212080726,0.0025197242768419947,-0.008644680653647097,-0.009431387770658883,-0.004463818696404109,-0.0022264722178474416,-0.01173213246097482,0.0,-0.01217071784530599,-0.0049293164573341874,0.010927119605935731,0.02437958644342686,0.012403729449981915,0.023678540350283717,-0.007547088787666412,-0.03239140380940897,0.017712093573324594,-0.017817706739428174,-0.0008513969448297187,-0.0039112103655301045,-0.003146071695830255,0.002049143303833434,0.00813703038148561,0.004453882213960814,-0.010471289929773309,1
2024-03-15,-0.0026352062745608196,-0.005435982741430645,-0.002707374045281208,0.001393505611470447,-0.006562695389562556,0.010223608269632978,-0.003602495184604426,-0.02963868774189471,-0.010247880215630611,-0.006469225343370466,0.009069497739185417,-0.007040463094973304,-0.0007430148126399416,-0.002196432424528272,-0.020695016458644133,-0.024223786467438835,-0.013417388742173464,-0.015716622459660323,-0.0012166419586961963,-0.0017942671551444134,0.012395415526218923,-0.005571963062850349,-0.0009815720074477507,-0.0007280603195963797,0.0037218811599706303,-0.00761245513806319,-0.01176626682126436,0.0023514787290854766,0
2024-03-18,0.0015759988257531,-0.0035368344003391394,0.02073050698662926,0.007420777886922636,-7.623501546549782e-05,-0.010219298704286617,-0.007334517695567588,0.020997011472700278,0.004174984745470178,-0.008977355450682789,0.0014979065875113662,0.011142029913941753,-0.001053462781471115,0.006372362504787343,0.0021611926836975215,0.00034398325434925603,0.0460408668671235,0.026605961216739082,0.007035797096392571,0.009256844084868376,0.012401589907555133,0.0029664292238005263,0.01697187370343234,0.04008245554413814,-0.007681046448758,0.006431028491985735,0.0071013628771710025,0.014662896662399838,0
2024-03-19,-0.002036331949451742,0.020166420508354932,0.009066731007401074,0.006906399447256906,-0.0007937371227215717,-0.05593423839981004,0.011161309457204727,0.0031279488632929286,0.0016630371536587862,-0.0035082971159287046,0.018281679657506045,0.0010017502787857957,0.0038460686480366046,0.013585075942063485,0.009800676414635667,0.00813845829732096,-0.0044014092765454205,-0.0014889478326811645,0.01066075476764805,0.0070346602360540356,0.005865079630062331,0.00016422164578400178,0.005797111034227864,0.0031530803683301745,0.012873582800623229,0.010670307364665232,0.008068917719032509,-0.007514509141287373,0
2024-03-20,0.0007419438294287151,0.013178289754965933,-0.021444841132737036,0.037494221205006895,-0.0009777760139780822,0.030048826524449623,0.02009460884274694,0.015359145809700658,0.008633543561557877,-0.0028809475496208714,0.01517865045889466,0.00375260750705797,0.0009884645880293697,0.014709243473686406,0.00906488229089586,0.012791359170393646,0.011630323606776072,0.0187007056059727,0.010895047614699838,-0.0008841726516686244,0.013107076405569629,0.006242921386623079,0.017029033701757568,0.0003494446983269839,0.0018444816041556233,0.00834711175892866,0.006716504487048747,0.002329566288203244,0
2024-03-21,0.011353631358614003,0.028068984661978824,-0.007468175906861663,0.013662446354881341,0.006803066718666706,-0.02051337770367967,0.04348360163213427,0.007547147258361031,-0.0046090078992618855,-6.417583593731901e-05,-0.013504851207696733,0.01046895912083401,-0.0008024728080801014,-0.040857484514216225,0.009735721193446123,0.0,-0.007664444007228655,0.0044310463055836635,0.011762421546082535,0.0044250681677346915,0.013905098981334074,0.003265302380446755,0.0020608458681252717,0.0034328685886448884,-0.005139276061467357,0.0012294281642242222,0.0037679381796271727,-0.0029050646822337267,1
2024-03-22,-0.0111344417956597,-0.012449265065401005,-0.005427438547706553,-0.00891300732224265,-0.006843421167792574,-0.0021048329399782073,-0.01665429834434007,-0.002010667728888471,0.00033077767877776054,-0.0033386119778192613,0.00684489763253171,-0.00419368163342726,-0.0012356038052768747,0.005310271869249705,-0.0014670696235289382,0.0040415450203241665,0.02147694839036829,0.0035842897394950946,0.031213327065570118,0.0,-0.01225774590643025,-0.009438671385970654,-0.007112165492115241,-0.0024932966468580453,-0.003294752939500989,-0.014263999060362131,-0.024485926940077896,-0.01048959576164643,1
2024-03-25,0.007738265333480765,-0.017346618804181757,0.01637107453539266,-0.0037290720546875322,-0.005047075233675091,-0.005062221318656079,-0.004621072815185201,-0.005555965235500171,-0.001487940091190687,-6.429006671271331e-05,0.013434660564203504,0.012385457632606567,-0.009093150169819486,-0.008300365706744306,-0.013714726661148813,0.004696213001679439,-0.004642834497836756,-0.012873351204052641,0.007562029799722758,0.010221157094477684,-0.009154432049476191,-0.004928402982820934,0.030119844573744503,0.0033716858342476286,-0.008549846912696335,-0.011688443468689136,-0.007237357870352179,0.00824503361528639,1
2024-03-26,0.0003678723607516421,-0.009334731969214083,-0.004026775032933472,0.011228571969065237,0.002839613982804634,0.0030739900287950483,0.0030622194860701057,-0.0007515729695904971,0.0023179926143541696,0.0035432082721986724,-0.018846741973491454,-0.0004895200505390385,0.002247273131481542,-0.006672577301716887,-0.002861518415419373,-0.007845994154095037,0.003998135106315859,-0.014174219433631619,-0.025694192657452875,-0.007500883245729728,0.004670847476598405,-0.0009906268684506392,0.004775524899341299,0.0007531567058451927,0.013233728272953993,0.0015964097177472159,-0.0021690990470450977,0.003504680551656536,0
2024-03-27,0.006894649442312106,0.01568707984528661,-0.003308064976415892,0.03004585320192943,-0.0005415890093947162,0.017013670473664755,0.022329934588985134,-0.014550565203665378,0.008093741370055252,0.014059248465653429,0.038417661665462566,0.016891544924960256,0.012831019513237063,0.021212625795592688,-0.0005218093740043672,0.008581036192426339,0.0013273023884188273,-0.004093838597096999,-0.024967226608567317,0.010369721824522449,0.01936357846291581,0.0034704065848985,0.00875513310814613,0.004863102508402717,0.0016047611539562467,0.0024119099723374227,-0.00563074969163202,0.021536570929041376,1
2024-03-28,0.012234001411838502,-0.005934387684416675,0.022372461327128335,0.011836849610376898,-0.0017517638968261862,-0.00841644529797314,0.005876042871510112,-0.0006636590255518771,0.002457935652727228,0.0014561046993697424,0.0018812859278447558,0.010110544374001718,-0.0022139288191500572,-0.01055924320276369,-0.0016847325770332766,0.0030584610251771505,0.0003976322869663207,-0.016765789994626634,0.0011744617198645724,0.01104644014492373,0.0039092498225192784,-0.009057961590651531,0.011406744270614055,0.008296182696263088,0.0032446932535321604,0.007574028978910352,0.00021499020005788516,0.0028492141890621436,0
2024-04-02,0.010954616588419341,-0.013667420768998295,0.017202275201952055,-0.027374565178460153,-0.005143150317636236,-0.00817611740898705,-0.008125744459074657,0.0057566443235967935,-0.008734267168170051,-0.0003167710566595039,-0.00788887480955991,0.0061495164465541485,-6.245033801877131e-05,-0.006998962797422403,-0.007372039741774916,-0.0015472110151306673,-0.005981211665134878,0.012251981463240469,-0.01008153270421297,0.019574387924115255,-0.00040215295311618604,-0.014000011438661253,0.01061460958024174,-0.008902882444458027,-0.06444770789725751,0.002153093939535111,0.0005750552733607694,0.0011427568378505892,0
2024-04-03,0.014772181487726632,-0.008539952332624612,0.0032883003438559655,-0.007036255735868857,0.0029182757337018472,0.008032111281790932,0.009386968579851551,0.0024341002493153407,-0.0053200574513171395,-0.021999753934366484,-0.005248164763115404,0.007052431166994166,-0.027526781697556957,0.004797561066969269,-0.0023491642683123315,0.009519072430478781,0.0023290337906110015,0.018839012067454197,-0.005455384766018367,0.00016771319934072437,-0.0028159606143972615,0.004563903013419246,-0.03126523070981113,-0.010265844705756866,0.003492431269352947,-0.004192407023325129,-0.005315366538933941,0.005137059250129639,1
2024-04-04,-0.0024406615036484114,-0.0061684996100477285,0.013578321767190316,-0.014816469180018776,0.006481340849805228,-0.016565303962051692,-0.01871999426571669,-0.03478367124267745,-0.008858557744757078,-0.011409209264312548,0.0188648846766879,-0.009103850645933442,-0.0044832222726716164,-0.004892490946086792,-0.006112426921701775,-0.013212014767422509,-0.028337079011196642,0.008248930240755126,-0.03438489617369356,0.0035204165241862206,-0.007608555850329268,0.0011779994350484824,-0.01588509624369583,-0.00017685648774734553,-0.009483586475850236,-0.016023765862322126,-0.010687541277155876,-0.00227142113666845,0
2024-04-05,0.016121942308871873,0.0005312024776562563,0.003695661597790334,0.003923477438743328,-0.00011922747634585118,-0.0014925297351028322,0.004480126067254231,0.026416166728612023,0.0035414863703719934,-0.0007214518882973087,0.00706109724706705,-0.00777380395466587,0.004181589927260587,0.00450190662429284,0.018282689706348387,0.028166707356770848,0.013087075568194662,0.03213800034995229,0.024480689462761163,0.013782173820608756,0.009200153367214359,0.005882280463263001,0.0110172457622435,-0.0030062130486719907,0.0007903906075741318,0.015709843660445255,0.011460013038141037,-0.00853742039907679,0
2024-04-08,0.0025798684808746586,0.011680430485215831,-0.005522993173487367,0.0206251462966629,-0.0006065486129902542,0.009715986295317558,0.006052856746679991,-0.0005962547887290448,-0.004033090651417881,-0.005249739756490679,0.010595226164084925,-0.009259260246703871,-0.0003844112866496774,-0.006663516390456592,-0.002185529618049964,0.0006483768975988902,0.015410042621954334,-0.015341247197571573,-0.009942374849528313,-0.006756129504367325,0.005216568483534356,-0.0011696675341222873,-0.008700882332265514,0.0026014582430389233,0.0005705509862230507,0.004952963336114502,0.002237196460027624,-0.009758754861885821,0
2024-04-09,0.005060706383852809,-0.0017400812912438113,-0.01388403267389926,0.006594152218581506,0.0030636417249643166,-0.0014803773835389,0.00041398952789539756,0.0021210192483447354,0.00759249526464445,0.004617818046069422,0.00801722776869318,-0.0054791264785659655,0.003973394361193039,0.007242533483851732,0.0039804820601696544,0.002591909504893186,0.011301160993751447,-0.004525672623311161,-0.020417127775214206,0.005226075133367258,-0.006700979233231319,0.0001673189933020236,0.005283408137447099,0.006073634055266952,0.008158023517764956,-0.013971078617393218,-0.003744296480569509,-0.0042421642046753805,1
2024-04-10,-0.00593125766748448,-0.030048432658527524,0.011498248139624634,-0.022823083111495612,-0.0004018391107306618,-0.008366019621612097,-0.024226311768694053,-0.009094793496046027,-0.013395840305401086,-0.013723709746147339,-0.020954349603773625,-0.007835471761011292,0.003702345571752197,-0.01113924349838813,-0.00708475940697717,0.0015080453603608657,-0.0029373617751137227,0.005668560272077627,0.019741512323570465,0.00841721671791995,-0.008521450246559148,0.013881957381687737,-0.006611885423860264,-0.00972964132018228,-0.021034675464259855,-0.006332650522458461,-0.008094922527187354,-0.010059421025997106,0
2024-04-11,0.010817286278974603,-0.009099576295593104,-0.013803531539772207,0.030060440930135712,-0.010827671256997462,0.00032034451126117247,-0.008184385005369221,-0.0015686720087818573,0.002206408854307451,-0.009387763596275134,-0.0010937349542322616,-0.00888449286566817,-0.008903459745330133,0.04327072783409247,0.011033406955533787,0.016671181255133227,0.020942628272341057,0.00640580199540608,0.04109646175510062,-0.003355221635121808,-0.00020464520067742242,-0.008742966573413002,-0.0003412678042037376,-0.0034920947527267154,-0.018508980141002995,-0.0018329898619917628,0.004371944148240825,-0.018529559168924625,1
2024-04-12,0.000594488837575291,-0.012954441541415451,0.007527723409939346,-0.016166219357717004,-0.0013837832894822988,-0.026369196761238944,-0.020101811139660142,-0.016145737300860108,-0.013039873084365716,-0.008535303717392972,-0.013450019238310573,-0.010956225727615676,-0.0032727374317225166,0.008626938067069156,-0.014091041045833252,-0.015445639364236818,-0.010538884013754912,-0.02152294425967627,-0.026816392381592058,-0.011659311651485704,-0.06467784771935059,0.00083195447586637,-0.026803254311692504,-0.001544445473506073,-0.005704993244564527,-0.006256581530132754,0.0010155557237556678,-0.006699086884741079,1
2024-04-15,0.00407439854647107,-0.014407829410455486,-0.0029185149347662476,-0.004481507814799834,-0.007199109613056143,0.01809213117156805,0.02924359167294943,-0.07277790138220652,-0.002402242269648025,0.00047432341043163184,-0.005231460794744458,0.009818953857193335,0.0007723188008557091,-0.021863759606633337,-0.019578081922270618,-0.013485250630092094,-0.01819553865075796,-0.022797485263941764,-0.024777296048297814,-0.005732335965020541,0.0005471031783239599,-0.003491822921290022,-0.009297459683627607,-0.00684118400459599,0.014640263107024598,-0.012011596872178232,-0.01695901556214152,-0.004291960265208283,0
2024-04-16,0.010567249760766284,-0.009173601473680737,-0.0005854472498986185,-0.0021436942052048824,-0.002242108544694643,-0.010123816919641593,-0.010027998468459809,0.016526291858942832,-0.0013759254132394982,-0.02127497869424566,-0.01673305434859851,-0.008476856924276244,0.0032166479811219784,-0.01916731060886545,0.0022723677836133938,-0.001633742516860992,-0.00297066394796508,-0.0009396236476542086,0.016441612569260133,-0.008272191379564697,-0.011427460961208946,-0.0015016463908399391,0.00823373268033989,0.0032944298409121053,0.05219567875542164,6.518493483986809e-05,0.00025815018655128696,-0.009236346532436213,0
2024-04-17,-0.007988998354593546,-0.005972977974770366,-0.03127926604796116,0.02857156583296061,-0.00040354405243714364,0.003481722063504389,0.01776453112781451,-0.003929138482041572,0.007750515763161658,0.0022152082414086394,0.03387354990395619,0.0002514116061467231,0.006476450302967951,-0.008147419062656591,-0.006609010704587637,-0.011128128209780819,0.0069302340420864805,-0.01118523189284859,-0.03866595732682632,-0.0005055014197290486,-0.003982498794267486,-0.0031751561560486863,-0.008254237058167524,0.011820885245707125,0.02154019498685522,0.0007395216329584287,0.004938312069325823,0.0018646091044975943,0
2024-04-18,0.004469409231556698,0.000180257328256328,0.00048374548731788813,-0.0006266937960838215,0.00451316778317401,0.007806482268688297,-0.0019808164811531137,-0.015923633702902062,0.006836609266556826,0.006700433290862673,0.0034489072730832238,0.00879863902945277,0.008573086908638672,-0.005714187077352384,-0.018380927070511532,-0.011363622972558218,0.0034733990743345267,0.015439882696122176,0.007568111961784085,-0.000927198086958847,0.00649712583418105,-0.006538223402058341,-0.004515786502086727,0.016462176386676797,0.029624845886609075,-0.011865478023958653,-0.004840832086224212,0.013027313336092083,1
2024-04-19,0.006758113245871167,0.007419789755154227,0.004955832419659689,-0.005851552781840796,-0.002363091527059935,-0.00935979389436159,0.002207972546700576,-0.00570033520383717,0.02138834440489168,0.014889421830423633,0.004530470351157723,0.00897072392867515,0.005404011229927619,-0.012212489373518265,-0.012739060356737442,-0.02561096030926935,-0.01230688561186799,-0.04131128878115753,-0.10004598863146585,0.011474768503229038,0.025103421460114017,0.004556201531258575,0.0016010369417474024,0.010796881142543624,0.0161199401874923,0.0015175329508516633,-0.005859165956377921,0.011022579925499265,0
2024-04-22,-0.027601715254901182,0.0022363627535681996,-0.003488103411791066,0.030481381291252108,0.0013216500410460075,0.00923107448275684,0.0330445642220587,0.012723456923487753,0.006315435564488769,0.008180702791536598,0.015707654339985222,-0.046678278640427506,0.015176305076383123,0.005090948456869748,0.004610219263502913,0.014888568814227066,0.014212335353210426,0.001372110411162586,0.04354334460699949,0.005672468358794758,0.019429474211377196,0.010246897511176689,-0.005505658750429188,0.013380894876428462,-0.019755374671505677,0.0029864547264126795,0.009452279142510234,-0.01211390012575797,0
2024-04-23,-0.0019295086588689836,0.008598387729007895,0.00615572897553851,0.0042839565686441095,-0.00039414857141839565,0.01205210511290078,0.01593393471209681,0.010481541236333491,0.001486533106709098,0.002950454096993571,0.013627113466231577,0.028497540454586412,0.005980053771639238,0.00639142204862031,0.01648541409301507,0.01303389727631088,0.012669689141372453,0.02982983200251277,0.03653247286603323,0.003898523872142068,0.014413264315602525,-0.017459179447549933,0.015358413285892825,-0.029695083238466147,-0.010280233046289666,0.01328959831214127,0.006535980551238607,0.01164933687834524,1
2024-04-24,-0.0013747266567858407,-0.01766944647888602,-0.006597925236693336,-0.02620360387815701,0.004720570617393394,-0.004146738989217136,-0.0022642780442635457,-0.0017710126776896429,0.01500651380647855,-0.006886528163966954,0.005438087594595409,-0.005289842978176029,0.006811261856080941,0.012702401783511785,0.003655876615748177,-0.016430862529557833,0.005497361624377195,-0.005240769933156808,-0.03331585793334324,0.00016521988280238098,0.004892343480372929,0.013200175594942687,0.0018468502770379036,0.036152370728887995,0.0023036530165179148,-0.0006915558147961853,0.0033200568873850145,0.018787783210474807,0
2024-04-25,0.0022800812338674703,-0.0030929872400815572,0.009177661618607225,0.040467245403845054,-0.0004172858578515015,-0.005338490650972361,-0.007067899043878945,-0.011043001810526976,0.00308698511659089,-0.011513072803815416,0.005108491648693425,-0.006837139585798013,-0.00030768945644488177,0.005147369718897066,-0.024495194046381008,-0.016535467634067658,-0.01966976373607876,-0.1056130687089194,0.03708727055878902,0.002313105993547726,0.001501753025056063,0.005678991165224856,-0.010094853285474659,-0.004114908463928479,0.013461898057685717,-0.0008431744931155505,0.0005091660633298467,-0.013682328790654341,0
2024-04-26,0.002146106916992796,0.009367892771538155,0.00335047002895017,0.0008019042453180081,0.002779056228315868,0.022327197938963428,0.017902559606366886,0.004210438372790115,0.0,-0.004631567041791573,-0.013602686517968365,0.011728692197736201,-0.007751416450006765,-0.0034729022376658314,0.018243731689685294,0.034260361668536854,0.10224382746140726,0.004327275737212144,0.06175573657199673,-0.02777551806568279,0.000620685657977571,-0.0008304259465945485,-0.00035457419138062996,-0.006225908870806429,0.003017150181743755,0.000670865303124879,-0.0023260765591335275,0.010253381641367909,0
2024-04-29,0.004539940591891556,0.005103119575784243,-0.014549806116927466,0.01061713027587996,-0.002120068399481645,-0.0006300076281340328,0.007577787628244348,0.005286083078452686,0.0048590098944389926,0.00465311827101722,0.021670276529843324,0.010332592649281658,0.002294069401676646,0.024808044540281404,-0.010016615492990044,0.007460258507441919,-0.033730831245126436,-0.024069976492510525,0.00025087682757884977,0.014242121460878554,-0.0010853402142884105,0.0013297728392780428,-0.005765996408054086,0.003189506677805376,-0.012758652226822265,-0.011504753475636065,-0.009762574885639586,0.01611929075982288,1
2024-04-30,-0.02302379220960915,-0.0076603720735706204,-0.008471462804184426,-0.007532212251683101,0.0008251340439218158,-0.016915355955171907,-0.00951710373879111,-0.024660787393783523,-0.004351969233614583,-0.015188510511369602,-0.006674872368984119,-0.014966275767010928,0.0095259876330831,-0.018271005121322514,-0.03211941699469467,-0.03293549122868411,-0.020282771374047215,-0.005663156259025581,-0.01544038262357783,-0.011451159387394938,-0.007967616343403372,-0.014774181862953872,-0.008743836004298955,-0.0013059521766747295,-0.010899232938994863,-0.012907529813049101,-0.01188179022358804,-0.007638117512234088,0
2024-05-01,0.0037095227207202264,-0.0067320691946476385,-0.035762239646796146,-0.0009985176991826883,-0.004586615036051955,-0.0004274733794978891,0.000562643218103398,-0.0009296671736180873,0.002590200199559245,0.045577054402171635,0.0244887988675635,-0.0073436399725851365,0.0012255383731998304,-0.006046983046930299,0.014409300430773486,0.02285714285714291,0.006634647183750397,0.020968577909669328,-0.03889982425089922,-0.01893953770031942,0.0006257118890262703,-0.008424656125656904,-0.0055804880941539015,-0.004320402113431654,0.0008476513700328425,-0.0202348215188507,-0.004802641800302987,0.0017764800549995297,0
2024-05-02,-0.00030433984155642246,0.010723851979680621,-0.0006329500222508333,0.02019173948053421,0.005157048926138108,0.00866030917297067,0.01316315132508561,0.01280278070364127,0.0009689388352431827,-0.008334463153208627,0.0034980054431075214,-0.006887720525569518,0.002692685883026291,0.02203188474645512,0.007342969717398784,0.031955314082140474,0.016843688708640725,0.005669396845665364,0.03342933709912055,0.0018098150352363618,-0.0010423954712920347,0.014613448223537606,0.019370015695901133,0.0017128593113842072,0.01830165732852107,-0.0021942283559148734,0.0010850064830503214,-0.005910367506507308,0
2024-05-03,-8.696554285025915e-05,0.02181635759823064,-0.01063959937124892,0.010190055788591001,0.0010733945474359352,0.013885963519137956,0.012968847856826393,0.005622449785273043,0.0029036745243335993,-0.0043355523108140614,0.018736165923471937,-0.0010275725534348856,0.0037842791773372575,0.059816057295242864,0.022169717958890223,0.008066292135759712,0.003721024169980547,0.02327477198310035,0.03463183068783815,-0.00206476568458136,-0.00600021605415868,0.0018422093607459722,0.009234549735261277,0.003989837695914877,-0.0010547286241199272,0.0056221331612105185,0.003288211881836256,0.0017836838386799947,0
2024-05-06,0.009830403504240914,-0.0016334209190201898,0.004736944612608207,0.026770321345232606,0.00233441227800002,0.01317312363126022,0.012529217459928521,0.007198822157176821,0.0028952021634891523,-0.0046226226905291545,0.015825678441406588,0.011314015708366654,-0.00012156563534548859,-0.009106533964616026,0.016918331372380857,0.013371946429286963,0.005142256359313757,0.03035672487561647,0.03774120525438596,0.0064655114052196705,0.007821040389546452,0.0008358399732155686,0.024722864409097767,-0.0018734016939163656,0.003919058300956735,0.013052919213184966,0.015568424229831068,0.008308638345016162,0
2024-05-07,-0.002756782484130804,-0.004674485004365403,-0.0012742877069052971,-0.013791910816189246,0.0008721746157627219,0.0006190704307824646,0.00029291067514547464,0.005623495755381125,0.004330396763247091,0.0009422077860177236,0.009824362651524865,-0.0005085609063780749,0.008027066125656734,0.003797073460595657,-0.010156205507167448,0.0003179520909595279,0.01873885107318629,0.005497200384847689,-0.017213013383834963,-0.004967876574220598,-0.0013020234823881705,0.01252719405664493,-0.0951319191668325,0.012512817516266983,0.013309449284204966,0.00821157904090497,0.01389972653770366,0.005297321457905735,0
2024-05-08,-0.0006910217473075075,-0.005459532632068109,0.007782605661228903,0.0015326031615323643,-0.0015803038824503401,0.006909347155946044,0.007097905617432287,0.006457724727836123,0.0036730137354170633,0.0015466824651813038,0.012508791427144228,0.0043245736512820265,-0.004162491094583554,0.001864124338099682,0.0029314812431942006,-0.004026247769404412,-0.010919603102981679,0.009311592863167961,-0.001568034809883323,-0.00017206076206977006,0.02033891408615629,-0.005278792904143459,0.0004745892685520392,-0.003426524587957447,0.004491536200870394,0.0037742840892744933,0.0026405542565566265,0.0017564071052069696,0
2024-05-09,0.007996196066356154,0.02541111915125338,0.0034182083778075967,0.008990030547372463,-0.00033310542298736756,0.021712417302412357,0.01926378199785228,-0.013621460112494876,0.00047737770870104335,0.006042300035030479,0.023747270337223236,0.007852353276404322,0.005876206477352097,0.0100142670258494,0.00433564132548514,0.007978723404255428,0.003424181010809546,0.005966955490096293,-0.01841562264106289,0.019715877229959933,0.009455847108707616,0.005791112908335672,0.003414276255482296,0.003663871307302502,0.007591255758240045,0.0015832039728231884,0.004870281031774448,0.004090973566613254,0
2024-05-10,0.01509367081080737,-0.0029071551500647885,-0.01261670417673244,-0.0028435108102276008,0.003559004264149568,0.01734161591017358,-0.0018217984352777439,0.00545126330604595,0.006043187309753062,0.0004003499612741379,-0.010592496606074087,0.015330285620843265,0.004878607581893624,-0.006890288909748854,0.00586948433303891,-0.01065965315282813,-0.007707733973491782,0.0016408210082012875,0.012744062190706673,-0.004052686459451449,0.006430335602416015,0.0006617415827108175,-9.459448840321016e-05,0.009715641530507746,0.011399677400669939,0.0032712057971635566,0.007898345284047315,-0.0005821230888893858,1
2024-05-13,-0.013179550765995973,-0.015789490372559944,0.010989018488071656,0.009333345665413217,-0.0013678194040684932,-0.003054522123648762,-0.0025730626012980817,0.003072039798341253,0.005058512039275431,0.008738797402122467,0.0107058988028077,0.0034655317234451033,-0.005873914177464634,0.0176455787173202,-0.0024595782034921854,-0.004853789332504466,0.0029054809999105036,-0.01719884789501891,0.005796785225072654,-0.000424044938812318,-0.00020132807354689142,-0.0011572819481557861,0.0003781913275930915,0.006173973367712193,-0.002086490834651955,0.0017069897303789716,-0.004808806386309317,0.005241664931971091,0
2024-05-14,0.007405420985537647,-0.0013491152720360722,-0.013903008914684878,0.0013208051080491057,0.002148010508616016,-0.005831212229595484,0.010825505516215639,-0.00259429324753091,-0.007549578425555925,0.0010580711840320056,0.011263153611003052,-0.0012333998844450411,-0.000663122848562403,0.0061732733945081275,0.00686459036214071,0.002679959159411549,0.00709471598746636,0.008204946373730593,0.01058638131736478,0.006070740734690716,0.013988722874871184,-0.009104429797532121,-0.0045356908846621025,-0.0056936621437418955,0.004181832067984503,-0.007777081895951499,-0.0059056816154313685,0.0023177000073781873,0
2024-05-15,0.014999596453186603,0.02399399583180939,0.007818516234270767,0.0037694363985929513,0.001946593428366894,0.014613821971192875,0.01662055754317482,0.03880055275904026,0.0004754863692295608,0.008521440398312485,0.021612552033025034,0.0,0.0045247188165769,0.012218114168107475,0.01748389266065775,-0.005773249525686364,0.012739121743282844,0.020536331064734847,0.035837784808151696,0.007733312595024522,0.0029777480160777525,-0.0005011149954718963,-0.02448982387520704,-0.0022793407544413613,0.007141701553679658,0.008366413186869481,0.013537834188374953,0.001734132837887925,0
2024-05-16,-0.0036421280821004043,-0.01703605910402539,0.00763075320455453,-0.01408191813950399,0.006958517197712899,-0.06917497369330006,-0.0033684237969326958,-0.009946437201570735,0.003009660212023979,0.010545483395438371,-0.008306195340534117,-0.005927565082638475,0.008107769396734188,0.0006323435954385115,-0.004939833377057279,-0.012688857146349708,0.009680672724835748,-0.017257256052860215,-0.002863692269944984,-0.005987527062879638,0.0017812178460989703,0.06986443366107586,0.005838428475168023,0.0203385899236308,0.007187700677939057,0.0018995070479701504,-0.004057112424301956,-0.001731130827073879,0
2024-05-17,0.013529391248686906,0.004318194436863987,0.01047575623493291,0.0036185280088774086,-0.002021339610122852,-0.011157896847724058,0.006888690738476866,0.0032668131967708014,-0.0045799485195151535,0.002333548179317413,-0.004188255760262716,-0.004720404208839457,-0.001310619025470472,0.0001580671407219736,-0.001852753868995749,0.005826891232250109,0.010793452428825123,-0.0027893594026197066,-0.019924012220831955,0.015016582673850198,0.011458347481196007,0.009998446412995854,-0.0011610595704292237,-0.005024333462046338,0.0064459232621505436,0.0030510284919713637,0.0009290640312127341,0.005780176978469553,1
2024-05-20,0.008995917258572517,-0.018564172665408774,-0.0032474958126954556,0.005502813898394798,0.0007068450993499287,0.0006387260652263027,-0.010219782653997145,0.005111962730980135,-0.007298242406766131,-0.013885101808990052,-0.0028912823511471064,0.0014976599408240698,-0.0019685568252741925,0.006162102739573294,0.01220811207160244,-0.006280474722663021,0.0048846470467625025,-0.006505357571795378,0.024881434337911568,-0.008107672800795052,-0.04497284130853563,-0.007269908018327942,-0.0033896131726743883,-0.010318966066085178,-0.014105252942281599,-0.0013253215510845573,-0.005569431668188685,0.006896728382732142,0
2024-05-21,-0.005012511467758718,-0.004943483373614943,-0.0067669285072220475,-0.014342407842565796,-0.001346704651206121,0.004148861654526215,0.01613618591116439,-0.011530199973733168,0.005433972236696283,-0.00019846734950534906,0.01423482201163706,-0.012462680597921327,0.006215959340764243,0.00685740383354716,0.00869911364600795,-0.0021248741632045043,0.005256719036050628,-0.00897970872734366,0.006393638857093986,-0.006910004384266255,0.020145314458470676,0.015113798988271698,0.0010689498573792644,0.004270481013365579,0.012218746904478772,-0.0012183407861884321,-0.00929834182171052,-0.014269320168151411,1
2024-05-22,-0.013420324835978548,-0.01654021581206422,-0.021322260861178277,-0.012444914153124542,-0.0005210343327269884,-0.005720963584866956,-0.017070433560964937,0.00021131854467726363,0.0014306380186361878,0.014943212014281837,-0.008187033707116598,0.0042910717102768725,-0.003207680957629133,-0.007538427311609031,0.003449376095347345,-0.00010914012742568868,-0.00826563597375396,0.006779705665820757,-0.004571088026475101,-0.020110209973391635,-0.006064576254141363,0.0015348721741130777,9.692813201600536e-05,0.005577643233433571,-0.004202019034136972,-0.00561958497991899,-0.0013411392293292135,0.013317702509821228,1
2024-05-23,-0.022685397739645285,-0.011192066927238953,-0.009024067951477588,-0.007367313425697075,-0.0027604945630765876,0.012040614184382736,-0.009148223489412355,-0.018497718045259792,-0.014444430881841108,-0.024755748715157733,-0.013102857183675765,-0.00904748912541642,-0.013825123712728704,-0.021058057527618468,-0.008176135652943173,-0.011358061353112014,-0.01604466539357141,-0.004275485533272727,0.0931967995260703,-0.017059151580460452,-0.007009455989366975,-0.006283558119205224,-0.022908072234532728,-0.015486767741709428,-0.00866981122618693,-0.011631487599627066,-0.0048985839599562375,-0.0017142536959634525,0
2024-05-24,-0.0010706638115631772,-0.005475939558103993,0.01105760951932444,0.01250008699949201,-0.0011568313063549107,0.014739869781787318,0.006613501247054732,-0.022543631560705713,-0.0014494008197456498,-0.018236674156052457,0.017127270397726768,0.0078619720611941,-0.0009668637694235649,0.016587995524131927,0.0074005271877408685,-0.0016570176564539851,0.008297375349549219,0.02670780879540091,0.025722515731161133,-0.0007930403736146063,0.01924642336074589,0.00832830840326726,0.010927841927706128,-0.007140148204730634,-0.016755894960824302,-6.66986564299421e-05,0.000947956991389276,0.0017171974079668306,0
2024-05-29,-0.006326385297492965,-0.008487823596063149,-0.007515952152811867,-0.007557563747619511,-0.0009224489840714556,-0.011338784000168967,-0.005741459354928313,0.006633975944454473,-0.0019411282580109601,0.00041565330666415434,-0.010963262052189116,-0.006605802675607841,-0.008951017971566166,0.001579017864671739,-0.0026723985755098267,-0.0007136405620595809,-0.0028344678622570507,-0.011585282316123435,0.00811228762538807,-0.010708785624681028,-0.0069673250813845344,-0.0018449379760747675,-0.015228506070354642,-0.012861803942167405,-0.03764287718070247,-0.005864080206757438,-0.007823635165064236,-0.008685725325350613,1
2024-05-30,0.0011109060639156176,0.01705484712742633,-0.016660351368124715,0.004208568060398488,-0.004612329057552267,0.004313933639259693,-0.00922072087479131,-0.19737123721920724,0.004376016535735827,0.0058152750395550346,0.01969199868502125,0.0314579312276817,0.0057531705229438845,0.0052551219771634905,-0.03378625582114925,-0.014833517662161122,-0.021546391310485413,-0.015410247324028625,-0.0376659423753799,0.0031682345232493248,0.006158178521404434,-0.00046211694575659656,0.008128442879198117,-0.003914644048938376,-0.0063336218596307114,-0.0008361861550864047,0.009075613060773646,0.029205618628458607,0
2024-05-31,-0.008536429567474357,0.017285241524853445,-0.011808570852208544,0.01815981206652495,0.0031097347455193436,0.011314861211234817,0.013970602095166651,0.07536340547198295,0.015491372077291565,0.009567946179746878,0.023404415182045613,0.020332340774020796,0.012055478219570093,0.005018679324413355,0.0011093029642550434,-0.016060700229647673,0.0022660470747466466,-0.00047105565785321435,-0.007846146014686473,0.028686690840619367,0.01655548266364515,0.013407347750701737,0.021730593332623727,0.0141949725025321,0.028485361212313265,0.011241850733884284,0.00427566488699882,0.03405211761736293,1
2024-06-03,0.010202848296901212,-0.020485313212360134,-0.035978655928368686,-0.004508004713241975,0.0016279400589764847,0.0009323421458686809,-0.003373232993419961,0.009298803077413709,0.0,0.007295245884635593,-0.02257703170100911,-0.004131631282710213,0.0006685813629054849,0.00925864941071275,-0.0038781834023684514,0.01076849847083472,0.0038841304037615654,0.022834831937868838,0.04895415424740879,-0.02396391503897377,-0.003997514256885548,0.0009124279542396252,-0.010971085253319135,-0.009658661979032312,0.004178798790165139,-0.008678614792291484,-0.007634174800285165,-0.011525872230608747,1
2024-06-04,-0.00899177396153883,0.0007621784217428651,-0.013069269802606143,-0.018310821281887768,0.005006481625289716,-0.015317720044599525,0.0007032113972502696,-0.007438223474549033,0.016049603822442693,0.00040609094885035724,-0.007206384488998352,0.014153480743851699,0.014333308864582284,0.0016492693127221347,0.006166572791108216,0.00560726713319748,0.003580279739190395,-0.001047038883611906,0.01249564704224837,-0.015552573977645534,-0.013180084434928241,0.01185039620190298,0.00544919991015691,0.015534650475928835,0.0161826631974078,0.0035648015159497337,0.00754481098366333,0.018878757570647275,0
2024-06-05,0.012298472438722952,0.006092685844756085,0.011194535082924562,0.01925404534518771,-0.0023396196060713192,0.024805553045733175,0.014012807241575942,0.0071106596197043626,-0.00031295375271511716,-0.012381565731838351,-0.001296146601945658,-0.005052886302294057,-0.0057479972907231724,0.007820931934811481,0.019083327617140045,0.010817455564965828,0.009321579294410354,0.03788338743578734,0.0515558475681257,0.003993891045330544,-0.009540142493636217,0.007357318264786139,-0.01771031818834956,-0.0023002652847478045,-0.004688440512215841,0.004249645700593385,0.007635410841435597,-0.002724917607069166,0
2024-06-06,0.006881589779467623,0.0025433637199561154,0.019981144363863335,-0.007674211040110124,-0.000674161906872528,-0.02123077031491083,-0.0077542899642626395,0.026339217100556755,0.003598439808263132,0.0030828899662194154,-0.004542558112961781,-0.0004836101174572338,0.014573958872611703,-0.007096395225007601,0.0012026412403991493,0.020520748266509736,0.007525123016269619,-0.002625920667154835,-0.011777177222613844,0.00751426403205202,-0.0017742750302176535,0.0008944558335062247,-0.0028571382206876716,-0.001671463288744457,-0.0023850867048191837,0.0045222955694714795,0.009253136319063326,-0.0010929916203589185,0
2024-06-07,-0.027464918497738466,-0.012292295221681737,-0.0002647818881917896,0.00019832030313038373,0.0018301472109247818,-0.013622551666584881,-0.0069635439097299745,-0.0037486144092750973,-0.0037412483957176557,0.004507601752480772,-0.017079466736374282,-0.009436350489229084,-0.008369554440234683,0.012391747357802352,-0.0015781616892599493,-0.003783767287795614,-0.012844264609080391,-0.0016202967407028535,-0.0009091050920559951,-0.010704491861839194,0.01543848355965749,-0.018912970635264648,0.0032605527595548356,-0.004684680064842683,-0.022374097433576545,0.002473976303376979,0.005883375808010349,-0.00984675917180311,1
2024-06-10,0.0010845046212710763,0.01690970954645077,0.029259885081295955,0.001189530608985745,-0.010606295366450635,0.0006374368089441251,-0.0029896324983701428,-4.134433840563556e-05,-0.005007063863938344,0.0003399459556203688,0.02095772070591928,-0.012945848621792932,0.0017359472884939109,-0.019147766431642843,0.009484523483035634,0.014975553234585881,0.0043037451954131,0.019555217737889485,0.007461407060209924,0.002926784639369684,-0.0017003500970075303,0.016393552861769578,0.011817994115721042,-0.030051419718280625,0.008783614339556767,-0.0012006527259836863,-0.013025866275688691,-0.013259654255553088,1
2024-06-11,-8.664522082846293e-05,0.009502138900198132,0.0020581896900713215,-0.023960313997335447,-0.0013563397936425803,-0.016668404651211333,-0.02046072351354189,-0.0035146063728042076,-0.0006290965739382814,-0.0025148110527433154,-0.05495650606608504,0.0002474298524883789,0.0007768213697130211,0.07264929142632437,0.011241746098279215,0.0009087895389929823,0.009199509317330046,0.009689747692458228,-0.007143842353279917,-0.008047431537406946,-0.026301197206275773,-0.0034349199723887613,-0.018201213113930637,-0.005002990358015436,0.0024646291293759504,-0.000467412939262446,-0.001345238088520495,0.0,0
2024-06-12,0.012351029252437806,0.02508039513243543,0.007702162546450841,0.026983071476693432,-0.0022233252467021014,0.03735693178735566,0.00997132652490329,-0.0215361488797966,-0.010542784335596855,-0.009198774362408235,-0.006599005025553439,-0.016081039805683317,-0.01373299035521569,0.02857834430617512,0.01936765074995006,-0.0018159287809064173,0.006624442819334275,0.0026997527680949762,0.03548076582748916,-0.01105470963906674,-0.014560799130481472,-0.006294269595210511,-0.0006940578739761394,-0.007511841551048226,-0.00634804742685624,-0.013450966986069068,-0.015837106373457255,-0.013997735206978779,0
2024-06-13,-0.015325363368204226,0.01086754758013253,0.0015286974086883287,-0.008889755658008647,0.0067799586265469,-0.04298507734368984,-0.0052372532461612,-0.028710829175878527,0.0017493556146517264,0.000275102369289959,0.012731981710090157,0.0002514116061467231,0.007446542953223112,0.005491217587165309,0.0011789641366488635,-0.016373254687715777,-0.014792746649489263,-0.009315328887038454,0.035223559044682995,-0.008023115419056093,0.011121069704897568,0.0058817082869133674,-0.007043674391653099,-0.0030518241099222188,0.00857884869770964,0.004514834706248694,0.0032182305232291153,0.0034070307031697222,1
2024-06-14,0.013564016969907167,-0.0029896808237190875,-0.0021623733452137417,-0.02890172327584606,-0.00687287799533598,-0.034801480595376466,0.00024624687153251834,0.012705801191358335,0.0007198363289586673,0.0006187823367342915,-0.001639776743783239,-0.002765277027732771,0.002283167928359253,-0.00816833130102912,0.002242063846495501,-0.0009247574783878276,0.009305839028393992,0.0011120106730575507,0.017514091448693758,-0.008451351579131905,0.0006195910137920535,0.004797663357448467,-0.001198873142310819,0.0029386632313477268,-0.00036194677074363746,-0.0008316405122155146,-0.001954365703886407,-0.0016977011008271203,1
2024-06-17,-0.008149610017955,0.007669321594310885,0.02396437165004417,0.020320251288431956,-0.0034140414735827074,0.023323944484711978,0.008332315269897972,-0.006294783468645648,0.001119061870237248,0.002817030813792032,-0.010265465338659463,-0.0052937331621534245,0.004257042406067724,0.019671232697960228,0.01310518715911857,0.002177904217078641,0.002545519413553743,0.004899221866067505,-0.006824230631273798,-0.006873795122502635,0.006192651126610826,0.0059684156167783,0.015504653239709176,0.014223813518810413,-0.01169639071486439,0.007826849195990304,0.0018844522937804253,0.0017005881912715015,0
2024-06-18,0.0077841207231310605,0.012503580241473466,0.015436298213678867,-0.0026152695061261166,0.0035981656628754077,-0.0019820059137795054,0.016104705438289457,0.0057705331925048675,0.00015977017852875086,-0.0020553573289893157,-0.025861029960097204,0.01571233098448377,0.006328365219391507,-0.010984312441590705,-0.004527596290900715,-0.006791263808433312,-0.01213067997463979,-0.014093098388325842,0.03511968392191123,0.009413034576889912,0.010359979438133715,0.002669656263599496,-0.00019701052368414906,0.002046437911588317,-0.016720154960955025,0.004463211532703459,0.009034584459823414,0.02150545512899349,0
2024-06-21,-0.015889262345370136,0.006677153305914896,-0.017524581283925866,-0.004636287522130189,-0.004196899470109816,-0.01187208333580081,-0.017181490557678036,0.013482129336170212,0.009488599227130967,0.006563778799244746,0.004830419840625266,0.0,0.003518785586081874,-0.01044458660830172,0.009154241432448362,0.01601287280926522,0.018888344942418644,-0.013793069662527802,-0.03219140476450366,-0.008770411304147685,-0.011929241695039505,-0.0014703267357192296,0.00422233980038933,0.003599748594623531,-0.0039832433616728835,0.005171350674882502,-0.005779847097445057,0.016013009735385886,1
2024-06-24,0.005871221822488115,-0.013827793682244849,0.011148195950211992,0.0004052332664632452,-0.0017420859848481518,0.01802208469508626,0.026456166967702588,-0.020892854510784598,0.019117536388213008,0.0024873145330281954,0.01428369025533427,0.023111484495128565,0.0011291768929215795,0.0031327428608844965,-0.0046912650597210614,-0.0185635417434159,-0.002282626792745046,0.008347116454348491,-0.06684057777806762,0.029703897537629587,0.013143070347312769,0.014578195081698997,-0.002835703155449343,0.004782547461090525,0.015313161050237722,0.004638818568384773,0.003924128109688896,0.013586992568391354,0
2024-06-25,-0.005751031048819688,-0.03579583059241964,-0.009800262762226009,-0.011943435228694788,0.004207219620098845,-0.006338194603827674,-0.010192790339207836,0.007585278740466883,-0.0020321697302897457,-0.012942448417185504,-0.011780552345579176,-0.002186189663173077,-0.009498163346018829,0.004468147730627425,0.007326809036857895,0.004149318226444709,0.02683859939295563,0.023431099620721874,0.06756424502495495,0.0028057814699937733,-0.004072729681510845,-0.021480441848051424,0.0021572637506239722,-0.004343090982576792,-0.011184072449420879,-0.002866879912082787,-0.010025414883395145,0.0021449598167133654,0
2024-06-26,-0.007511070426863498,0.01034532530475607,0.000866011298261915,-0.012907094352961668,-0.0021526644623542923,-0.005608675690520926,-0.003323456455868401,0.005749450733224526,0.003289473892247763,-0.0025137859947526042,0.005343684973608376,-0.0014604737043716343,0.0035959906059321867,0.019993242086270735,0.002683124023811434,0.03901472799901873,-0.0008149858467856319,0.0049353252414472415,0.00245853357215009,0.0003497324238666,-0.0032313419505142216,0.012903991861225927,-0.00019562295743236202,-0.00364526327485426,-0.0009494281882909128,-0.007176368318708715,0.0002561211479130687,0.0037453047419366836,0
2024-06-27,0.011003848888927692,-0.0009655751390542644,0.010383143659421501,0.008717054210956254,-0.0027554909460054677,0.027980498618288108,-0.021717033604903735,0.03989309729967916,-0.0021858345114751376,-0.0069473547583770445,0.004770619112756336,-0.004875761140613721,-0.004956824799159598,0.003985960577130632,0.0015260594622656942,0.0218997235669518,0.008320488968898587,0.012550623286112783,-0.019066472924996636,0.0042828318909824414,0.008813448035405402,-0.006003782410233249,-9.794575662669391e-05,-0.002878565249089471,0.004958234401039263,-0.021287480017369242,-0.025621553049052337,-0.000533095597435862,1
2024-06-28,0.0013766191318025367,0.008053109010438098,-0.0024467452100440656,-0.02386825897437672,0.002655728098447163,0.003227561480031449,0.01426138166520663,0.016808450736003566,-0.004068218355746667,0.002469298532244535,-0.03947377223152981,0.010289082313091669,-0.010202819544046893,-0.016254029403611203,-0.013028581930799366,-0.023249966952787915,-0.01758260641249465,-0.029524963548296146,-0.0036292423596017143,0.0019147270629007451,0.015514234318817488,-0.0025044342558241395,-0.028188264350171077,-0.007999474718036748,0.046912244734814035,-0.0035911189229367313,-0.015454346037073075,0.0191998667002935,0
2024-07-01,-4.289793260281449e-05,-0.02338501171571361,0.02256556680440558,-0.010961063621615863,0.002501303028703994,0.020804316229558584,0.02507068724863659,-0.0034618078992074697,-0.005813107112507154,0.0019155032787083748,-0.012851351058206228,0.012124217168785867,-0.013339832805595031,0.02910437598342641,0.021881664746381313,0.02043982896891161,0.004611582890857724,0.0009122532637335645,0.0061518038796262164,-0.0013898869820234694,0.015771815873723005,-0.003396758157522717,-0.01258923089088193,-0.012369006141290328,-0.028688646634165815,-0.008047142709408761,0.002933802590374457,-0.006802650068126415,0
2024-07-02,-0.0019763264578318562,-0.003628745104873099,-0.00683616830895073,-0.00447578080792399,0.00017178606538514885,-0.010190158828090268,0.004205680033096959,-7.799365232108446e-05,-0.002054264693572172,-0.0027997179879922784,0.00815451631591424,-0.015333045356005548,0.007251756310401092,0.01624015922906441,0.005583169997058546,0.014198798656638534,0.012295862333801422,0.009550631667305964,-0.013113447899349762,-0.006784924532934111,0.016451812321871317,0.008743361739200095,-0.0005100888143346749,0.004236105608928842,0.0072576219229816274,0.016087376728988856,0.01895591982197753,-0.008429880636423803,1
2024-07-03,0.015841605177841167,-0.003970592672305373,0.01292114148496526,0.014557864259730158,0.0010534106278563549,0.014222020838567717,0.004961305611770106,0.01857997275394796,0.002850319968907389,-0.0023282762196217277,0.01929896333837111,0.0004867668987753593,-0.00042722999079414237,0.005810909757184124,0.0032442379935504473,-0.012050018310546862,0.003130987227607518,0.0009028598098042018,0.04573245791963987,0.005079558638341419,-0.0006704351496967798,0.002497443525783183,0.006327096657693376,-0.005990961495649816,-0.01675894852507509,0.00793897734591642,0.002833308337638174,-0.007438981081871465,0
2024-07-08,-0.013941824922807156,0.015003886614797901,-0.009980781559691843,0.007170956947879725,0.0014182900309382962,-0.0022871052943439496,0.00015052958922034954,-0.022113491016618858,-0.01254706852493348,-0.00682687890214273,0.0002777835407925533,0.006299760778746277,0.007929048674987671,0.006538873760357999,-0.002823067844424987,-0.0035500335693359197,-0.008237208366883575,-0.01961442378831857,0.01883478521438353,-0.010496639122617668,0.001855597121448671,-0.005139806099322408,-0.0017429191458407933,-0.013808688576628536,0.0027252822940915244,-0.007230537133873116,-0.01464711697096821,0.0021309070053865398,1
2024-07-09,0.002080564956676856,-0.0073909543712729064,-0.011174518990454962,0.011650469688020637,0.00045487934906107697,-0.020631539999591553,0.017232325880539134,-0.017667408834650122,-0.00428844702350073,0.010791878028333146,0.00013846080023394158,-0.005538051057739857,-0.005164407773387225,0.003774789488225183,-0.014370312761438297,0.0002509059834530092,-0.00026444916564705157,0.0012846868049187776,0.024805168499487884,-0.011053723818372552,0.011990064051421445,0.003157059000551632,-0.003286337883739887,-0.0013569824102385164,0.005660647198423074,-0.0019750036649230918,-0.0036035985650854085,-0.000531678600286134,1
2024-07-10,0.005126839123324123,0.021033034370707915,0.008475553138107328,-0.000639794410613681,-0.0014924617474129098,0.01861903371485596,0.012816623380813796,0.0006338412095630019,0.002233318795325623,0.01618499293611575,0.01081548622662698,0.010951233558995188,0.006881785966539544,0.018803576440993508,0.014601522528240096,0.002257434315787954,0.011641444865094774,0.008849105072819219,0.026868693543193434,0.008833655862970913,0.0008186961373792823,0.007296291478060546,-0.0008244140469920724,0.010438418237214142,0.017922956995633843,-0.024870647395366596,-0.009192310588750363,0.011770098280777797,1
2024-07-11,0.01804234453633713,0.027921352137674882,0.006333791499701924,-0.039906244918103906,0.00171162134456182,0.013891842838018142,0.000709982242811158,-0.005819654561188714,0.0042971912041240845,0.001806903909760127,0.024691121166205532,0.005355268222881904,-0.007554008964065995,-0.023220880424717483,-0.024772029034014542,-0.023724863074531144,-0.029344012608717107,-0.04112671566489656,-0.05566679362685534,0.01188348966566899,-0.0016843340785935856,-0.008663539837270973,-0.003815658418058865,0.0022007462919817478,0.006847197857906107,0.006410785549138431,-0.0017109652490058247,0.006403228192860544,0
2024-07-12,-0.00041407867494824835,0.016902680380247004,-0.004962522978448347,-0.03045114614377631,0.0036424246238953017,0.03018439351224389,0.001356346251254692,0.01134920476423984,0.009508745628625359,0.001202322051212068,0.01740298060986678,0.0031477734967833015,0.006463482415610677,0.013050927412288305,-0.0025293152783674167,-0.0028710461411536325,-0.0026943785702566725,-0.02697492331225393,0.014442721702280448,0.00017652315845539945,-0.012099104125184446,-0.008023053766697541,0.0054866209968198465,0.014821564718332292,0.014216109244113984,0.008455192497200281,0.01215014769761713,-0.002651276777197009,1
2024-07-15,0.003686786389291541,-0.0036412397016590825,-0.003649135454374952,-0.014213525894533063,0.0011756735673211782,-0.01880000518429137,0.025735539820877618,-0.004370612962119158,-0.004552560854302223,-0.004269932854260694,-0.06618421801459584,-0.015447724405970642,-0.012184159668629624,0.016743343765641683,0.0009041061992010047,-0.009100746683474936,0.007888870859557917,-0.00543220678843559,-0.0061900894235717985,0.017127180731358882,0.02493392432083863,0.005343882132191835,-0.0026768978722025993,-0.015146104303553676,0.007506890491122187,0.008838751279543144,0.010197902881231347,-0.012227315501113556,1
2024-07-16,0.016302778320222977,0.029738415722194933,-0.014039817781266728,0.07023233864400558,0.0014717265118406875,0.010803100436670876,0.021920580095825537,0.012536633945432918,0.013562492044957297,0.011860085617698468,0.013104318743108134,0.01618034643672539,0.014400341159412466,0.0017918603040314451,-0.009780551404760973,0.0015566783408964557,-0.013992457109299417,-0.012838580882935768,-0.016194323071095917,0.007204215499144961,0.01699613270081901,0.005458839639007174,0.016517067375695138,0.005492498809032131,0.06500191174076453,-0.001058558278126731,0.00297991218671001,0.01453161344226861,1
2024-07-17,-0.0030863603870319167,0.007504281101361476,0.025879102062987824,-0.005649682419689328,8.715248765667205e-05,-0.0174431076627638,-0.0016698116492142034,-0.01878691754500994,0.01462579401564934,0.036885017987996704,-0.013908335016207363,0.013992847974015898,0.014914721448240797,-0.025296030780667444,-0.013347690323967765,-0.02637038381521739,-0.01576762840234791,-0.05675901149260898,-0.06623935100110345,0.013788393811044575,0.015213874611824885,0.01485943106142118,-0.011780351391913801,0.031136187604438703,0.04447324397207009,0.017202844465810996,0.012813526409878095,0.016445794593131557,1
2024-07-18,-0.001222095462085404,-0.015622855280323034,-0.0003620854538246565,-0.018356620840722426,0.00345714833044819,-0.048127125025808626,-0.03180145007589252,-0.015404801714124172,-0.00030666315321792315,-0.0074085304850251,0.010860197618606238,0.0009517711345343738,-0.0059018342797291234,-0.020534726678689164,-0.007102190174568368,-0.022242286163404512,-0.01839583988281901,0.030000577221918734,0.02627331022542667,0.009860598958930433,-0.03177011526275675,-0.0029566685727828723,-0.00534357214452208,0.002825386088196158,-0.015594606611819106,-0.005408273884124237,-0.013018044053962563,-0.0005219964251484965,1
2024-07-19,-0.02296274072391602,-0.007430137539534809,-0.03248010687416558,0.011576237121423194,-0.00353208229081603,0.0015092635246838348,-0.0026326954468463004,0.0011320185147916106,0.001533971922640598,-0.0046968177685413615,0.004604478884754792,-0.010696571981847702,0.003147582308786756,0.0005799437715654499,-0.007402920152777659,-0.0033741230867346816,-0.00016883023492497706,0.001975378274674089,-0.02609617055812452,-0.02297968278566509,-0.0009524948945092149,-0.000988259303876915,-0.010848371163341808,-0.005928212771037056,0.0017543375302413455,-0.011209662010777888,-0.013709865659923381,-0.0015664795648449026,0
2024-07-22,-0.001461072844917588,-0.0003026903236049705,-0.004367883266165551,-0.03543134764355049,-0.0002180452451537862,0.019375621923997555,0.00435142880477013,0.026046926960293648,-0.007964461510843401,-0.0029090001001195187,0.012500276502621865,-0.060788217954056534,0.0017264862610295584,-0.0015603394550383065,0.013337590494878038,-0.003167158934036185,0.0225712469651298,0.0222530369492131,0.04757059506530825,-0.0068924844762972,0.002383469618398637,-0.0052297182811423815,-0.01681639526981238,-0.01003784115258588,-0.012028328818596834,0.009578717815159399,0.008475900137601355,-0.029811776741079044,0
2024-07-23,0.005267599354619623,-0.0099933066458876,-0.035347201528862615,-0.0050193268205378505,-0.0008603399994553396,-0.008025326194799898,0.010491754022355693,0.007792762555312693,0.002933433518512496,-0.012253885454289404,-0.010836723425175165,-0.0051164414035784755,-0.009688070991868636,0.004688264976042911,0.004312186484116687,0.021144894800451786,0.0006604414369235645,0.002646642914872377,-0.007689785778662528,-0.016136081614140263,0.00023765167779976615,0.003836287197541255,-0.03388913508800173,-0.008230977276803442,-0.006857354519009484,-0.013885671325331028,-0.010907464298037683,-0.018329022180484045,1
2024-07-24,0.0036180449216294264,-0.025888302817754005,0.00818603509501692,-0.015363457068774178,-0.00359155869312322,-0.013945089671820288,-0.011073737881731605,-0.02452550688743571,0.013084989376825229,0.025795842373663946,0.04576336858646202,0.02005670706286322,0.008282567665568008,-0.02875440130961726,-0.03585485067442562,-0.029934025650088625,-0.050387697219264616,-0.05610917571772345,-0.06803160293029209,0.014108221330327408,-0.00827274327825911,-0.0007076922839979183,-0.012535748479058473,0.011366361017370208,0.009104049752720167,-0.020986155126848538,-0.040107086648140555,0.05216937279190392,1
2024-07-25,-0.02544240054782676,0.008506675036660694,0.00889293045460926,0.012342573863750372,-0.001029748560296584,-0.011659242793605973,0.010293758842571332,0.026983764814130007,0.0039507036891863745,0.02149984277153627,-0.026123972118248462,0.0070584211163911,-0.006547793138242608,-0.004804468879960555,-0.024481162886191288,-0.005419431054668911,-0.030991154914979724,-0.01703977465992479,-0.017242956947589705,0.02104156630143894,0.00038349117375746644,-0.008215396498069683,-0.006570230944430544,0.016947381212546464,-0.00012513958425142135,-0.00659032952218952,-0.001691819353968893,0.001565771003889882,0
2024-07-26,0.011947828914082192,0.01760590944930307,-0.014307551541297592,0.015183137218373943,0.0010851384423078425,0.010595230815716672,0.014886706831953589,0.024130890599207477,0.014832919291209778,0.006264203891632292,0.011165563371738685,0.0035043112063495307,0.013241531250102634,0.002161013380774346,0.01641964996016365,0.014734466536293178,-0.0016738704683473271,0.02710568379627154,0.00694685496348213,-0.0008515476905460728,0.017108457291566515,-0.0034275534046319667,0.00807082858558128,0.010115563176173792,0.01793884255241851,0.019971956672023117,0.022542626652077624,-0.009379830221379115,1
2024-07-29,-0.0011344332654936728,0.006008419909168117,-0.017496190246794496,-0.02152733428121434,0.00022795394253760648,-0.017617802158315543,-0.012644484578386073,-0.01568287249797562,-0.0032812053370002703,-0.012948155002268535,0.0010772495136319726,-0.0014965256088673717,0.004849018378044301,0.001284723326513193,0.0034330729683549333,0.003835599716395466,0.01514966529070505,2.144039474605286e-05,-0.013001960510631738,-0.01048313805473955,-0.006549196359623144,-0.002292894621855557,0.024574688716529236,0.002662881910133308,-0.005213312636244916,0.007120316510512703,0.008248048468305846,-0.005786607743518912,1
2024-07-30,0.011651853196036122,0.005585129174408898,-0.014246065643590433,0.004647789175920236,-0.003159325678096292,0.006821508583366498,0.026282757408808033,-0.0025523635265749522,0.012719033166921578,0.017469731157967905,-0.0008071492850987294,0.00024966800565340286,-0.048431707039690686,0.0025659381086100552,-0.008928258233505848,-0.008133134602594794,0.004483050582274162,-0.00541110976534287,-0.07043644488906375,0.017829210934524165,0.02058330667639141,-0.0061762182552551614,0.017907430500343713,-0.00017341545778126743,0.016903536399673902,0.013936225136266467,0.00573393678988765,0.004232755294899304,0
2024-07-31,0.008939708939708968,0.012290708605401601,0.04255319366154864,-0.004857646661427406,-0.00031368354387706354,-0.0012020787455857551,0.0066445573231590505,0.0033729330613270214,-0.013889240190686047,-0.021570811464565076,0.028406155354491647,0.011987915956526818,-0.005813316537470747,0.014990902838456721,-0.0108059194970489,0.029002194810164417,0.007340313065814952,0.025130064113248807,0.1281210574105487,0.0035542428136063897,-0.01110628952486703,-0.007949328827811297,-0.0010661704967115382,-0.002944776726134357,-0.0002949300831787127,0.036339104232342434,0.009768154826616637,0.014225474464335752,1
2024-08-01,0.0035029878425716365,-0.026021480974860234,-0.02053659386867379,-0.035332498502156806,0.0007252143928826449,-0.033369834606435944,-0.0175037871171827,-0.022179251833174374,0.01827985129298315,0.018435236295654134,0.02618136552672401,0.008144135681356302,0.03066689013112245,-0.016750931724840656,-0.002964065026371032,-0.015563100170141508,-0.00454696045831382,0.04824884430951637,-0.06674061349308635,-0.013829124917164815,-0.022744481545876938,0.016754243393020563,-0.006831007276496881,0.013262401967827353,-0.005883718048773301,-0.0028033866290493314,0.000978734232704781,0.011428603085161138,1
2024-08-02,-0.0038193219006673607,-0.008784531093653847,-0.03656140747986625,-0.04024091760978454,-0.0033549348611565666,-0.021505419104740242,-0.05894581969557344,-0.03592022192152122,0.020159226329805158,0.0210251600120428,0.010332930739115342,0.0029376863002867903,0.02649508831469305,0.0068696180649248095,-0.02066592023973024,-0.0878470841762542,-0.024010161636364935,-0.019287104130882304,-0.017764062367594202,-0.0005984948583500627,-0.042412054323296866,-0.019057384192076587,-0.03739935860012322,0.01760401118754329,0.02978501058403249,-0.00084349385319471,0.002444151317477994,-0.005135993971957076,1
2024-08-05,-0.00989405140087729,-0.0152492167771896,-0.007888931285946366,-0.0477027692724914,0.011423649815007764,-0.017698073632858802,-0.024689915598800183,-0.0203304974718842,-0.017741495901400728,-0.017606777059535395,-0.031818087164440456,-0.028557510387873797,-0.011876531117767097,-0.04816715050431264,-0.03265693199362729,-0.04097671157906757,-0.04446186972593835,-0.025423077034428365,-0.06357781558907782,-0.018052802217272457,-0.021291453309937203,-0.012708078508376297,-0.01998427727913421,-0.022467085442796852,-0.03368779872800365,-0.043331381412094694,-0.03803736721372286,-0.02374805766308996,0
2024-08-06,-0.005246222996955541,0.011142618179311503,0.0035644981921243435,0.007645705919905099,0.0036794715598382766,-0.005887930542278985,0.024399794674115682,-0.0024684149610452177,-0.0007340932045806214,-0.014139562833320851,0.0037819590085872434,0.011557655455153748,0.00017842965612047124,-0.009748020992521367,0.011286878993346239,0.005651399696776416,-0.006028241868516471,0.0385932658752397,0.037829841902901507,-0.005314867496973852,0.027911550525308693,0.0022190799247090442,0.02494872945642812,-0.00890582970231557,-0.0028246356446320897,0.014253393396410852,0.007097126501371731,0.01480702926131272,1
2024-08-07,0.0005859538263479624,-0.032522341771790364,0.02773232914376722,-0.023547934226043066,-0.002261616420014434,-0.006514991472328147,0.005933498767490608,0.006794745981594241,0.006024793342338075,-0.0004403890052084858,0.00766524260243906,0.0004968075872533451,0.01148203657500324,0.012498225275203056,-0.002952844634800389,0.0051874985158653075,0.00410624579501051,-0.010463624107423852,-0.05122303759364988,0.01331456617907123,0.00029944268581272304,-0.012252608655993535,-0.044570438719714445,-0.0040581993269090955,-0.003993980829341437,0.003435182738866338,-0.006737327285866068,0.003126428465187514,0
2024-08-08,0.01326080366947302,0.01734800710393558,0.012760853936399252,0.061361415328543334,0.00017478447067253988,0.038392743104545435,0.026976167853144606,0.0378269095876369,0.00394403662323084,0.008306946627456346,-0.00025777558743234064,0.005958298818446339,0.00499934215443143,0.016633230369212715,0.010691996848536833,0.018615215947435537,0.019441229597113807,0.04235859491160743,0.061267871534255613,0.019104432203887134,0.01826355080317943,0.01120920721044083,0.0,0.0033761054383845135,0.00028244814865607815,0.0127600299013102,0.012903499430255483,0.007792362689425403,0
2024-08-09,0.004087254018639186,0.0008612903457558829,0.008531222938130911,-0.00782652892033564,-0.0011351369276645373,-0.01561596350289518,0.009242998180726936,0.013688333176449019,-0.0007272467518857351,0.0024966311254475126,-0.0010318895255758687,0.005676358887216404,-0.0019313913105110103,0.013735922896040531,0.008269368547448641,0.00687575011257735,0.010121617511479108,0.01597249756016339,-0.0020959539207552336,0.008143168978459459,0.008526934391186902,0.0042860733401919315,0.0029083985252560396,0.0001161737184336431,-0.013209631017581769,0.002634040672625071,0.0017352440789148993,0.004639202093024819,1
2024-08-12,0.012458288504120008,-0.008117193709699433,0.0419052755617495,-0.00610679852370799,-0.00017473410383794796,-0.0010498867419195257,-0.00970910231259281,-0.004831086357285241,-0.00742578448141662,-0.004606998495234826,0.0015493809469040443,-0.005398956260844745,-0.02187180933220867,0.007129874750083642,0.001945770677475256,-0.000838620987187122,-0.008431444649396935,-0.003515068631655738,0.04076368921177842,0.0012621638679755076,0.0018952409449921603,0.011037645509702099,-0.003015973711772202,-0.005626808864074184,0.01168659857997767,-0.0023862139954979877,0.0005006324091629821,-0.0030785195211440186,0
2024-08-13,0.0017462837064086134,0.012318761178325088,-0.021358969980247,0.011264604512995158,0.002055996775592428,0.021718883105971365,0.013264693591614307,0.013091223316864964,0.004253746503431355,-0.009319471130972978,0.006960542579264928,0.006168349234756176,0.002877716595070412,0.01719300928483758,0.017698777260333864,0.020563504874259175,0.01152243185248003,0.02440133676981593,0.06530912231252661,-0.009579912420025538,0.008487196641827177,-0.008297003749767384,-0.0040721590581875855,0.005541831466826297,0.01583242149275721,0.008053724571430498,0.0009234060488281237,0.004631931485296059,0
2024-08-14,-0.011067438021862053,0.015968272420773255,-0.017485579372921167,-0.02050629915083324,0.005553525057191644,0.0026285516856887625,0.013741487851926193,0.0028281269226448913,0.0017532197011693729,0.0005680256322204702,-0.001407964598564515,0.0029427288213481617,0.00902618026445201,0.0020336764469865987,0.0068836600836528206,-0.0007636117446156998,-0.02308724306671306,-0.003367529445683526,0.016704159300397148,0.00924831957205452,0.011060962683626219,0.007779142666403116,0.008177709887348339,0.007774101062932193,0.009456099690241526,0.0017415544726746557,0.0038826585421882776,0.005635314609654385,0
2024-08-15,0.005616215405820579,0.012399601844419461,0.01532866008987388,0.03851142609023661,0.0014757817963280129,0.015388127325591139,0.0006416897984324876,0.029257393735092174,0.0010206076076948456,0.0038490906202415243,-0.007691454699210731,-0.02102695117874187,-0.0052133138665294565,0.013530650520211518,0.011823842096072346,0.04403286281963403,0.005799270306746429,0.02006593344039964,0.04048088226423863,0.0061865312519646665,0.006230865324099,0.06583185298458805,0.028852696188699234,-0.00685040089231248,-0.00010365517217825193,0.018580483492049993,0.021674167903626307,-0.027508967617723035,0
2024-08-16,0.018547958986048663,0.005526544065461048,-0.01931937135978523,-0.0007467647720104109,-0.0036758995319072785,0.008082618937871544,0.010500518092736,0.00045659566933853313,0.007720150257926495,0.0018857985875340155,0.014985071116503379,0.014235670564374914,-0.0001785784503188781,0.005918421787055372,-0.006080287090921899,-0.002984395462729106,0.01029134976385282,-0.018442840641831548,0.013999745101809014,-0.004716740695594246,0.011439363414555537,0.006550066219679351,0.00574403725846806,0.0005796963336566208,-0.00332975808935676,0.0003626722965215379,0.0021738941127908973,0.013095792164694808,0
2024-08-19,0.001280697609383985,0.0027898229682663533,-0.029745580351059675,0.007970180175854713,0.004762838560523397,0.01269485043447327,0.0008329157933730791,0.009394795842636805,-0.0028908818456074847,0.0015058397645451027,0.009927513848264846,0.0032013641218893163,0.0031567604111990555,-0.0007078235294317725,0.007312222469233021,0.006551472258579993,0.022766214359292603,0.0035264800556407128,0.043506286099302294,0.003046481612142715,0.006916908301085156,0.003676151327017818,0.017021175402527122,0.006951659068215488,0.0019042753457467754,-0.004052170834974889,-0.0034032804495411906,0.007756100187501724,1
2024-08-20,0.0037972658943907778,0.011567886339328703,-0.004437297550992092,-0.008648475917170328,0.005576511052951094,0.002089285242082406,-0.014543868127164683,-0.01333939918869187,0.0057986436078836245,0.0033201685315846774,-0.004662952022444822,0.002699873765342309,0.011815827689798608,0.0027447504671989087,0.0077576017687452925,0.003703308593809629,0.0030600667607316723,-0.004817910586377816,-0.02115390900790559,-0.03332469318375919,-0.004316479016554187,0.011123150692751382,-0.01189158883132313,0.011678698040775037,0.003230938636988645,0.004582671416156536,0.0058918835531678315,0.0,1
2024-08-21,-0.0011548387002693339,0.008685615724402851,-0.028498117021350078,0.0014956660990845805,0.0037390286396496997,0.013607001249758,-0.0017694085959794048,-0.0028643135637725914,0.0027386944908374122,0.007929511953709723,0.008356620665229464,0.004896001880596135,-0.0014671964639856316,-0.00048568710664442794,-0.001553631860764182,0.006876093995775934,-0.00795568626278742,0.01600427138307481,0.009823037824653102,-0.006371328637768348,0.000372964353591021,0.00939108841095826,0.01092041347288597,-0.003639501606679918,-0.004443491385353826,-0.00238750279716049,0.0005966933963272858,0.0025653614090079824,1
2024-08-22,-0.011760485229024398,-0.013766546721591721,0.0150146229177337,-0.0009957834838630886,0.0024652959222828397,-0.010826006759714013,0.002598379574054066,-0.009575177599702167,-0.0034496802943411176,0.005699139496763372,-0.00904069862463297,-0.004385007214406378,-5.858480315890091e-05,-0.008259673505881526,-0.02025290736024521,-0.022097583221652117,-0.012360493629830605,-0.00603529854548901,-0.03704285854636291,0.007729543153591312,0.00945940479240548,0.004518724291894927,-0.008818344580162174,0.0030249481985713533,0.0011244744628313708,0.0017522318320444263,-0.0009690629819326668,-0.0015353211070535666,0
2024-08-23,0.011900440179980043,0.0279996157170328,0.024928087132886967,0.030892085891705667,-0.00342409723658188,0.02451566528084914,0.023445499614142662,0.020921228390714974,0.006634978907180011,0.01096384184286614,0.00937651194616107,0.00831914141029344,-0.005759819847327985,0.010288138741991082,0.0029841141909692226,0.005166572293719973,0.011111124670586836,-0.007388215980332236,0.04549875035194506,0.013858628335619017,0.00775508379652079,0.0015876515308435035,0.007117404969871677,0.0007397131275177493,0.010004746616518512,-0.005076747398087944,-0.0018663597187246195,0.011276084163837297,1
2024-08-26,0.003707562266860087,-0.00394044703845442,0.03461173693057118,-0.00966651681646502,0.006365920264025826,0.0029911182254866997,-0.003042723289131133,0.004848382938176021,0.015044845858883882,0.0029245068498420235,0.012302490183308867,0.006794650902291366,0.0069754532550005965,0.001498895160022995,-0.007917673392718538,-0.00869856159361615,0.0032605082898369275,-0.013030385302387315,-0.022493629526155412,0.02140649173160969,0.003939397845825532,0.004359504866229935,0.013471761493335732,0.0005686542236433834,0.004482534033852348,0.0047166956658311054,0.0028793111336722355,0.0015207482136321282,0
2024-08-27,-0.0006752000654739465,-0.002485901134444357,-0.0244122892579266,-0.004148486585623612,-0.0020766916139590696,-0.005005921653226442,-0.0012010646423241678,-0.0040712563212240704,0.009316919220272224,-0.0025709316661962633,-0.012773053775031573,-0.0009642633458858407,-0.0064574651530392435,0.0037414264057795688,0.0008464949516182596,-0.013561281383547064,-0.008907159162028222,-0.003876384873750971,0.014550077984830878,-0.00951093151891047,0.004608266179931375,0.0013152630347683658,-0.009588165270145277,-0.0038075283355020195,0.00037476861083418633,0.013549783843633811,0.009358325364947184,-0.005566869096987448,1
2024-08-28,-0.0059618441971383,-0.0013130233135577596,-0.013372198498000198,-0.009311374081969914,0.0011849710056877072,-0.002247859619094128,-0.007747476006372045,-0.02006050297048778,0.0034964904654566364,0.0059528270912256875,-0.0025120882250014853,0.0009651940471271381,-0.0011225215581326387,-0.006753350612903386,-0.007829242380217316,-0.013401063602498708,-0.01111234880442713,-0.004469224411953188,-0.020966454792122335,-0.009857390059897608,0.005041348561462433,-0.0006569203962737413,-0.015511568701433442,-0.00787225078958853,0.002025992849014946,-0.006715921176745243,-0.005651776552976995,0.008651485597351627,0
2024-08-29,0.009876030056727325,-0.009124131578267747,0.018652805712012777,0.027949579160343685,-0.004739286454720659,0.006329814787141563,0.013450420542717723,-0.007300031572648469,0.00418128168274956,0.0018910508317200314,0.0078075233579730785,-0.005784531849044927,0.0057375139294035815,0.014570132715693074,0.006137420477476452,0.007728290643119529,-0.006570373080600045,0.0027864095504825936,-0.06384849712502927,0.013817465532779183,0.004157441599161427,0.0044690375693146045,0.003575802217403945,-0.010521924591377019,0.00514826318808459,0.019075907525946345,0.019057270201743304,-0.003027262666257302,0
2024-08-30,-0.012630123514453473,0.003922965547530133,-0.03108945457118406,0.022377267935574707,-0.004000090438690873,0.0040511640291927,0.006211863999116662,-0.0159916658230147,0.005829285420812846,0.009925381043869086,0.012513513802919096,0.012848215886970493,0.008880725999184769,-0.00343799262744926,0.009730841994459727,0.037067191865004956,0.009889947895167506,0.005962959010659352,0.015137391035805026,-0.0016084191425428385,0.011655708009040922,0.010599434553491438,0.006346781926245493,0.0045903082092744185,-0.002315926930432921,0.005282799109489256,0.00747294507279217,0.007085096503262056,0
2024-09-04,0.0014056789980614326,-0.00019191817273611633,-0.016206986764290554,0.0,-0.0016794385642910914,-0.0006507801232019661,0.006523658699082446,-0.0015319314516365479,-0.006163626254798271,0.0011963450923915264,0.01438768453035233,-0.033776016033993606,0.007907176883990674,-0.00861866760968455,-0.0013190604461607025,-0.016567365497562103,-0.005782876681407978,0.0019149894525196665,-0.01657401604516351,-0.01221106072442013,-0.004403183127251742,0.0009069728648301023,0.0013464185843781173,0.005519892002435078,0.00918707548692188,0.002115700306602575,0.007000949882651986,0.006852741741511181,0
2024-09-05,0.007219058596689809,-0.0077329448408745005,-0.0007224772336431595,-0.0047201890359724885,0.0028587264145090163,-0.004449709813876046,-0.00562535042517287,-0.006298423603655734,-0.01915675554404117,-0.014160759765947106,-0.009250076109788674,-0.004098190492726528,-0.002444448961198442,0.00692776061904099,-0.0012470372535795526,0.026308183871355473,0.0050496070971659535,0.0080351446352398,0.009415285419726471,-0.007802959737446602,-0.0077508134990496025,-0.0036249050553213147,-0.0067226909868912665,0.004369348253927541,-0.014383071870654351,-0.011963529042582022,-0.006667007562023541,0.0038891136027181528,1
2024-09-06,-0.007127459998324093,-0.004974642060644907,-0.021402795723434842,-0.0033198949582126103,0.0027667685247454443,-0.029434217739875534,-0.01695099123600452,-0.008735514442697934,-0.00042138828036819564,-0.003697440002937702,-0.0043569381480172975,-0.0038731227766970466,0.0006838540955849126,-0.007014947906295421,-0.016381490380874775,-0.03653943460735232,-0.0401933066700072,-0.03209759614121499,-0.040854417889891304,-0.004683101775415532,-0.023755973057178803,-0.004158122447245005,-0.008009083789912386,-0.00340002130973438,0.0023341364343920645,-0.0025975798880845113,0.002691951053009678,0.015496289236522687,0
2024-09-09,0.003328674083868055,0.015192513795271978,0.015368714994359323,0.0392575453855859,-0.002150916950658943,0.01145682942039361,0.018681962521834405,0.007336852528775584,0.009980351895173767,0.013566250883157327,0.015128709577927335,0.038396076496647336,0.002676682212775283,0.0004074108216591821,0.010007481746121538,0.023396899008788496,-0.013335998638004831,0.009035198061060346,0.035398153798957166,0.021040525960792644,0.0204744002643249,0.009133765170526331,0.004548557408424969,0.004793106538443226,-0.004657615813770666,0.023040301667840657,0.022335811812962625,0.025274183740848777,0
2024-09-10,0.004196978093800263,0.014636493516408056,-0.0430795972043837,-0.006410166498515668,-0.0044813102943156435,-0.00333150272934557,-0.0438832354431542,0.0016277670544104783,-0.004175349859186439,0.004621474406180548,0.013671504380932342,0.021530493202980727,0.009826262408945796,-0.003621324505027168,0.020901086837260996,0.023660258265018275,-0.00033622053423543186,0.0,0.015309419741446284,-0.0364316517616764,-0.05188879292510351,0.019006867760905433,0.0006792737974508078,-0.002132621983184646,0.008298328393429921,0.0019094746082042313,-0.0009452415035099415,0.009767402233582745,0
2024-09-11,-7.95888898574848e-05,-0.0010246459334944946,0.02372619860979097,0.02027655827481789,-0.0014988742242775244,0.007019419561883344,0.008648610988038818,0.0138527401394819,-0.006568943947968475,-0.015294564555307977,0.0137302379801858,0.0034365291762732397,-0.021767342952774715,0.01158515618615863,0.021342468080711496,0.02768031821904482,0.01681678412174792,0.013946301865828348,0.08149874798231838,-0.00992610071964417,0.008124065669795177,0.00038067013875342504,-0.000904906960885965,-0.011416706102175933,-0.015491870485468406,0.00032781762252609425,-0.00483642055156841,-0.011975958508180784,0
2024-09-12,0.015564608095077315,0.010634676216424888,0.02466206688931072,-0.00022596143550379644,-0.0009138923865484871,0.0066387642010714565,0.006133634651156239,0.015226129437791336,0.0021105178380109724,-0.0010922595633490184,0.00035969661092805083,0.0013696656492641068,-0.0025873772252837934,0.0004939468704443506,0.009360792478654512,0.013440254011034547,0.0233526841882572,0.026903486480128747,0.01916166075526915,0.013762369102805705,-0.0030399565424551467,0.010400991665994841,0.011095990131240185,0.008362661716075914,-0.0022550797490309415,0.008050283143504977,0.004965416846940629,0.0065267797128985006,0
2024-09-13,0.011798407899162866,0.01484931243167642,-0.004639693912723342,0.020555590570060067,0.006081768854457881,-0.0020884523414763656,0.010399492149757217,0.004736080470971293,0.009400014079785635,0.005345093154834446,0.014258247646571576,0.012995811049528072,0.003516438097107333,-0.001212017399784826,0.00840744212573763,-0.0027272433520638684,0.017907010057337303,-0.0018646227751221156,-0.0003358869377757534,-0.0007192439477285983,-0.01103588799233235,0.011799968225204571,0.013997654132877235,0.0006207185219626599,0.010026902265591664,0.002539993825741327,0.006938469524597979,0.002315932876300053,1
2024-09-16,-0.00034871826883653423,0.005315911116750893,0.020975889002258663,0.0030989752885244304,0.0009536418367903643,0.0025332997601028584,0.012881303157821211,0.009192085151371376,0.009662316449230657,0.008881234262646753,-0.00011804432811235444,0.012829282436070955,0.018152814505451254,-0.027775242185905213,0.0017418097182673176,-0.008579580976924128,0.003810344679619382,0.01747692303367776,-0.019479390868363478,0.01403516886332401,0.01732585413159793,-0.0004961598573213211,0.014356756753028277,-0.0008457252832576589,-0.005200691176434291,0.008817249682913975,0.01089279946735866,0.029112923884053954,1
2024-09-17,-0.006239286205599992,0.003219797938040392,0.015694195477093498,0.030008756130863068,0.003706113070797379,0.015381243582606174,0.0004741393459064547,-0.006694928008527334,-0.004160794473037632,0.0004790443760565033,0.003898769783537759,-0.020444498394653787,-0.00767334026501465,0.0021728213816776254,0.008832970578205535,0.010763186217390919,0.007971826286974348,0.005700634882410904,-0.010190014112028689,0.013042267674728603,0.0066872765199512685,-0.02432976991959568,0.010996120226401063,-0.001918741098119514,-0.018976903303664527,0.006590043858541339,0.003717895915977154,-0.022002881449317946,1
2024-09-18,0.0024957696922693895,0.0020091916043167846,-0.003933119394501139,0.005141410954577763,-0.0005783979918021487,0.0,-0.0016687914707862461,-0.009262552575342586,-0.0006964376349313239,-0.005506612367069064,-0.008120434264564658,-0.004537144379381242,-0.011144066811109354,0.017989681531628055,-0.009973534702309883,-0.0024080275860086653,0.0030754541687643133,0.003039213094129023,-0.019205887548178868,0.0035033775648760646,-0.008220002677718385,0.005470718105332839,0.007753593438825979,-0.009385394441734252,0.004654267323624062,-0.012435286949927127,-0.010563920874557153,-0.002295633553481613,0
2024-09-19,0.006729703643647111,0.016483941755687237,0.014666383195923283,0.004475619091405925,-0.0007446361121506984,0.026942284166172392,0.039725071713008875,0.05371790779366803,-0.015749118451089505,-0.008004919039679814,-0.023611865099455343,0.0013673669879787909,-0.013684523508028623,0.037065480075272106,0.01829103011682376,0.01845197970580159,0.014579760604464642,0.039315997048618545,0.03969312333429653,0.012392946259228044,0.014214835585417696,-0.01252675218999233,-0.001389098620996343,-0.0031389830931485285,-0.006165507805424353,-0.0035370822464164675,-0.011231446202389583,-0.017027218183305326,0
2024-09-20,0.012326082822160078,-0.0012296663062608681,-0.0004169392712893849,-0.004031413712271337,0.004241518250529985,-0.0192814263969584,-0.010717845272585791,0.003045166208253347,0.014443471575377842,-0.00400427101495926,0.005711687553101141,0.008875749015664347,0.015623332111917021,-0.0029275029239062,-0.0077960242078476405,0.009111555436973395,0.00894296376861825,0.004024311218378207,-0.015864919534423705,-0.006293125295484425,0.0028981368904157367,0.013070187695446878,0.0032102319721560857,-0.01992454750738104,-0.0035869657260199084,-0.0005476401171256029,-0.0016474945864544122,0.008427113684928544,0
2024-09-23,0.002519217490082548,0.005386403356113512,-0.021551661037618852,0.004686869217585432,-0.00010049842305048795,0.00032227179977484255,-0.002046455899227251,-0.009707626619907206,0.001256275640891369,-0.005726075715188239,0.024890999058343688,-0.0015792312596156766,-0.0025829216576621628,-0.007580953914394395,-0.004043267491714908,0.011899784481557152,-0.010636322624043015,0.005450898770600565,0.0022414086580848647,0.018131376211219408,0.0016582330158223524,0.016063748778571307,-0.008319894336800582,0.00543302855097072,-0.0027655280994562936,0.008929695174265229,0.013554701960272864,-0.0023215025754078633,0
2024-09-24,0.009404131418951023,0.022196289341626763,0.016910540934567786,0.013570773041059025,-0.004400265316868879,0.02233918770066312,0.0012262877625515145,0.023579639174654776,-0.005576379629862571,-0.002695747588782771,-0.006248356349880302,0.009037680371612566,-0.0030500350323076075,0.003974097909532404,-0.010011336246161462,0.0004126358007008335,0.0027185504707485375,-0.0019131224867154906,0.039652419397136596,-0.0026414514217607543,0.0007093443884678141,0.004232498157025422,0.007744334509567574,-0.012724444670707324,0.003104423223309505,-0.019571885353595664,-0.054914613115566224,0.004653419768257283,1
2024-09-25,0.003017501564325231,-0.009309817932264264,-0.026131849929932338,0.019874451112421143,0.007151230534546471,0.006408291564347746,-0.013814624757385596,0.013496739275656422,0.0016822387875108369,-0.013392485265351639,0.003915054103945437,-0.002462991824175975,-0.00565708511470997,-0.004398230638250289,0.006850306027479158,-0.007372694808574054,-0.004929478379113061,0.008840115669912496,0.021841696866523153,-0.019478977959304422,-0.006616656251587472,0.00904936512546417,0.002454859386614272,-0.0030603090211130946,0.0019472437756065109,0.004185285519276993,-0.011547751415929897,-0.001389540355314356,0
2024-09-26,0.004023748258253246,-0.0005794378151626756,-0.02898556753760073,0.06276923574450888,-0.005376310297212861,0.06273476995498783,0.011768540309967213,0.006092692738115524,-0.0006997369644525797,0.004919171495352259,-0.013708342351167802,0.0015711396082596085,0.005515003539549701,0.005080302810326565,-0.0018513997556385275,-0.007115748848874004,0.007678414326472538,-0.0008269669873179897,0.004291102015554049,-0.017164601712207683,-0.0019505164159576704,-0.018181963593418726,0.013628641485904147,0.001711983237320469,-0.0026026876995570714,0.0037184411434543208,0.007640155785648695,0.004174421593207134,1
2024-09-27,-0.009588319582000904,0.007133982644570658,0.007536606325260875,-0.00521131631964733,0.004146666853728442,-0.0005892753270865247,0.0031997330334028184,0.003191261019977354,0.005462196955843712,6.177210463120808e-05,0.012940379684179382,0.006051104846634514,0.001962852429684192,0.0011865107690476329,-0.007627911442916524,-0.016687603998192135,0.007497230613658701,-0.0008454887429784064,-0.021283442924162288,0.026773028804168764,0.0034320689178719554,-0.0017519167225716892,0.008508500463518587,0.0018267509688809636,0.012247417695798957,0.004824319615276629,0.012808831777304741,0.011547379577002914,0
2024-09-30,-0.0031009911963315595,0.014191643298488765,-0.00014670190944121586,-0.014551737479363003,-0.0006589094951865437,-0.00687964858359702,-0.0068204037465030565,-0.01059144476906293,0.0009749250876143201,0.004089318932119612,-0.00011838793636431699,0.00044566319333561033,-0.0020165404384052676,0.022872080299366493,0.005326768278047567,-0.008724793206352333,0.011588842925278842,0.008953686522513049,0.00032950814347754154,0.01208777362889002,0.001710240588597145,0.012158458638509062,0.001874780747014082,0.00029417740846104934,0.004863729299460884,0.0003240229042087428,-0.0007995180826516624,0.004566204813807095,1
2024-10-01,0.011835647363927837,0.009501513119407612,0.024350941861482678,-0.01634184006319328,-0.0029734512140978664,-0.015239980513668039,-0.009977452974271772,-0.01037587769915782,-0.0020872339228747983,-0.0004319028122737878,0.008754142524213693,0.006680033189054413,-0.0009238797818170719,-0.02914150577829855,-0.022333160480589198,-0.006440170323887107,0.0068736110906642,0.007040167700352651,-0.036561342480511794,0.02311882532026721,-0.018116359761916168,0.006439632571626275,-0.022247648693928035,0.007821282547178399,-0.002360186072507986,0.005224842148636055,0.009638059841484914,0.005909093674104637,0
2024-10-02,-0.007573182919840549,0.005402758455945733,0.0038664848344072134,-0.031224963599216338,-0.006527790072830886,0.0010049302625632084,0.0037128952215386146,0.03178650554060991,-0.009761692748472828,-0.005062085522639204,0.0018765780433116497,-0.0035390113740125795,-0.006472487391469883,0.0025197396040079756,-0.008462217975192643,-0.0019986515757441925,-0.006766822431281572,-0.006348942668159663,0.015812038769818626,0.013257805055570726,0.0012075449905353253,-0.01033593850428427,0.001063306014224441,-0.010678099342683378,0.015446552126236579,-0.0016317662441657221,-0.002161518191457601,0.0027112674925131586,1
2024-10-03,0.003777718873892999,0.0007779995106969029,0.051497870027547465,-0.01942142643367073,-0.001392079970037985,-0.009637582653229115,-0.011971710993932128,0.005116662696403651,-0.006900455580505449,-0.00415711016302156,-0.004448113491394845,-0.011764942119442678,-0.010470002103011966,-0.004894714084663132,-0.0014144668906022062,-0.015154729791167831,0.0,0.01738794862372428,0.033655865225834525,0.008722756447265612,-0.00993772812152316,0.0,-0.005523169032771613,-0.0060159918331712525,0.0007428276844949622,-0.0012108367175250878,-0.0005054840546621087,-0.006309122105523479,0
2024-10-04,-0.004252774985064489,-0.007823459111192976,0.009089651027908596,0.038348155360066416,-0.0011698119884905323,0.022706502524927785,0.01863807363107095,0.024349264696173822,-0.0049630960639592825,-0.0013086018501976548,-0.014109464374154945,-0.007636993460732211,-0.007288849154192478,0.005007289242970003,-0.0011523474129487843,0.02500542770436165,0.0072351096783964675,0.022598868866266608,0.016849832251814023,0.018355348705107355,0.035493671376415126,0.006341144069274662,0.01623410112657009,-0.0033226544445186246,-0.0026148735639932585,0.005515489969737608,0.0038648806745225084,-0.006349274688325801,1
2024-10-07,-0.00037795751059988003,-0.0007346372604550844,0.03710677921682293,0.0038554503848322597,-0.005531086014798681,-0.0021805596571157215,-0.001090576424200962,-0.01105095219159713,-0.01653119352865129,-0.00474129797931877,-0.0424565309980498,-0.007695569094594568,-0.010421688051029165,-0.02253081170419058,-0.01567075236956761,-0.03061493551686767,-0.024422451587853722,-0.0187264640617979,0.02241428140619295,0.004325948411699976,-0.0013729854873989478,-0.022733126600359643,-0.029006791012665345,-0.004524564691085198,-0.012922778025433401,-0.012859159979581647,-0.014895876546738074,-0.005933366679293117,0
2024-10-08,-0.011267410873396222,0.014997711704817451,-0.04627948824307726,0.023246270976104544,0.00010970973519652816,-0.013906831496071526,0.003942499330182647,0.02459827972573625,0.0024635030134274594,0.0010030923657777802,0.002615445041839415,0.0038775754771598336,0.006223116926043604,0.018404168363333806,0.0126239184105017,0.010619458719785868,0.008590089089314912,0.013868341817103058,0.04047911267878157,-0.026561430953093934,-0.000853498726682056,0.007711883030986577,0.001298909814877236,0.019197214490822567,-0.0033930091081016966,0.011723967117748924,0.004273332623543791,0.0036731480959664164,0
2024-10-09,-0.0034416826003823564,0.0045633263358120235,-0.004485548897968816,0.007111845768084324,0.0,0.01873675126769414,0.017338842382004227,-0.012518421290867332,0.005637363613198998,0.0060115193855792,0.0009937371311341536,0.0022722792114715507,0.006600941054290654,0.016698335257347097,0.006631016794280242,0.013408477078997505,-0.0153303768373938,-0.0040142500648662205,-0.0018057634698258607,0.00040965113000668296,0.012669221201736303,0.008656361664036716,0.011782457479407205,0.012439796779663892,0.016575339378446463,0.00715159544408972,0.007164657331454105,0.003202182488817762,1
2024-10-10,0.005602493344685433,-0.014685068019384517,0.035636273709432675,-0.0106236294865788,-0.002954669543280719,-0.006229612764213299,-0.0028900931464899138,0.007814466693296662,-0.0045996113270789785,-0.0008713871827465969,0.004467427532894641,-0.011097823590965006,-0.0018905643797538785,-0.0021783256165448517,-0.0038805646296536933,0.007992632403596822,0.0013591438475306639,-0.011312250826985948,0.016283345136615557,0.008600283720150648,-0.0027177385997962933,-0.009825846524237125,-0.006517191571133396,0.0026082426368283507,0.01096052461226682,-0.003860383595313044,0.0019500732913451113,-0.01995185550625711,0
2024-10-11,0.014118903541632033,0.004732196407193134,-0.0038233476778023467,0.020680060446241377,-0.0008638422329961815,0.011343337662381048,0.024974227667460047,-0.007133513228102739,0.004620865512430905,0.005918697790623817,0.011366600043268837,0.0011641319345536694,0.012666400209632389,-0.006505308869998783,0.0011542872145993144,0.011626110360002828,0.007156848765749402,0.010482557004956039,-7.414020320539727e-05,0.003816692285014023,0.04439952406674208,0.006154904131897121,0.012259395396713169,0.010520712150968947,0.0005856030641699927,0.008513692212945623,0.0013334677518843652,0.0070687422659028165,0
2024-10-14,-0.003687555865447112,0.00854578168116471,-0.02289565621276679,0.03604124101440087,-0.0007756225559412133,-0.003738677575892746,0.012492869335378964,0.012287591039308543,0.011067886804833282,0.000867015557538986,0.012826810436896041,0.004418677071786448,0.008299801941465068,0.016479810507873838,0.006773730376044451,-0.006779016992029097,0.010536743753059685,0.0007967369682728709,0.02425811501449293,0.0038023779520646173,-0.0036438257219758574,0.0023722448704728283,0.008923881510241927,0.0073794466063747954,0.012289935054295986,0.008760412877197643,0.010221605632084962,-0.0051474233803793235,1
2024-10-15,0.005136284184919404,0.00038514271852263526,-0.044020044960001226,-0.008461679611283968,-0.001483708503107417,-0.016492252243027417,-0.0007077588723730655,-0.011281157779886808,0.0,0.015470369023317998,-0.0014472288976868919,0.012734292652161638,0.006144624979496971,0.011024681153949167,-0.0009545298119718604,0.0007998782160802964,0.003031185125242253,-0.0070290346145072125,-0.04686024223529539,-0.03006123458564225,0.004108596465002945,0.01693861972865318,-0.007897253496296441,-0.0011357638011563198,-0.08112003339656149,0.0011249894988805131,-0.004952035263426691,0.011759104415607124,0
2024-10-16,0.004734387209210489,0.007291028862151494,-0.002692015251870572,0.06789288740125499,-0.002296510595518164,-0.008836172952196186,0.014318843851350405,0.008704604896454082,0.0032699948555729996,0.0010967588621955127,0.01932587208690295,0.003886718124725963,-0.006856058493799333,-0.008851886007368082,-0.006256789089218784,-0.004262363692000948,-0.001813289131819884,-0.01617004345322237,0.03130709575090607,0.002575894290397285,0.005620857060609996,-0.005266550980042584,0.02685205248685274,-0.008072832385277118,0.027054477825759538,0.013485129489884562,0.029467326985253672,0.00929798638328827,0
2024-10-17,0.006357516828721099,-0.00719041191055958,0.003977820453541003,-0.018646772648451937,-0.0019877858886587774,0.007091523171474545,-0.001622837104259367,0.0008593677191646165,-0.009494125465830616,0.0011567305502724334,-0.007228314058400298,-0.001366689769906726,-0.0005800782138636329,0.0015963971133412524,0.001441962678376374,0.0034244710350397334,-0.013502108763102871,0.00024276112092835866,0.008915204718201952,-0.002569276106743401,0.0034878527203152654,-0.004063026336292408,-0.0021704747010624637,0.0010891714086660453,-0.009293999075667192,-0.0006031655119643764,0.00998209022377039,0.0009213851798013373,0
2024-10-18,0.00843550768185608,-0.0014436787642096993,-0.020517857447453047,0.009771970686974774,-0.0030323382838881585,0.010964585030453167,-0.0009453116936238848,0.006286355334515159,0.0077251711089088015,0.003951884307787701,0.0071616728690651055,0.003192786221116739,4.085058966940558e-05,0.012276536358206913,0.003455400083628879,0.007785456851548744,0.0030075954721413556,-0.0007973740919814398,0.007814310159864446,-0.0028250958922627634,0.004232998048171899,0.005192342497235547,0.00766514550408437,0.0022326747716532314,0.006324643842538169,0.005021908488520133,0.0007919632795301279,0.005522366987674943,1
2024-10-21,0.003463959410956896,-0.020722927563158855,0.01935851364142782,-0.012544777000375262,0.003608352223611222,-0.002288540184358867,-0.020245917938947033,-0.005632483485975781,-0.014054564861595398,-0.013868490988048321,-0.004148102934258047,-0.006592357397840698,-0.010158855564665337,0.006297830113760838,0.0014828184106414621,0.0004233124965837831,0.003977523875103639,-0.0022725300305457274,0.041376725815984505,0.0005833211102053149,-0.010516045715499023,-0.006149366624578545,-0.006784453261027945,-0.00028567439382498616,0.003265432780709343,-0.0025759432242352664,-0.01297231302648294,-0.008695892087903223,0
2024-10-22,0.007748467834063577,-0.01119582532271357,0.02168365691943719,-0.005444574202139618,-0.004673224704925039,-0.008377338903483245,0.0009655757566584544,-0.010161795244834182,0.0,0.0038074190138450703,-0.003927072799395304,-0.05034320659853486,0.0009436904007997793,-0.002621835551650298,0.020846344548399287,0.003332044214411578,0.006521484593813964,0.011909902690790508,-0.0008350095735782936,0.0051631689836200145,0.005022397830714231,0.014973284187709046,0.0012418821920929801,-0.003656744825834779,-0.002817460617901779,-0.0038638623495519386,-0.007181398925149796,-0.007386762770136168,1
2024-10-23,-0.010859284803718228,-0.005499639468079298,-0.018310441973630964,-0.002737296436076009,-0.0019003483549562272,-0.02775824922926473,-0.002122241888754428,-0.013526002055410324,-0.020734248671025135,0.014744857048971216,0.015053821228015574,0.03277123133470905,-0.0007071241031576525,-0.021622876610606134,-0.006806931231525759,-0.026304640562205495,-0.014290888413719283,-0.03147713599597679,-0.028066017478545646,-0.003562543009542174,-0.003167804959223086,0.0152403403275998,-0.005168454142176038,-0.008143665530021327,-0.009159924865347224,0.0013837531888367671,-0.003616617841763814,0.04604640765310286,0
2024-10-24,0.007552313858506743,0.0076068948027558925,-0.00819548154828098,0.0021958193570141837,-0.0015524310655355977,0.00455157882562407,0.014114383039329104,0.008191800093302115,-0.010439462602577998,-0.01320408907556303,-0.02530611681488759,-0.023331926234729017,0.00023584335620396857,-0.0008234634405569485,0.00030612714987143796,0.009041189476714617,-0.0003685720404099646,0.007255735970359778,0.006090604017658929,-0.005653882559265355,0.007027308363915852,-0.0027620002890811346,-0.008728230632575218,-0.004567872885243185,-0.006783072945924173,-0.006053599775216689,-0.0019031353972812637,-0.012894572523903691,1
2024-10-25,0.0021938645706405246,-0.009362270184207433,0.022652746581935723,-0.011867760337990085,0.004048280359946421,-0.00020598542842031886,-0.022688327692884536,0.012902687578473904,-0.0056465976341585344,-0.017046531760208095,-0.016664589263430396,-0.011466815532409358,-0.008253609449783927,0.0036431751692327374,0.008052190785042601,0.007779788122410869,0.01567117254125261,0.009634033649923213,0.00804784385484969,-0.0008363590358200224,-0.011867680775023093,-0.006382719981901541,-0.0038783711512233587,-0.0021491263985053966,0.006686669037906379,-0.0063845154253847625,-0.0052610198678423314,-0.016666556620175244,0
2024-10-28,0.0007296873549778038,0.009977186961072304,-0.06129843411404423,0.02328160346627639,-0.002548029968427179,0.01091778820640843,0.02142031352047402,0.011395732785384194,-0.003735700577333856,0.00447543992502486,0.017683868992331764,0.0057998625708359786,0.006420202928894003,0.00859940714928853,-0.0036435013293327767,0.002981406341556969,0.00877340831451967,0.00856517084670072,-0.007206396721738395,-0.004937600428713718,0.01434936036371992,0.0029089858450646044,0.012311868125259418,-0.011351094752686697,0.0012043425305234834,0.0016753686461496997,0.008731981368313102,0.012826307250505042,0
2024-10-29,0.009296730069591863,-0.019409840726636762,-0.0025229767865074804,0.03539174714578097,0.0018712969894509879,-0.0075395100587257735,0.0013369312331650285,0.017428694196762073,-0.01664931141669901,-0.00934403227177416,-0.03994207514625392,-0.006967648074096555,-0.012581271421652995,0.0011568171522204906,0.012564749462943281,0.012951868195294036,0.0177542561232229,0.02615214538881716,0.005194919884734306,-0.013624963766487364,-0.011529998557751497,-0.012689078841339185,-0.0007276550217245603,-0.013777590462631828,-0.005502062964051535,-0.0037975798250089454,-0.008128381557152453,0.0031658990882621474,1
2024-10-30,0.007260547018237196,-0.006454516805637356,0.020830256583091344,0.019532680271650893,0.0003570732687898648,-0.0011292704018700528,0.00022884260606947926,-0.008330948000291216,0.005491250990869334,0.0032482455979634395,-0.005907676526592298,-0.0012099692430750375,-0.006041708986787131,-0.015277851306757073,0.0013426847364899075,0.009956473710913016,0.02817062141851223,-0.00249485317542808,-0.013522072664613694,-0.005030643639541754,0.006774473479354004,-0.0037941313097460405,-0.010922610904239738,-0.007701595561515062,0.001476564170437511,0.014636023028419931,0.02937416712072305,-0.007213676413384551,1
2024-10-31,-0.018002492799668257,0.0031336669411705653,0.009473859788609929,-0.021211109161767938,0.0035618565060204777,-0.00236380554557869,-0.01260491467003444,-0.016970282323247377,-0.009253632416163948,-0.00466977792259049,0.002023211736151387,0.020591283622171996,-0.005897958098192269,-0.018209416616208896,-0.060527572664622276,-0.03284388507953562,-0.019202040669026754,-0.04092593966030067,-0.04722271577640458,0.0007714021576117336,-0.011095874465059552,0.006880242548665372,0.011779458232289652,-0.0007821056735007881,0.0027356126036195416,-0.027448397132276425,-0.001068460587224096,0.023615008807554183,0
2024-11-01,0.0001095748540242969,-0.002946018388195748,0.003320758308477556,0.020447349562334072,0.0024819583506552334,0.010095836366341926,0.0030129745924707407,0.011497302349540606,-0.004593374432528385,0.0016890233833386503,-0.02397470866793283,-0.018276830872153482,-0.00048425126863949064,-0.013279760867726309,0.009892962477629386,0.06185621865256041,0.0010519772991159915,-0.0007399928726204985,0.01988561048511084,-0.015670532917369417,0.004596432617972601,0.002928769588611324,-0.004054043196543233,-0.0029503953181939657,0.005420568290075645,0.016994002258483132,0.0030707279534034626,-0.018633564266818392,1
2024-11-04,-0.0009128751591513939,0.007590455596297785,0.02849335757378002,-0.02568919115943935,-0.0010655995851049926,0.003569549316428944,-0.01517293963088362,0.011163267067570315,0.001538108051843956,-0.011802927475140002,0.013186724403867256,-0.0072533077116608835,-0.00012131541989779393,-0.004037497586702576,-0.004654368529839248,-0.01086239567545566,-0.01196794347919794,-0.011425240278019944,0.004800597219035252,0.03183994508682786,-0.014174340065925661,0.003163309047382601,-0.00020877098914418024,0.004529193913843432,-0.017249027722860855,-0.004920578753208504,0.003817922403681173,-0.009041669801112207,0
2024-11-05,0.0015350137136695974,0.011426565608144923,0.007275732953475611,0.024608839561812257,-4.352012235619984e-05,0.02276419216225989,0.030285447683739974,-0.0017449139864439411,0.003993395110112541,0.0006951465743343377,0.0035728664271295063,0.004870764089318413,0.004119211565526415,0.006486128647234635,0.007344641944246444,0.0190009257528736,0.0029544369225766864,0.020956502193596016,0.02837199934443646,0.002950825585818828,0.007780516761147327,0.014918154968223574,0.008769234455743069,0.009077773756029028,0.016601877876752935,-3.953195386741104e-05,0.004933818078686425,0.005930732428360397,0
2024-11-06,-0.026529923685898793,-0.029293293699896972,-0.00416718198729471,0.06913700215308238,0.005554702899202235,-0.017289283727125127,0.13097745111113457,0.03163125023896329,-0.025546957649481672,-0.0029681360613652563,-0.05251111403202646,-0.0024235254776345805,-0.028414449932933628,-0.0032668541178833,0.021192797705003263,0.038045094425516846,0.03988433825974713,-0.0006638039807219664,0.040740316759291684,0.01714856776736373,0.11544540462588992,-0.002868034744647474,0.023388261148838296,-0.01870699595630032,0.052307570083054644,0.030797524640576057,0.048109447329138355,0.012244887258650916,0
2024-11-07,0.01154588527514333,0.02850371235065352,0.009345768532968313,-0.03032726012708309,-0.01841790161863377,0.029120311106742847,-0.02317197311746999,0.012642607378521964,-0.000627870632210481,-0.007283957598349766,0.0013418787876762206,-0.014334380727993756,0.014653738546454464,0.021372162703502173,0.012494743381086693,0.01429333510169939,0.024021360517632928,0.03435026116950879,0.02245741911912802,0.0012397852338634774,-0.043228340558866485,0.0049136557498465905,0.0004044583420144132,-0.004310689410147339,0.014680851562968167,-0.006236282965125017,-0.005204933813698798,-0.01254472694686859,0
2024-11-08,-0.004039394729551615,0.01617260486912242,-0.02736323024091214,0.010259784084045487,0.005786161482286278,-0.030850873928718214,0.012178612705656677,0.03594190410579201,0.0040840381106341805,-0.00803934907176218,0.03149291584048641,-0.0022183855257864593,0.026314260506025366,-0.001188207478733605,-0.006793139866528741,-0.008902691496347037,-0.013277922918229046,-0.003988502075483846,-0.008396207715243742,-0.0003302089709814604,0.0025381971392834934,0.01168752953076857,0.000909683078000656,0.006768274859473955,0.017111383204121866,0.013284818869421677,0.006768995627569829,0.013611498367341435,1
2024-11-11,-0.028390715843023218,0.005888203487462551,-0.03324803110555652,0.041113734538661184,-0.007436133497694897,0.0023317730134257975,0.022197426859041025,0.06143802708931245,-0.008760813786440669,-0.0027659005259323965,-0.013771640026753462,-0.000988258741414061,-0.01001739478427599,-0.012028600745126572,-0.010720832757723509,-0.006436720074140534,0.011213932615149913,-0.010469441629779697,-0.01605364811643084,-0.005284484233358255,0.009747645128207916,-0.007308823558969557,0.018582236199667035,-0.005148140853608152,0.015329248413031848,0.010214266729533739,0.009906778201183908,-0.001342871345605845,0
2024-11-12,-0.004289197066983941,-0.01276060288539238,0.0011758058491799783,0.007709339216373623,-0.004713679148511618,-0.03509659846454205,-0.016186774102168622,-0.0016972314550668388,-0.0025252758589044966,-0.015479754857963601,-0.021736050259371753,-0.0009889186890489343,-0.0011443535405384342,0.0,0.012009189028963307,0.010007771034946433,0.007041822994575231,0.002829263157894779,0.020859015243389623,-0.0009960835926963174,0.0011283845510245971,0.009262655956731258,0.0012888342598620373,0.00048713173575842816,-0.016921205573821485,-0.0017921230368508345,-0.0015466917793192092,-0.007171734445572175,0
2024-11-13,-0.007384596604567362,0.017639215930763674,0.004550756695459901,0.0064011579842651045,-0.004469625327243376,-0.006079750495099456,0.0027504476635911157,0.0016708530102353958,-0.00316457041476903,0.003930865076980705,-0.00026966149207929835,0.018316868781804718,0.004462173856797147,0.003969014747352118,0.0051297507737824155,0.024843245179395845,-0.015086520134398151,-0.008241629629349712,-0.0136218369872938,0.009306297629306792,0.006678964241052299,0.0060008285369046455,0.017130331949755107,0.002434075629100807,-0.014316527720312666,-0.013776245387061348,-0.001194146675578267,0.006772045218053968,1
2024-11-14,-0.00488224481473154,-0.010897392489066737,0.003945588804067146,0.006050371088259787,-0.0049545500735181935,0.040708730746691124,-0.00944090117741403,-0.029468651992534678,-0.0071428876040179334,-0.008940375600996697,0.014008760249332619,-0.006563155894026895,0.0030015185882896755,0.013770511814980235,0.00397454732438729,-0.012237320417028852,-0.018447970888025966,-0.004896722299243206,0.0033500174224310175,0.000663901459719396,0.002944037791047016,-0.01204690736853442,0.062305391845350666,0.0024885821955147325,-0.020994757585454327,-0.0028358868765765433,-0.003974358141809464,-0.0022421952275375467,1
2024-11-15,-0.0009734444542992549,0.006063270460708203,-0.02445415400005735,-0.01202784850833849,-0.003222246420885977,0.0,0.008375528597206916,-0.01926726787177957,-0.012949580515034254,0.014025192006971388,0.014213544181941318,0.019084953651290926,0.014723501573312037,-0.014109089939319919,-0.02785264031597301,-0.041942478231440816,-0.01759895426921898,-0.03998874718879142,-0.032570250018275404,-0.010368234232110862,0.014222495127655721,-0.0026044058370032763,0.05461873790481131,-0.03953974643234626,-0.0015510247340119188,0.002863155079782853,0.004509393223462332,0.019325989406016264,0
2024-11-18,0.017500154865679907,0.005536780679278541,0.0319308732651864,-0.012954513213457752,0.00034766267324415345,-0.017835394450621656,-0.009350462289964612,-0.00925416038105642,0.0019436688070448849,0.005000104077766965,0.0005238232808149057,0.014405918193631573,0.007137030494430263,0.01342216871048274,0.0018313704943855313,-0.004491405455644082,0.016290839605426877,0.000577546247184646,-0.012889164636947559,0.008381502147495778,-0.001141407491106694,-0.0020176919219743183,-0.013382005367971739,-0.0018283316519964732,-0.004356362671382397,-0.0004982091655829635,0.008138425223755963,0.013668343721240594,1
2024-11-19,0.006320385881703361,-0.008868561454686508,0.0033255597941077575,0.023877216072719643,0.005806019818599184,-0.026207244117221973,-0.011241769737180829,0.003661714618947487,0.011800669778956774,-0.011436333099356877,0.009032719238392328,-0.0075738425833487,5.86037089678193e-05,0.0011401432542985646,0.004882655586042173,0.014427385751800914,0.016086729107666953,0.012067104180668808,0.048947717364517196,-0.01396397915834413,-0.007917461613900167,0.02997132521140622,-0.00986435387433493,-0.010168640544487517,-0.021453258297501776,-0.004159961930382261,-0.0009930573150368494,-0.011309318762996456,1
2024-11-20,0.008031613844653007,-0.016715764968475377,-0.007493826886298849,-0.017142805293499985,0.001198629558994746,-0.008688285254707995,0.0009460159986816041,0.007018714437565743,0.006390825175771386,0.000718954179896647,-0.002594624111413202,0.006916030066587586,0.0007612410094286481,0.0031540244681631524,-0.005505205663709933,-0.00845508881471324,-0.012014493258400205,0.007895354119202835,-0.007618549024332788,0.014246066177635797,-0.009502641320048966,0.006697476718173778,0.01636717087594186,0.012889349945819806,0.040727669308990855,-0.013321719386622077,-0.014301608912412611,0.0043994653101473435,0
2024-11-21,0.009025053593026078,0.026124996661435196,0.01785967298513147,-0.0047139539161986654,-0.005789868023150069,-0.01229148639528821,0.024367268961514865,0.030948662752054323,0.012224177442126782,0.015609557659934659,0.006243275979754381,0.006632202487818928,0.01088423978493469,-0.0020959600569572245,-0.004316778965741341,-0.022180598835253806,-0.04744840385187943,-0.004297106598246447,0.005346563963976703,0.013380913849809994,0.016529684465098615,0.013879316345415837,0.00402590012373083,0.010079263743698386,-0.005012428823002124,0.004994747090680152,0.008165304927537864,0.006570337408022819,0
2024-11-22,0.01414610355377599,0.023267013174939066,0.01626247381544932,0.0,-0.007286603503216971,0.0020559656249712344,0.011189033744038568,0.018583476385704012,0.0025093708334380516,-0.0021220835009141403,-0.010995911888169396,0.015293951217506763,0.020434166727526737,0.005907432998616402,0.010003079011757787,-0.006351495788949668,-0.01712124000580051,-0.007014800459309911,-0.032181153402513485,-0.0011483089209058939,0.015484496295455008,0.02319267368486022,0.008106693475057325,0.010352966796565832,-0.011079679597343461,0.011182328053518154,6.455153791784518e-05,0.008703206586385237,0
2024-11-25,-0.034355458456271526,0.02064297263300996,-0.03228516972672435,0.01815583415186106,0.0010059984149974888,0.021922263110833118,0.0004149603371097488,-0.00850833251774441,0.007196476854262501,0.003931125052911932,0.008420829837252786,0.019235158729780766,0.0062965861271839785,0.013050957190322343,0.004292778137687581,0.021966324768223133,0.017540646610200827,0.010677007139998862,-0.04177525283899508,-0.014943587754178367,0.007000588696705279,-0.010393557173690726,0.003026390421511538,0.0064814895017233365,0.025318662546084836,0.011020294177699563,0.010551050984841215,-0.0034511922907904946,0
2024-11-26,0.0013375114394267307,0.001982767067051361,-0.002465996407301163,-0.005427156767508379,-0.0033944345196962322,-0.0021134251298829954,0.004095902640675053,0.012002125876807934,0.0026406703849650714,-0.00012933088705557871,0.011090913633921673,0.008867592136135194,0.010823786716083639,0.009404402783792953,0.021967791633684897,0.03181932866326265,0.00876830214077251,0.014917556839456614,0.00661663090008191,-0.016670851904063366,-0.0012784387590708546,0.020223325631444133,-0.004741397412924231,-0.005458256804257933,0.0015845175817701396,0.0035700165931502603,-0.004374195288450289,-0.00043283717484143835,0
2024-11-27,0.007480003492115639,-0.00018710361597784608,-0.0007269946895994694,-0.008107206870506922,0.004490308188931369,0.00042358023108146625,-0.00011574626123400655,-0.03837630280549109,-0.001859118951433758,0.005694999557007474,0.01329202229478077,0.0002255488451745613,0.00027867310528639777,-0.0005531615733954665,-0.01168245022214609,-0.010199148999145757,0.000650490069448173,-0.007566954311325147,-0.011539659277233771,-0.00262778235426675,-0.0007201371617581165,0.0062424284656843465,0.018622802683012196,0.0034532756311635993,0.002620536445023358,0.007379600008450948,0.009236003457774977,0.007795515821447552,0
2024-12-02,-0.008317688240967236,-0.005056883564008463,0.0014705657958984375,-0.006424409892190286,-0.0016977970845830637,0.014428615961052937,-0.00637391120138564,0.003091208493644082,-0.006710407357568227,-0.0013547287542127195,-0.020338192973370695,-0.011051161213116667,0.0024545437819265548,0.009522654326320268,0.017758624846483828,0.01356490130596999,0.015034039660917653,0.0322294158338885,0.002748441392856016,-0.0009326569176797417,-0.013895518675134833,0.0015133208175619473,-0.0026390155455807696,-0.002447329410179222,-0.0027531255634012375,-0.002964546743350671,0.004982859094247782,-0.01986178139881456,0
2024-12-03,0.003719324904679633,0.005597791347025316,0.02701914843631581,-0.013247106760975624,-0.004158447181446645,0.01351211144301212,0.000614934420233082,0.0012687907176960334,-0.0020425351520880763,-0.01576224104339452,-0.010120765474707083,-0.0004558612002255602,-0.023817474558663454,0.012771733883443215,0.0005103886340256381,0.012956175029913197,-0.0008747648213268677,0.03511962113889244,0.011758025311426445,-0.0015272171622294772,-0.005807183786039949,0.009391384194107788,-0.006060133939882029,-0.008279550330263397,-0.005406644312901943,-0.009748752585960752,-0.01149530338541549,0.045815012109356346,1
2024-12-04,0.0034408809408483787,-0.0033305650049800795,-0.020017178681853598,0.027009834013708378,0.0009143989742383951,0.009522834571595418,-0.005597226933868549,0.10994770305841706,-0.02062347794046282,-0.012404727830999995,-0.0072092744758947,-0.02988815852915172,-0.0017670730968254444,0.0014836831903140002,0.014424935127253402,0.02211394849472459,0.01768403531734375,0.00021177352776891034,0.034792556205836656,-0.028809394972194036,-0.005800308728400205,0.010052245786430936,0.004637191677137276,-0.009400216766629388,0.009186529129275645,-0.00957860200524141,-0.0099359061107398,-0.008845841142370858,1
2024-12-05,-0.010249435025779796,-0.003224932618991372,-0.003501573687828219,0.023498151635518383,0.0003154091131798431,0.010426039266421938,-0.0031903851716569287,-0.017642125877176396,0.011413023729989868,-0.006313555466815002,0.006073512765259137,0.0007053816165909499,0.005253733253788084,0.00012352034110585386,0.011887779665501474,0.010955259211262725,-0.009921340322369132,-0.007901970717032136,-0.00048225471135476816,0.004375099765420165,0.00854566618162389,0.008999463278298814,-0.004188350232060656,0.0019354104633790836,-0.05209635163966986,0.006965555266471579,-0.0026461142019469364,0.01274966011522971,0
2024-12-06,0.004568643704349062,0.011323671040558425,-0.01610550592043225,-0.018853545688328643,0.006795994648919557,0.006387540509563916,0.004825814329167066,0.0016879930886022354,-0.006198256020219173,-0.0014046834692714727,-0.01259851160474379,-0.004230312827175231,-0.012554576613541313,-0.0008229878061968288,0.0021463920755440125,0.029381072944344444,0.01199034624180606,0.02437075312037651,-0.0180616732662795,-0.01054191460862186,0.007658447309742078,0.004197330568346924,0.001974279679434865,-0.008452081168039305,-0.05069364173284163,0.007241340883518355,0.0062443999020855845,0.0020981487982385527,1
2024-12-09,0.009967332568076914,-0.005076808860900561,0.017410801361211092,-0.035177352841476606,-0.0019018358549437453,-0.004687040300785372,-0.009271600124913237,-0.02878525088571482,0.0011193400279037036,0.0019425296206214693,-0.007177109857460007,-0.00023589227262799106,-0.017431972045030997,0.016101227207422797,0.005523205673064302,-0.004140432746599476,0.004927987067538719,-0.016352200019977614,-0.02548442628526082,-0.0058994887498105,-0.01435155338763161,-0.01954003478067068,-0.0181615609766016,0.010647187750438158,0.023926133636548608,-0.010878452580879716,-0.008713577897541236,-0.02135668942783875,0
2024-12-10,0.012270703032313035,-0.01535493257953735,0.003217691713777171,0.00819140270178309,-0.0009710081955754957,-0.003924285615255041,-0.015299854929220591,-0.007821987969337307,0.004952088823539702,-0.0024734885435349074,-0.007496670324351862,-0.001416395227139322,0.008724284032652463,0.004133669430149256,-0.006031062873213089,-0.004644181824783544,0.055881974532526746,0.009371575864632886,-0.02694329324042477,-0.002037098838526319,-0.0038964167860544574,0.00767319407286049,0.0010470838262435223,0.0023201371243752877,0.008151717366730704,0.011839827302077444,0.01323394759934815,0.005990505440669702,0
2024-12-11,0.013419317119437668,-0.0028632342287899792,0.02478502213736955,0.011311166100767434,-0.002106648858464677,0.011425202764435927,0.012871090668080454,0.01728685062331481,-0.004291719242193737,-0.017355648225278242,-0.002157915133914834,-0.0073286075463439015,-0.009577510757948438,-0.005165913863803162,0.012767077271700789,0.02319588240507109,0.0552463891143371,0.021571936272505532,0.031391104575241746,-0.006656463006887825,0.0027588011822299308,0.0043363640804823245,-0.0010459885885101272,-0.01920672204399887,-0.056016342969084865,0.010283213405655411,0.004513714404997371,-0.001275954096212173,1
2024-12-12,-0.016936150413770057,-0.01651713880700989,-0.003841289926648672,-0.029142988098652234,-0.002479601489141614,-0.015678213687102538,-0.0016034180215526161,0.008961456521509925,0.019156995133986054,-0.002727810744562076,-0.010272991574009294,0.0021433648697022356,0.001289437776229363,0.005963553367695162,0.0012693712271398816,-0.0056023335225716675,-0.017604724443320396,-0.0029873288124463437,-0.014141083284226585,-0.0008936007416973091,-0.008212557000822351,-0.009161776269908328,0.0025302766015218303,0.013586885010401062,-0.03330653557903818,-0.003816983325080736,0.001402331622657016,-0.005110776576895515,0
2024-12-13,-0.011720930232558158,0.006177404606682035,0.01813773683730524,-0.0017848149877740527,-0.0031212470011464655,-0.007222092454895024,-0.010361413818152143,-0.010390114236437764,-0.01127821658115713,0.0025984921373840564,0.005462734915636425,0.004752800732133133,0.0012292078604829726,0.0006856036923053033,-0.005093757748456995,-0.006594726378065796,-0.011148209929201292,-0.016550725334411376,-0.02249888203241668,-0.008764196236665578,-0.0065830719772496105,0.00391993804537516,-0.01357705482965843,-0.005852865454348488,0.009151324898671431,-0.006404706841976027,0.0016229389541164707,0.011558208811706994,1
2024-12-16,-0.0017319644790098065,-0.015036769693017704,-0.008135808999945704,-0.007639835547190832,0.003436723753809101,-0.0024912180265871386,0.0014518162310197535,0.00824120415393459,-0.009030348637169117,-0.018892316755079297,-0.011273950682955114,-0.0331125331461084,0.0004676056280024099,0.011727739247466396,0.009658575394887237,0.024048121869595374,0.03603413383238774,0.007082458247209988,-0.016759879554977708,-0.021382064175818116,-0.0015002833407494753,0.006578308262953136,-0.006469245442063065,-0.01234398091771538,-0.042230191550052476,0.0024763391600457485,0.0036538003984070144,-0.033432258558293015,1
2024-12-17,-0.002640114753648559,-0.005453997182860992,-0.00890959215917042,-0.003931189932054546,0.0006941552918395821,0.010089909076940184,-0.0198693168241183,-0.017523693897145698,0.013589140191342386,0.01779616924913996,-0.007143869536988534,-0.002446262465432003,-0.004732902225823343,0.009719582133150606,0.006355393424940958,-0.00764177579215608,-0.006305424190385045,-0.00768940906895732,-0.01219690084916969,-0.004240739272411309,-0.005092163751068357,0.005797315268295966,0.008116972934086863,0.0007691188564984408,-0.02603808493650206,0.0013197937185449593,0.007629151865782502,-0.0004377644563282601,1
2024-12-18,-0.0029874083480143643,-0.035865493390809355,0.0071347030099311315,-0.03173827144000252,-0.0021200121370241742,-0.020176075996383047,-0.04251069959460152,-0.038052206792859145,-0.008675097181250924,-0.011337922412246515,-0.024214803329316026,-0.013241875210738718,-0.007338732403501136,-0.02142177175156046,-0.037561104854187066,-0.045987410359975445,-0.03592253615204055,-0.035919638680628196,-0.01135037289796248,-0.014720922901786282,-0.033520840535076424,-0.019597487330814123,-0.014776166693041604,-0.01095180563096576,0.02924700928996926,-0.02080924761481684,-0.026767231259416935,-0.015330636567450817,0
2024-12-19,-0.016802597696994104,-0.022345310264757057,-0.009492747967746795,0.0254755368566959,-0.013796860409498679,-0.008276979208764135,0.0067968941871205946,-0.0029654587951642997,-0.006364350115749096,-0.008083001475578389,-0.010635143029350869,-0.006709628151450042,0.0006504397309685661,0.0070145244922201755,-0.0008230446853282336,0.012561168873593154,0.00058374183728227,-0.002712547230777851,0.013730184094926656,-0.00855115431333986,0.011242901243926129,-0.0016034629111787435,0.0001796801316704677,-0.019167279975066065,-0.020951721143636193,0.006385087700045533,0.01646352667605333,0.004003524769588207,0
2024-12-20,0.014080703914641779,0.019687289661087126,-0.006436912517008175,0.009109017133068997,0.0014199956440721362,0.00447838301089587,0.021859786209367904,0.022068264255020287,0.0016012786267507462,0.006198584379895067,0.027232130808279242,-0.0010007613114098035,-0.006678737102926879,0.01881593070072829,-0.0009839931916165723,0.00729994595290151,0.015383893096149626,-0.017327910922399603,0.030762309782726316,0.0034121268373388247,0.019917582044857385,-0.012419763293591957,0.005926145748847089,0.008714447320409269,0.02223804655038575,0.00907727192618979,0.008987470329879121,0.007975303889922625,0
2024-12-23,-0.006238788240719106,-0.00038212285609406926,-0.0031673081428574834,0.009683312593427695,0.006572816929756531,0.00020268766053033183,0.008266957143034936,-0.0021824543713142575,-0.0027178916637961015,0.0055375680529627935,0.011441640973481437,0.00025041414853888,0.0002973275766802175,0.0030649059004013157,-0.0030920024313689787,0.0006224408269079884,0.01682257444768509,0.024946510403156763,0.036896902320644465,0.004061622472507409,0.003324828324618778,-0.02049008225157256,-0.0056234185653017965,-0.009817176373718484,0.012416819293608494,0.0017613655214889778,-0.0015422949676106024,0.003955828592316246,0
2024-12-24,0.002947575327470142,0.009402570813116462,0.01242057534495622,0.0169050105790316,-0.002611890288039209,0.002127393673819755,0.021041364953680475,0.004461880083225012,0.007374198884858574,0.003992556247353951,0.005793804106746903,-0.003505134831682355,0.004937446910517007,0.011478042148992618,0.009373867822755955,0.017728630305015702,0.007604148319074966,0.01317006291870304,0.003937848278998013,0.0009406171034138655,0.016443696478056324,0.02578871924018933,0.010412792003511528,0.010047006013381932,-0.0004739997700415888,0.01276082917692567,0.010812643741347161,0.004816312931352318,0
2024-12-27,-0.008185575737669981,-0.0057701446257354405,0.014076352899701217,-0.01826921260282921,0.0022721812206090153,-0.009927764197787958,-0.008688578295984017,-0.009569109113195085,-0.0019178237458152836,-0.0036405545456252852,-0.0035927193024043458,-0.0010009046720815817,-0.0037023892167126204,-0.01324198962429457,-0.017301576115057227,-0.014534256804240364,-0.014519416754742775,-0.005867130184149749,-0.020867604398359774,-9.394692392772352e-05,-0.008102432224569078,-0.012177974589488105,-0.008884904191972853,0.002951850544855361,-0.0022693886185715106,-0.007367453376701527,-0.007011114942532037,-0.0043553041987016705,1
2024-12-30,-0.0042411178827413964,-0.008730763975763112,0.005524070794298952,-0.00881493526496191,0.000594492107253819,-0.011242788010244475,-0.004564684573027278,-0.008007303365610619,-0.00672540846879921,-0.011789201457157894,-0.004853595449322734,-0.00801611805259217,-0.01439267109801412,-0.013263466221357989,-0.01323949516003653,-0.010949707031249978,-0.007885364610185075,-0.014288032675890738,0.0035032412984734584,-0.006761783225594842,-0.00767087745297379,-0.011891850940327409,-0.006723484723112461,-0.007652350181025724,-0.004294129041122474,-0.01249525351448566,-0.010512867733028286,-0.010936250871059983,0
2024-12-31,0.008863762959987476,-0.0011298766764453738,0.010283186067063577,-0.0036231916561567656,-0.0022269349976842268,-0.009629216576312993,-0.0016213680254340002,-0.004199695517247304,0.00370787141862583,0.00892991246684649,-0.0009754757848949858,0.009848618381852914,0.0033513940921714447,-0.007057852905747786,-0.007838390570540255,-0.008630834323407832,-0.010144383417911351,-0.009691437003636505,-0.023274261745943603,0.017114212178362287,0.0016295669127790458,-0.0024291757921204304,0.004963836837242219,0.002240949108861523,-0.00382053901704249,0.0019408110724006278,0.002315264023546648,0.007076577332563172,1
2025-01-02,0.011296193413755873,-0.001362523595626941,0.01965973241377794,-0.023636352761868373,-0.005217249054994322,0.00010345079049400852,0.0041039303616718925,-0.010977023620934778,-0.0067459327939305425,-0.004148703318566871,-0.0011159975189172222,0.005501273482596103,-0.009961102945881262,-0.026235900249704125,-0.006927704343570262,0.003783225458606987,0.0006866262561375791,0.023449547985069374,0.029935119579002745,-0.0024170461380101926,0.0012098694281119649,-0.0038737556223377156,-0.0047597783442441255,-0.01216620784620237,-0.0026686457431041033,-0.00791936054686826,-0.005189215291876437,0.0026350238940144877,0
2025-01-03,-0.005227689215189235,0.0018535579010019454,0.011349676770511463,-0.0011850387523677508,-0.00808116751134591,-0.005171196981907267,0.008974246098908845,0.0067743244745965825,-0.0014554116633337388,0.0011804401986477142,0.00530643716377921,0.0012434585570790802,-0.005121094249259106,-0.0020094144543211234,0.011395772606065169,0.018027432561515733,0.012458484740497822,0.00899478773975515,0.044537777244489485,0.005125266370022974,0.013666619016047488,0.00866667262391041,0.003068118716407886,-0.0037283005422756865,0.01682819423109083,-0.001990773410569524,0.001622061451877821,-0.007008203155237758,0
2025-01-06,-0.002495311023156921,0.0004881887504486482,-0.005408349524478107,0.017627122399669126,0.003617188874099675,0.03628240072597766,0.005619636979884435,-0.00711945489725907,-0.015222534961456424,-0.0036757594838300323,-0.010417978219503854,-0.016144992110398104,-0.02743305472697599,0.00673894392013108,0.01062954401423677,0.015254909370185477,0.026487305218821255,0.042290495777138615,0.03433219443429869,-0.0011124454006381512,-0.004875382320356891,0.0071601865144426124,-0.0009895102543078238,-0.022586060462437163,0.0013060523395795887,-0.01808722945856278,-0.005938319707461059,-0.0030878762947961214,1
2025-01-07,0.006936040594857751,-0.013200817840625323,0.009380131379920664,0.018987258510986038,0.007862458055476917,0.000802541752967123,-0.005605264190423509,-0.016942428974937584,0.000493332614299069,0.01788932525378817,-0.011370024312336802,-0.01742000336006322,0.004358833384259242,-0.01138774926149444,-0.012808374049759208,-0.02416414035082548,-0.007009643606654015,-0.019533474123195727,-0.06216953442159834,0.00937428344763469,0.009632472642097545,-0.0067811203446720425,0.0030615538204572523,-0.0059478854887698995,0.0011291276306002462,-0.001035204795464817,-0.004376291538372934,-0.01769908755808447,0
2025-01-08,0.002935991633034929,0.007729842093152195,-0.01252525663536408,0.003922900667187035,-0.003931263264369433,0.012229377946610054,-0.0001722461296381761,0.006062884684617353,0.014299787601334213,-0.027080472003485623,0.0032655958684348896,0.0005139352254570628,0.0049596917719361144,0.002023020207167825,0.0051851495921040325,9.006470850470016e-05,-0.00787763858052326,-0.011604254595547037,-0.00021394647499739516,-0.016735443733192912,-0.00016441461318117412,0.010901847437491563,-0.014633229320496821,0.00784058369976659,0.019970863511284076,0.009777027230783109,0.0029838557511394637,-0.0009009552748430183,0
2025-01-13,-0.012922281705741168,-0.0018210478172934197,0.029384876700634166,-0.027632575632098644,-0.005163311937805948,-0.010316538218902327,0.005267809217515129,0.0038384259481401006,0.009497376357764153,0.01696437085897018,-0.006233199362434272,0.008198693426088477,0.0017657429509627676,-0.010344139066364999,-0.0042009453160803956,-0.0021923619356289947,-0.005363439713159668,-0.012226732566966492,-0.019718868886623886,0.025811920646954256,0.018093221547090144,-0.01580650370242509,-0.005246279232430595,0.013039878781733183,0.03927492300022273,0.0004756378698063113,-0.002567179590133528,-0.005993502988997257,0
2025-01-14,0.0014961660744343686,0.009250153817360607,-0.016747014716252284,0.01827963435113178,0.002032546814788372,0.009007225076008485,0.015241175536863771,0.014009446066351572,0.006326070062923739,0.0019382698847383306,0.015233229142623372,0.004197528438564246,0.005666181532505865,-0.004778190385629433,-0.0036435027044472434,-0.003204303696411115,-0.007067541873089667,-0.023145320289925553,-0.011033635871778857,0.003934448787755507,0.013349067429680117,-0.008084674104660294,0.00037008898532908674,0.0031141608554661193,0.0048046063500124525,0.00813988597193771,0.007070383891069509,0.011131486129327905,0
2025-01-15,0.013071895424836555,0.03388665545349734,0.032774205361643105,-0.011917181347549266,0.004050693063236022,0.010030073226057867,0.060171718945506436,-0.007356052242103006,-0.004352030885736435,0.0015198468201795823,0.019270008051813337,-0.002612544235348846,-0.0005634858182888003,0.01967592760353898,0.025597263528032155,0.025670516796895804,0.031055382728665704,0.03848536575950434,0.03400127995976865,0.016314313583397855,0.01971970645401444,0.006057925398186947,0.0005549999964054031,-0.001172863021363435,-0.000588567796214079,0.026187680443755523,0.023261736777247632,0.0050459591133109605,1
2025-01-16,0.012497659850230436,0.007978463904893651,-0.01699151167910251,0.010381493111121465,-0.001122253065001133,-0.0018867109690448025,0.011668270294050709,-0.0036118920871657245,0.007770712283400316,0.019314309969360677,0.030018895676725776,0.00419082163004858,0.005324242678602209,-0.040400128373345945,-0.004058097140768324,-0.012043887924316987,-0.013500303122455426,-0.009430916740846285,-0.019597860309961135,-0.0017039105579362834,0.007608422607684906,-0.0004380373926802239,-0.01589947426393723,0.012156426054321434,-0.06041353245771053,0.0015125752941633763,0.003066862730031872,0.0050206252436084675,0
2025-01-17,-0.0007645840337501264,0.000122219960899006,-0.010167806922405265,-0.0054397792810997325,0.0006490050075860232,0.026266031022641245,0.021125935537136487,0.014249964881840826,0.0073895348168151465,-0.005007596184895657,-0.00854697892524059,0.011476086666409202,0.0039253240761523145,0.007535145845148916,0.010480998844917266,0.023928209424767255,0.016017832116733688,0.002404909836952074,0.030995050791199574,0.008983085316734085,0.019231475535363973,0.007009975689027614,0.005260088693722409,0.011669159982556021,-0.001625607003455154,0.0029818442480018525,0.007470627299181132,0.012261572182784786,0
2025-01-22,0.0045735381692377786,-0.01990755444143011,-0.0059295948328017545,-0.00819446449775163,-0.0014152030165982543,0.007202920257566747,-0.0031665148730198878,0.01768449975105235,-0.010253185734316661,-0.01943969436039894,-0.03330972091928497,-0.0017939264224895446,0.018674170985610195,0.005344954083347231,0.041306971828535266,0.018638063663626525,0.0016157108244725382,0.011419838305023466,0.04430887343960088,-0.017403784979795445,-0.0007222865569704862,0.0016114764171304419,0.0010120470279726401,-0.0030964563974807957,-0.01003828913655691,-0.0016664063514274519,-0.00021639303854514846,-0.007558987139777873,0
2025-01-23,-0.0016259574509376318,0.010460778944306748,-0.010869560820350066,-0.0048686692346188165,0.00040599688560072345,0.013745759787920253,0.01069959256732278,0.006133132326759716,-0.004046579240404968,0.009430781900499285,0.010804386341797922,0.005904907238153845,0.008558940081976996,-0.0007595151572747927,0.0011429351161753587,0.0017446222360446573,-0.001966004955142875,0.020770022839735613,0.001019845476005976,0.005660540246215762,0.011832312704097347,0.006221122187491268,0.02049443086816538,0.003578687814468129,0.01933753708918351,0.013354204218818166,0.014371416558367045,0.00940860657010445,0
2025-01-24,0.005139137443453512,0.00026549345303705785,0.0005360615660010559,-0.004002872247736877,0.0005624851491667915,-0.002473703753696266,-0.004065611466194552,-0.0023305664448985963,0.006338407823984316,0.0012273359231107506,0.05200082337556777,0.009188492813969162,-0.0061946268201082955,-0.003934531582456713,-0.005932197520603921,-0.002421170970448472,0.011263693695089616,0.017346050763710874,-0.031245854449044264,-0.013527038328720487,-0.004173816730878355,0.010126872982266777,0.010086467637006713,0.0033644266475305606,0.005171899525379775,-0.0013666634882006923,0.00606319583042958,0.008433148086634201,1
2025-01-27,-0.014330482169155112,0.02501802970579159,-0.01995721162709041,0.008782265425549163,0.00495113811170067,-0.02378764404979039,-0.005683792325448689,0.03959502490662836,0.03149223445385174,0.041343300699727914,0.013730350663729629,0.027819655368035434,0.0337558736294461,0.03178016630790892,-0.02139361939673301,0.0024270472668348475,-0.041955950396792674,0.019135496174890188,-0.16968167662348033,0.013896521232741321,0.0038138764647384082,0.02785995703131028,0.010520547702175032,0.03681592029005487,0.020675544839725557,0.026523439186781683,0.013143523944253888,0.0625001177701785,0
2025-01-28,0.010703214183789944,-0.014216123697912475,0.008200061352136911,-0.0017706028937301,-0.0021516145137691067,-0.01364193295792282,0.00713745878941241,0.037020954308959686,-0.02364181932448095,-0.016417162897434445,-0.04456171347028659,-0.0059052519531717085,-0.020452680185229166,0.036543971704994016,0.029086999934146318,0.011596277923593856,0.0181951537859264,0.021897980516992543,0.08925864466766176,-0.01933363895874496,0.004852162449509478,-0.0011294567333755001,-0.010587543441249903,-0.028199989724111196,-0.0019132408370912124,-0.0005112016714776679,-0.00017929887301415537,0.01077042932998351,1
2025-01-29,0.0008313028724642457,-0.012916867482016703,-0.015588910787790566,0.011529907822853014,-0.0015331053400753358,0.010396843867119143,-0.0006585220532913105,-0.016530042763479025,0.007537006151997705,0.005120417626958584,0.0049617341874628185,-0.0029704780041837076,0.0002407276755242993,0.004616791471198534,-0.01089005557239342,-0.004534900692607424,0.0005631966131864896,0.0032031448761098424,-0.041010939378136047,0.0058311299973459185,-0.0020962095319682073,0.0021584569369719198,0.009363355459065748,0.0007986551323795332,-0.008074126375974156,0.002630799803427175,0.0041856231425025925,-0.006967196575656476,0
2025-01-30,0.019464772107505413,0.002612360307132633,0.0015147425804351577,0.0020460071871801766,-0.00036486163034166186,0.007268877411731323,0.013053425850925393,-0.029463235274879707,0.01941748433774504,0.011379379919365107,0.005783540007320509,-0.020109236804818242,0.007098417074723473,-0.007394720758962636,-0.06180896210331577,-0.010250170242948609,0.027941230377413584,0.015535993967956463,0.007679888855856465,0.008281967160048698,0.006189430009570618,0.011794946307872145,0.0021202870806629193,0.010174753738294351,0.013882138696526436,0.031359260056148086,0.021346901018598263,-0.008666945835732354,1
2025-01-31,-0.0037194473963868546,-0.006079701746610322,-0.0027499596920842473,-0.018958759967565908,-0.00268257458552168,0.0014058193251422768,-0.008208093543887074,-0.005442983285372183,-0.008899352225332002,-0.0047097910211606475,0.0036465236660896405,-0.0020267664940489816,-0.008482035026809442,-0.006692234021185128,0.00016863336006212037,0.012955989149507907,0.015681804888187933,0.003173266493137872,-0.03674290905346167,-0.02500682218449224,-0.0034672156629946826,-0.004967045360925404,-0.00326196262537215,-0.007965515676793489,-0.005645309888487993,-0.018692141047457644,-0.0036438410982806424,-0.012073233475880962,1
2025-02-03,0.007608854166666568,-0.00781580872444465,0.00868612840777172,-0.011743569372302809,-0.014377536010052872,-0.027047267776493022,-0.012539087988664321,-0.007199208087110387,-0.0020478798252835384,-0.001840328077930442,-0.007126838366267374,0.01497834683035637,0.016687745331887438,-0.033855868907864406,-0.009974375330669139,-0.0010938846972727845,-0.013675252872301535,0.01201434177395,-0.02840003830894633,0.00243363760852211,-0.001833100240339336,0.01405860978770912,0.008314213383385116,-0.0027870770412770085,0.010488587618888934,0.01533964875906113,0.011761299302534,0.0219131217390498,0
2025-02-04,0.006845741611526401,0.006678618548699999,-0.006287680301271359,0.038808389480807115,0.007766210111102678,0.007214357517753234,0.002862254202938397,0.01444412571881637,-0.010734089467896002,0.010666989413836925,-0.016185835237972013,-0.004251991177126158,-0.0037331088822324388,0.02100780009496339,0.003528567111288128,0.019543422733693472,0.025592785825262032,0.009649123501305645,0.017058031680128094,0.026799950698047637,0.00423531663405341,0.012356811266971857,-0.00614029890251766,-0.04511891560168391,-0.004980054344684071,-0.008582499381799669,-0.001937459660471541,0.0,0
2025-02-05,0.006413643330515084,0.0056623771668824485,-0.022971089945632905,0.0,0.004398011689169534,0.0018145315380644345,0.01777112444883877,0.011012998300247823,0.007180490798535555,0.007818116649159546,-0.01001421388495205,0.008038037196928638,0.0052340480509442955,-0.0014174555926083077,0.002230995221032206,-0.024332807771026643,-0.07292381547378302,0.0009657946844883192,0.052086035354348414,-0.0007274911380353855,0.009293115778499228,0.016770940519740707,-0.024360176782483922,0.01512295988141199,-0.010340215422123045,0.012841645339940477,0.012429276904696307,0.009072237507252057,0
2025-02-06,-0.005432545314712378,0.0008216489078425315,-0.005912968832370691,-0.01650731429848895,0.0027041830597469563,0.028694035432968334,0.01978446739702089,-0.04920547877135817,0.003802351611913668,-0.0076282623868166866,0.001011562809771549,-0.004734665888669887,-0.0007691696395213388,0.003226297188125171,0.006121598357213598,0.011263088803542765,0.0014112724949613131,0.010101125246904541,0.030842026824721147,-0.013196303402048803,0.023924814105505954,0.003806328212165422,0.014021975144377308,-0.00212825345598211,-0.018099094833902596,0.0015363958860918903,-0.005608738692537196,-0.0008172959484448183,1
2025-02-07,0.003956599729735721,-0.016394669442159504,0.0055232882917048975,0.0032390505460764274,-0.0014540054721770002,-0.01186177961134438,-0.0035246525528341843,-0.015053918983868653,0.007575708563259731,-0.0025405829854895368,-0.014436573805516328,-0.0015021872263201175,-0.005388426247659006,-0.02396886080494065,-0.014597550113860769,-0.04053095448794508,-0.032672340039225256,0.0035534515422253055,0.009014325231334608,0.004242452878273184,-0.003972538914881252,-0.01652883676272776,-0.010973215579121565,-0.005297642608033226,-0.005678695403230738,-0.007775541369149042,0.0015538634858454081,0.0036809234843853122,0
2025-02-10,0.016391727129920985,0.016250527696708428,0.018591544997524245,-0.02861743223220925,-0.007135643922794088,0.025039893207094543,-0.008187061503294513,0.004204723491770146,0.011121618841600567,0.007314576640021775,0.020946309916328065,0.0017554521571234716,-0.0026195641556842064,0.0011874024339522116,0.00602793162122639,0.017412199866636335,0.0060969130358787815,0.004030605924895347,0.028727818962695606,0.01910181899469432,-0.017258822713910882,0.017498660015276224,-0.014252141537290486,-0.001590684931139008,0.012029844057978023,0.004869132686903033,0.009223516693730893,0.013039849694267858,1
2025-02-11,-0.0006176607754746488,0.005724812812153646,0.0138274336866675,-0.02175565101655219,-0.0009786114722859507,0.011802293282712872,-0.0050573981533798,-0.008557662649231412,0.04725009144854808,0.012253839743317396,0.009038758584199114,0.0135167187703078,0.011341204940450877,0.021831774959728323,-0.001892198994609795,-0.0016299428832775575,-0.006167064750108198,0.003345482713424275,-0.005764600074434356,0.006308029021208528,0.014573467289369368,-0.004372293520106485,-0.0023793049194730242,0.008936598168139742,0.0010311536264413501,-0.001397075074213494,0.000228350678683098,0.011665371115694434,0
2025-02-12,-0.001201716738197467,-0.022144197214277628,-0.02659570316910187,0.024401655199732142,0.006156768707821447,0.01139344887279825,0.0027189629913042523,0.005302200089935649,0.016420230549192727,-0.005572520522178159,-0.014929652119081482,0.000987958585757065,0.0008853251301594867,0.018270185784662107,-0.005833159384998843,-0.01645472556041927,-0.009227343162479529,0.007752062832509177,-0.012500168292961633,-0.030086744586492076,0.0016727528693731841,0.011125139328371114,0.0019263213799642909,-0.011329248501514289,-0.012211753655595903,-0.00017714206368102392,0.002195415282889135,0.008349985749660283,0
2025-02-13,0.005809522978257098,0.01299305419522967,-0.0011209447663713679,-0.034222915701238255,0.0026084706288276305,0.06347791305950312,-7.693416760723437e-05,0.011437496722122464,0.011497621633118182,0.012817299990772746,-0.00981498588637253,0.012583286788934833,0.008491547115234921,0.019673120367576846,0.0036672383915976603,0.006290143220533118,0.013779243561339527,0.004384005609254338,0.031645476692271135,0.007265867925991376,0.003158528111516734,0.013898357202938527,0.003295733244429888,0.004097332834752887,0.0071672216307892,0.003028531361936926,0.011778513883058839,0.01064668053318285,0
2025-02-14,-0.014457023855674711,-0.007104317418326955,-0.007715009744627688,0.020761797146525263,0.006705875470178757,0.014333158538716972,0.01787500394875141,-0.01003486035966683,-0.009064728460132288,-0.006995162235588381,-0.007871919373977798,-0.0012184235399755883,-0.04753829749756466,0.012710854922253434,-0.005139760505728841,-0.007336035409240549,-0.004889050178954468,0.011131487688559538,0.02631393464602727,0.0010173723144868418,0.0009770405707392182,-0.009614487820753137,0.007208723380879745,-0.00823071746324755,-0.014439409882278542,-0.0027368089712341837,-0.005117787488223002,0.009363984944954717,0
2025-02-19,-0.004161616491367259,-0.01953834922639086,0.005567175147860093,0.010879860127833263,-0.003531586340879578,-0.025228608937022945,-0.006010317246633701,-0.01346672389053749,0.014771916436794541,0.01871095079040086,0.008175083276169559,0.019660194868832637,0.006407532125678905,0.0016362461780887738,0.012523121735654952,-8.819331220011328e-05,0.008162527060619817,-0.017588672861456045,-0.00121945684839464,0.0014526498444471514,-0.0025004475915754165,0.0021197461341717627,0.01633808008971016,0.011866751606144366,0.020590027016190504,-0.00019347304701633483,-0.004204975987758819,0.006520888967296745,1
2025-02-20,0.007056278120620485,-0.001997784482520748,0.004429061520058397,-0.0198340479514606,-0.00261560548386075,0.007816584424611417,-0.03874884235729936,-0.01879632441301793,-0.00042802335226344024,0.011336910427158342,0.01563862624567136,0.01142594783294304,0.004324621197783873,0.003920387708908235,0.005290676147367446,-0.016546793977871843,-0.003832345125321601,-0.01268876066500757,0.0063205125250109795,0.015412523821075164,-0.044583886577823306,-0.06528842495417664,-0.007184413034781345,0.022563619925729306,-0.016867551171611095,-0.009181996720506458,-0.013343528762623902,-0.0034299015283327794,1
2025-02-21,-0.0008162933142006334,-0.023667059863635598,-0.02990213832259503,-0.058823572493813536,0.007633917867490458,-0.008100675922008471,-0.02593952688505574,-0.027101883489426326,0.01870347031475683,0.01640793823512121,0.020530509718017953,0.0063543039127289536,0.018061119209610954,-0.0011390670392069646,-0.019032561891515143,-0.028266344731418536,-0.026549564694747785,-0.01624838258564898,-0.04053975347917382,-0.011696374066921034,-0.009594935625787504,-0.024997327152692095,-0.017096387233866972,0.02951035837331628,-0.0716531870840249,-0.010243496554135145,-0.005591965802842824,0.017973320169504037,1
2025-02-24,0.0035061970129008913,-0.007474708719038881,0.004261298520753742,0.024833400385608995,-0.002451152351532815,-0.015986067439473728,0.0008631536137007068,-0.004777061335948796,-0.010651856728934872,0.008872387124853054,-0.0108968887641413,0.013096364801804983,0.0018208487840145615,0.006312496920718003,-0.010313423576483016,-0.017868663239768212,-0.0022820760386370598,-0.022558640368981142,-0.030870884116102726,0.005239762668298287,-0.010975079204301408,-0.011711379624376184,0.023375566718502494,0.0022800999436958236,-0.010505608884741946,0.002672506133262864,0.003815747359531274,0.004507638570694361,1
2025-02-25,-0.014722312080286182,0.028424168951113327,-0.02503531427819128,0.004878777227310893,-0.001286799161344221,0.013243863426700031,-0.017935440328854413,-0.007913937407658334,0.012749719882096278,0.01435200888915511,0.006779481463658366,0.009002713042613353,0.012372760350283674,-0.0002428712111562925,-0.015098892841606704,0.000423094048469963,-0.021366919815178242,-0.015910047754471246,-0.028016674607738046,-0.01384012372473542,-0.01507606341878831,0.04291673367409987,-0.006025097302497451,0.016704673020045968,0.01919743166266019,0.008998435744537625,0.006374194921306753,-0.0033656916280536686,0
2025-02-26,0.004234824867662246,-0.007144832795328626,-0.004497280679258475,-0.0014565333938506564,0.005998783902478877,0.010543735290596157,0.004651268862095881,0.004740477838793389,-0.009651780367079144,-0.018122724022479386,-0.00378791906912046,-0.012125174682394935,-0.007819319287672655,-0.027040139913881323,0.004599171388699919,0.007283848822975836,-0.015334554734807715,0.024638749374154445,0.036721224626113935,-0.0024607609666629227,0.00540022256151218,-0.015252508957140476,0.011761493331593043,-0.031389833046931215,-0.014435118069587971,-0.004893464572699013,-0.0041465984155451,-0.0030017611249902876,1
2025-02-27,-0.011519506683274172,-0.0005377464888054462,0.025211245384644476,-0.02924454431584045,-0.0033563824334480463,-0.02103994494888961,-0.015815019896906368,-0.04044514817143163,0.000988985910014284,0.003985801350454121,-0.022954388092357836,0.0020842547992478977,0.003911208452119341,-0.012730889246679977,-0.018012224890150752,-0.02617215045770671,-0.024489011575483777,-0.02294791549446573,-0.08478062880758996,0.006303799615601902,0.001004646512903884,0.006133154515976846,-0.004649893575620734,0.0033661365150261524,0.01072061730848528,0.006324668588946203,0.014573657059351763,0.012420005515194177,0
2025-02-28,-0.016093196146486743,0.01621935343848291,-0.008386586363717696,0.006192422684849097,-0.008929464425346478,0.002906736850197822,0.028578405556008324,0.010003557369439475,0.004797295347014341,0.007878778244556406,0.01972012855713179,-0.003928888508562656,0.010873960699760765,0.01913186340897366,0.011362144533299645,0.016958863624485065,0.01056371170635173,0.015131256300924045,0.03970030555524473,0.010712610800961198,0.021617397237236435,0.01880358105011659,0.022369973503370666,0.009538258020607149,0.013658841712745229,0.020342804023979255,0.019592973434674033,0.018959061405050326,1
2025-03-03,0.018823992323959926,-0.017422927207909833,-0.01992544935612217,-0.027777689903501823,0.0018017084062638133,0.030300341908908512,-0.02736646711584456,-0.016082104110097917,0.015587693082900422,0.013695349987391747,0.020664166690162578,0.017865373082367908,0.010066678505976645,-0.01575423380035612,-0.021411099868327232,-0.034200087377916355,-0.01920373715768653,-0.019679834932126994,-0.08693563240438495,-0.032066769604912615,-0.01522766497057848,-0.01034386383590602,-0.00887528476351851,0.016419968650276173,-0.016654020968393857,-0.002411966225418727,-0.0024537144673926203,0.01130975318109817,1
2025-03-04,0.006712389043017186,-0.020554838083627014,-0.0016089016517856214,-0.06432858553305243,0.0068361476632621265,-0.014662017359978408,-0.03985069287932608,-0.019518240007298515,-0.029452331603480375,-0.011119024787766385,-0.010751301605949393,-0.022794479082193675,-0.013725176905009073,-0.008822464612909697,0.00030884571972089603,-0.005950644792114046,0.023411929966996592,-0.022975308327540356,0.01692093873052891,-0.002041508268772696,-0.03978973648471218,-0.026846901157876024,-0.033513505914283925,-0.01153910737449737,0.016186739515193782,-0.03452639360596543,-0.026504951448665937,-0.05411253596517274,0
2025-03-05,0.0019590153218878026,0.012235505173596506,-0.02856730906256022,0.03803264326842326,0.013538875107199866,0.08443639108439971,0.020528431714258444,0.016113456267067505,-0.001567189448709927,-0.001813614514942774,-0.005222238046170613,-0.0006998081956275382,0.008257413105434042,-0.0008052768375831354,0.031934369492985226,0.022374865016246748,0.01228640469968667,0.0257343505281582,0.01129412598600199,-0.019527583763312983,0.005114993590002115,0.010634957702816639,0.0027519157309412456,-0.0020105156231260413,0.002886627374327544,0.005819047142404887,0.0012776006521293404,-0.0015254944172502505,1
2025-03-06,0.0004459399740508463,-0.011958117644006228,0.0007540801326924029,-0.031883107919488896,0.015803682242369943,0.026725157677706113,-0.042827770672922316,-0.020276304633831677,0.005422445804504461,0.004299863562205353,-0.006668484183894763,0.03244620373513363,0.0002863536274086975,-0.0017391716619414854,-0.01029861597719095,-0.03676331176651382,-0.0038723875391053486,-0.04347481192367941,-0.05737431228014822,0.02067513002915211,-0.01983868853664028,-0.013961304261442709,-0.035495327243691754,0.004743971074193443,0.024664892494671964,-0.015188861192873437,-0.024157843297452852,0.02100829604360266,0
2025-03-07,-0.00408014334702167,-0.012915031019809287,0.010247141333957543,-0.030567631929084182,-0.000647234466842117,0.0031080743182481108,-0.014092996293080473,-0.011046865723157828,0.013766547194297152,0.005186161914864762,0.04027984748375446,0.04137475844825822,0.007385662855998065,0.01589268898989893,-0.009020184772629891,-0.007224698407026442,0.00876113786928956,-0.003615173962542295,0.0191734956034193,0.01300868838464364,-0.0172791938446607,-0.030853646449599537,0.0007588561789493298,0.007732135414448393,0.011810043033216422,-0.005547371790196709,0.003370556754880516,0.014590398341373101,1
2025-03-10,-0.0047164772273115,-0.005705974717008178,-0.015065664117503652,-0.05536784826101693,0.0067335647250317265,-0.03811003536587643,-0.05004717075006526,-0.03531401867730943,0.0002800274255272406,0.006059066147896752,0.04572291035296594,0.009335556115240173,0.0017619259213301763,-0.04847965381776442,-0.033434067771542564,-0.02363867861413893,-0.04485771535024086,-0.04422515010448125,-0.050670109824213716,0.025500044449699555,-0.04152213208963518,-0.04252082343036179,-0.023031092678660436,0.01171974702193368,-0.02271154567044187,-0.01764891696140858,-0.011120128223154446,0.0058997790777644,0
2025-03-11,0.007575199703822255,-0.017322596353851583,0.0033318374189050814,-0.0725213501432751,-0.001951039928978826,0.0061201653596614225,-0.0004326500107397768,0.015207013863371754,-0.005738231056317988,-0.010971907285756144,-0.027967553273954615,-0.06582050815126594,-0.01781461253802319,-0.029189323366758724,0.0007627179626374936,0.010537694677220655,-0.0110327257552284,0.012909977669122386,0.016638679721860505,-0.0236136224486877,-0.013263318157149873,-0.004327006136177203,-0.05025215471461342,-0.02508789291628355,0.012119431063728925,-0.02107550572085315,-0.027351525802393306,-0.04655440349650686,0
2025-03-12,0.008994540214519287,-0.009316684820883325,0.021584910266804203,-0.02956290975755127,0.006897692458530891,-0.006323042261007106,0.008053764135946162,0.027179256480149183,-0.015484378704430313,-0.018147853569012606,-0.014993956920421825,-0.01934158244519546,-0.027437639117863455,-0.017478750557457845,0.007412308632968934,0.011699491808345508,0.018715077694162474,0.022865489353876667,0.06427592493873169,-0.0002747804777957219,-0.005411535653176536,-0.025617641903447286,0.008784460474334344,-0.02730908067990978,-0.010143160474611834,-0.0022061212131933017,0.0021075469753522036,-0.011149600803988302,1
2025-03-13,0.015378840349098422,-0.04188402984792916,-0.016696176836919374,-0.030463670806185728,-0.002558252061335975,-0.022956088917381212,-0.020346860334266248,-0.045119129642641975,-0.004575093627758653,0.0008596584148499176,-0.0026054234960861677,0.02629717959762723,0.0013065759977528568,-0.03364364095788941,-0.011741143812940225,-0.025139524437347016,-0.026030854017524252,-0.046678112461567944,-0.0013824634742628517,-0.004215313590108849,-0.011891152811499328,-0.008215998661072366,-0.019137360384765212,0.001147168305035251,0.0008521811955515268,-0.009168272493879304,-0.012889111666406272,0.014385696167204198,0
2025-03-14,0.003417870524071498,0.011691851553283561,0.009466524786302388,0.06443520405304626,-0.002811636557319863,0.04229181471025223,0.03163042299548069,0.028188667476725104,0.0007232422931422455,-0.0011044501929449169,0.011274468092977719,-0.0032026910691125288,-0.0036774068707730034,0.018170490476207224,0.025846859900428232,0.02093969555611075,0.01677310429506984,0.029629726554504465,0.05269075080871022,0.02972312910317787,0.03219509048293401,0.010059164016564148,0.018271914883680962,0.001685428910305875,0.01480721398903806,0.015024302293298986,0.009891891927440222,0.01878120449598697,0
2025-03-17,0.0018367006177992806,0.00802704371470786,0.005954175707976184,0.0029946888483416423,0.002361313594480885,0.018982848375273198,0.018341273621350407,0.0048319619993355545,0.013880991640741414,0.00018437544537608375,-0.019578433004452722,0.0018361410463039185,0.010656557517528586,0.0023890119115481667,0.00036036101896597117,-0.01116439246854839,-0.007251224445509297,-0.004443573017182789,-0.0175885256660947,0.016622092543383316,0.006410156687007396,0.02472191918054345,0.007299363828264127,0.018507228080718363,0.021221849211531474,0.008244103924739843,0.008288120568282986,0.009405667591400269,1
2025-03-18,0.011700032552083295,-0.01287651719816918,-0.010062152807804536,-0.02068666893970872,0.0034831765334208953,0.006520191926971952,0.0007980948323245141,-0.007195110096291146,-0.010553436512273917,0.008658720707096279,-0.01955357231046473,0.01328731134593597,-0.012075735729807247,-0.006121614437795575,-0.013326568771155678,-0.014917738259935254,-0.02203426389584029,-0.037262560188160654,-0.034301003041780964,-0.001054958872560463,0.004445847738435038,-0.021381377536697777,-0.00010075949030408093,-0.015527704481294147,0.009578689800869844,-0.0033835675535983656,0.0006576584315123313,-0.008199841025738785,0
2025-03-19,0.000263518388773365,0.011013577168490496,0.003886429451423812,0.03985202374442953,0.0018596741869165712,-0.004627059868890004,0.010076417425010087,0.0023679018050681844,-0.0014413112652664761,-0.007671172096936241,-0.00282872084641117,-0.006556584491429263,0.005127882512451887,0.01198926693711777,0.011211889963479882,0.014106347155876442,0.020041157549156807,0.002919212905865498,0.01810613756470869,0.015575528463974697,0.017619234457521005,0.008646027065815964,0.009461628007138678,-0.0059067392648651795,-0.001190885429455335,0.011128177585201904,0.01523422304439026,0.008643418460509311,0
2025-03-20,0.0013505378267197887,0.005941882367926032,0.01637877328975934,-0.016753941681957207,-0.002520622057834987,-0.013946002781504374,0.009581144619955628,-0.0012885618231210927,0.006206606869773257,0.00018407503215756016,0.009219898997008258,-0.004324126800450689,-0.0060509426365502605,-0.005296390745160973,-0.0025268628956149897,-0.003017266841301769,-0.006650811413949742,0.003321705928612362,0.008594252615910625,0.004245699891598731,-0.00041824593794825837,-0.006023342557408884,-0.014258796043762456,-0.006481599483906142,0.016096937207677575,0.0005409439287717976,-0.0010885670938682868,-0.0018628955652816304,0
2025-03-21,-0.007171068693462179,-0.012291851357143613,0.000292948175221186,-0.0038339354376714097,-0.005059227151979595,-0.025929091768724155,0.00437189668787652,0.0056982972822525735,-0.014918746708758257,0.003741976623290011,-0.003794970382346663,0.005485760911652537,-0.005132874616836647,0.019476917327059695,0.011425907871364549,0.006463245885351521,0.0073095862750829355,0.017491288447981646,-0.0070024141076757696,-0.003451278105110145,0.010961957702188219,0.004732596492799557,0.006069306283787768,-0.011552728368114495,0.010854600177567786,-0.0012864013868605362,-0.011310668899997323,0.008585267483448789,0
2025-03-24,-0.0016897003505831343,0.03593903791744735,0.012155855973833951,0.04511448353837255,-0.001928790453157081,-0.01524561886777498,0.0264712916541181,0.01902939491261524,0.004077304946994209,-0.002078120238685477,-0.011427722879506552,-0.009774947786566512,-0.0062390958070140945,0.01127044431081825,0.00465157607897515,0.03593082692897376,0.022501340188521457,0.03790356398439387,0.031520908262874014,0.002597457625065136,0.02661089741312428,0.017562199456408134,0.007239027241793705,0.006875006615460144,-0.0006771227278533631,0.014896609803294547,0.02445915481430494,-0.0022206429709051845,0
2025-03-25,0.003517922794489925,-0.007642128582429186,-0.0015916742783979032,-0.004296366550436748,-0.0029709464430933696,0.015645445642752165,0.010067313903011188,0.009266789679728715,-0.002030374019463266,-0.013901500807592115,-0.02112170919887746,-0.0016069562388414393,-0.016903084346247765,0.013681886692452627,0.005291574247855202,0.012053587883713357,0.01717555543088678,0.012054648558748937,-0.005930332935586535,0.006821991131156002,0.012376072900374124,-0.031203589042093305,0.014274376301993463,-0.006213741584828236,-0.005943838083308228,0.002740539592520852,0.0021811616357554353,0.012982151838115463,1
2025-03-26,-0.000926033956193284,0.0031580420872594495,0.00942031196925952,-0.012327775831013521,-0.0014886306947903272,-0.03411562061793605,-0.020514151863224916,-0.026402442207451582,0.017584607118837692,0.004347338397733935,0.016620555505365786,0.015865837901170243,0.02290459005471379,-0.009921820574241624,-0.013133869250914199,-0.022264360904062586,-0.03224671447544114,-0.024476723609812345,-0.057419847461616325,0.014409555744230529,-0.00039816453661156714,0.005309084100197481,-0.00816851831835097,0.02130018333330752,0.00929036959447016,0.007172320192873727,-0.0012768824006177404,0.012449697926286918,1
2025-03-27,0.013009384653107636,0.0016567482589648908,0.0038764772024604266,-0.039941802591963116,-0.004210979976130513,-0.0038410076508632596,-0.02613599702480407,-0.011316991682751132,0.01028279172407065,0.008718784358371812,0.004302275605082784,0.017654932331362616,0.012786682720911768,0.010472687848272377,0.001564178878533884,0.0011435177345771042,-0.017084515355513474,-0.013748451216724522,-0.020481757950565616,-0.0032130191609422987,-0.011592330551083774,0.00492898887488602,-0.0032745107612057733,0.006929541195041855,-0.004785729505862091,0.015480761119098574,0.016502850964495774,0.01989154930252468,1
2025-03-28,0.008594225621777918,-0.012626498108258777,-0.008009118610681987,-0.05005426795037038,0.005486903144057864,-0.019446769786063633,-0.028268771191782283,-0.028220761673737882,-0.005230415039934044,0.003555439433612806,0.00599736084932867,-0.0006672771051141613,-0.004030676987156645,-0.026580404734991903,-0.03016033565151055,-0.04290822091507418,-0.04875482270355458,-0.042882166842336256,-0.015794677691940984,-0.0013571537972427716,-0.0212396626452096,-0.005605474960930001,-0.023693381139033853,-0.002672615288478064,0.0006204750525888869,-0.03041760365743451,-0.020036347591956605,-0.0007091203401580204,1
2025-03-31,0.011760910036651584,0.023286405340512406,0.030565206573334835,-0.005474493591193119,0.0021215078090845996,-0.01367760350146019,0.0058366623968935105,-0.0059637465960044045,0.017763038965034506,0.013010787417082392,0.0062454715893836,0.009570535393702562,0.014223653255277746,0.019412603230494874,-0.009001918409558884,-0.012764667384211892,0.0020084964004016825,-0.0006590021801687884,-0.011762543009884885,0.010192690018957284,0.010088471661897191,0.031004175593180028,0.006423976250365282,0.004488570577370954,0.014940690564115178,0.013891688287391402,0.022196203414855953,0.003548551808017164,0
2025-04-01,-0.0012489260994595908,-0.002646683418386475,-0.003917269103824728,-0.027064142268219626,-0.0004652105854351385,0.0030335076429832686,0.003953940527438027,0.006856601428865128,0.003490912958189929,-0.07591650251930415,0.0004233216279843077,0.0004408975981238239,0.0008215406118208257,0.0047719465966074015,0.018114326829881344,0.010038913682617334,0.015713970233534935,0.016725897597404504,0.016331513496370187,0.0009250522754047363,-0.006685670490461981,0.011846401389192573,-0.010334223420800925,-0.00180071065822629,-0.0012028241150960906,0.0007114594301806942,-0.011727433353024064,0.007072080316767648,0
2025-04-02,0.006733143306144385,0.014691376987574278,0.007162951658568284,0.022395027284094704,-0.002116018504694228,0.010282509094392323,0.02671151425412366,0.004959350215888891,-0.007513604280722785,0.013768212681944059,-0.006204081450468246,-0.014103154426773234,-0.006214810188444719,0.0031363580770971122,-0.0001307127130877328,0.01998228846583383,-0.00019108379038834666,-0.0035325172189167864,0.0024510699831183924,-0.003108334025798354,0.008864922747931159,0.010469463796247691,0.0020473822289706067,-0.003674886202499006,0.00015304511826785827,-0.002060204553853917,-5.7750207005047294e-05,-0.011938102112702298,1
2025-04-03,-0.013662824828182485,-0.04038927881120391,-0.06637849947011298,-0.10744753256156014,0.010439658179454803,-0.07381113058989208,-0.09211501871669459,-0.06006487286417139,0.025935870638003733,0.028707572383458002,0.023552642836979665,0.01966908277689372,0.017050067709815986,-0.09245604363993343,-0.02363017912810661,-0.08979129298487254,-0.04024443497460706,-0.0895827097670111,-0.07806547074373227,-0.05258265763864123,-0.06968516811463821,-0.02785211384983266,-0.09235801160499557,0.015088440523098878,0.03295099421280012,-0.03074630946948742,-0.02003860753001019,0.01634678796606681,1
2025-04-04,-0.02744591540200192,-0.005647615805884243,-0.0740850708867078,-0.037716151049900115,0.012380016951382578,-0.07876995758778116,-0.07906418404200988,-0.05669394156209007,-0.04441108890887768,-0.041171339964809706,-0.07249782791848769,-0.05677337844402608,-0.05011888737150072,-0.07288745718124923,-0.03556583343056763,-0.041533565999713695,-0.03397034981879177,-0.05058119757236168,-0.07357568117034718,-0.07195595051545456,-0.07483831449021838,-0.046642148510245396,-0.05977030119194304,-0.0314460224801667,-0.02847675189513932,-0.0768637460504692,-0.07737418755870717,-0.06853147291803696,1
2025-04-07,-0.020152706232362205,-0.03500988020474438,-0.02080982223905059,0.001073763879479106,-0.005360440510336351,-0.026664029722823446,-0.011257199350427904,0.014329592488689036,-0.02230799763584057,-0.017097387634047667,-0.027649162672196304,-0.010457701683757814,-0.021496195289274378,-0.0367341985677333,-0.005502459366292234,0.024912248577988017,0.00789833694134301,0.022823968180742726,0.03530901116249785,-0.01341762532211499,0.019783110957341865,0.007693242544604573,-0.002753587382500755,-0.02332718150390789,-0.000666848139114995,-0.008677627251209352,-0.002586621508566145,0.007132164247852346,1
2025-04-08,0.00579400712659317,-0.01835961766565586,-0.01845138250094691,-0.037811842075269775,-0.00629822288861126,-0.008547907766197294,-0.007067504734969421,-0.0009008712889311266,0.0007311859172227653,-0.004116333092354263,-0.014601794212402042,-0.009628953126926909,-0.011483580335354349,-0.04981824473442753,-0.009221592854781857,-0.026246667744515673,-0.013969268944654334,-0.01123481533870696,-0.013723831195389558,-0.02108030094784763,0.011331779369826434,-0.024335030084967624,-0.018967497061143646,-0.02018291720700982,0.05408809207454235,-0.011533863609289208,-0.012967635663300836,-0.01639960606722135,0
2025-04-09,0.029679322380616213,0.06010615209742731,0.04649205367467135,0.23383495703319968,0.005962451246217304,0.0982653686894932,0.11823368929715738,0.0868069746731428,0.0223618445311351,0.006466656332860143,0.05412570851570542,0.017073793499055023,0.02481225858858238,0.1532885035937399,0.10133700634027365,0.11977031526306248,0.09682095154399573,0.14755628575964952,0.187227504566003,0.04991575338329546,0.08055519330102112,0.09548854556467345,0.11894268351005244,0.03770484439044686,0.04596092522551398,0.07569482881601153,0.07837283796417704,0.0030314121694654528,1
2025-04-10,0.0322918210933667,-0.004980506049715117,-0.03656774394698992,-0.11091022734137312,-0.0025847176829951746,-0.0037832357247595816,-0.0523729359474453,-0.03638863019323835,0.011579760292320218,-0.015102183897056976,-0.01272560666785727,0.01677235906592789,0.007639204380015752,-0.042393829357370905,-0.023406531341426562,-0.05170070417193329,-0.03711165749115031,-0.06739871633249817,-0.059127169778110056,-0.05548210693963951,-0.03085262909005604,0.011272284878063976,-0.06791337561945421,-0.009959471902130645,0.02748493975903621,-0.03121653956024739,-0.023523805659377506,0.0075595926165621385,0
2025-04-11,0.02123478734687345,0.0006787545113240423,0.023805565381066485,0.03861774447348365,0.027919435356977162,-0.012626999030987962,0.009473320311736533,-0.00047024788056182487,0.009468542911216238,0.020445044851602923,-0.01363920764387272,0.018872421128682593,0.020481866872438248,0.040594526712567136,0.018618038931961234,0.020141230945248445,0.028268469049581357,-0.004978845264179577,0.031235575403224525,0.032122533978711676,0.04002466138414196,0.024169430105128287,-0.00398921884014436,0.002011798650574992,0.008529505735906495,0.020847376112055782,0.02707878390232432,0.015157251612440747,0
2025-04-14,-0.005400007016144959,0.009438835892644937,0.00048778502921753564,-0.014187863025706071,0.007577279343956134,0.015480775099534272,0.019294486355812657,-0.0017647427155255135,0.014279764765614544,0.017333451849818715,0.028567071984701986,0.01303450001335249,0.01330065525546309,0.02205395653826936,-0.0016474791946833323,-0.014875318183769082,0.012282219816186934,-0.02224188164668206,-0.001983267984299708,0.002423928165387723,-0.006265926207252748,0.020797383445078088,-0.002709381436955538,0.016063296942647076,-0.020701701854727306,0.005316507588668307,0.005338852721601173,0.015304269568028328,0
2025-04-15,0.004337213595847489,-0.008650649729789683,-0.003250397403054772,0.01315155205958729,-0.0003062430815494732,-0.009942269157177663,0.007758327415037236,0.001492795769433064,-0.008143464392968869,-0.004793961439839789,-0.0004429830848037275,0.004063112528352564,-0.003902490062650976,-0.0018763246506349196,-0.005363481416703619,-0.013891933050343641,-0.01735097093798088,-0.018740064310224014,0.013458518216612925,-0.002804939093546621,-0.006773897971731668,-0.00802268093120051,0.004134240664607436,-0.026644006169565082,-0.005910671644655308,0.009600709767164872,0.0018795706327632278,0.011029370593066856,1
2025-04-16,0.03352289685936416,-0.022930700649417157,0.01858795623043985,-0.005877978963122699,-0.004144378660155601,0.00946830065302251,-0.017405426763019705,-0.019966270964644983,-0.0025049566959817193,0.0018878227678922332,-0.029855367248819653,-0.01955920200198702,-0.01234644517933503,-0.038933462996098456,-0.03660602043793515,-0.029288905919567454,-0.019064653253079378,-0.036834720250224384,-0.06871652057100186,0.01057226866836225,-0.015098932755485572,-0.029583882152602547,-0.026349964445565255,-0.01925234710922319,0.0024846149944470763,-0.007634726535221348,-0.01334087305282261,-0.01745453969288846,0
2025-04-17,-0.005380913232397977,0.026214593397734465,0.03537696560409609,0.0064053899943954384,0.009220013132087201,0.008147802799492565,0.02091975213324937,-0.010326525148377064,0.018415262104681362,0.023130295557591385,0.010207088356943395,0.009860082453022612,0.02548235193077053,0.013949670799717984,-0.010306400297516727,-0.009866352335440198,-0.014152569935755976,-0.001652320367271809,-0.02871097507287479,0.026202016228094926,0.010234810974314223,0.022261249548933826,0.02464660036917632,0.019630275996558755,-0.22379666080405614,0.0075959631772581915,-0.005191010285506059,0.0048112306444723085,1
2025-04-23,-0.03660903264303972,0.005614810598311815,-0.03172130583540156,0.02627663427237148,-0.01403016623455533,0.015984654241327778,0.017923515311775162,0.029130198062373047,-0.008119038314628901,-0.01502366919109377,0.009453851493255616,-0.011345305359145463,-0.012806804974030861,0.02433148298173582,0.020636855780046925,0.042845673527805994,0.025615759461028453,0.03995777806646017,0.038628832694534765,-0.008587387272175118,0.022454356963574673,0.0011596537413609553,0.013938899545355765,-0.00836491691535568,0.001825860511378341,0.0050822964903476375,0.00896194004640094,0.008531098598926201,0
2025-04-24,0.017000869988021305,0.009034152162455511,0.008350737978818135,0.014975784448307605,-0.0021068835399171704,0.03029753677497693,0.030341222006920354,0.05677097129784392,-0.010641350485684042,-0.0028962546145765433,-0.0136764536511228,0.002576253025986741,-0.037410254418548616,0.01842617254869472,0.034482636338055705,0.03289029336584037,0.025297585293253766,0.024756393787031428,0.036218369160263775,0.011735117671798134,0.015609335177598993,0.009267052494050576,0.031160602802580817,-0.04885417203308806,-0.008669050353183994,0.0102827187805965,0.004007524678697472,0.01250477974022246,0
2025-04-25,-0.014885983690351101,-0.0057278855120618255,0.0036629963192029713,-0.010471066842465349,0.003934726147248657,0.030628291299873656,-0.0009351075517105567,0.01190028129991405,-0.008411254461339168,-0.0022589594003286084,-0.0039185124037324215,-0.02102332026106868,0.009340051080015233,0.0043672179481435425,0.011748121162394876,0.013133978209558528,0.016825803502671155,0.02648386458650509,0.04303315272443453,-0.0005522422899372215,-0.004455511313627536,-0.007825641599213395,0.0029996509503356084,-0.0142633833702287,-0.013223212543671647,-0.003697656963786655,-0.0016084907421216599,-0.026153349578286966,1
2025-04-28,0.015263252238240987,-0.0018456830534805402,-0.015391958325249866,0.009138718275625513,-0.0025294967307852856,-0.004741322120903169,0.0028263235112562235,-0.008250793748339258,-0.0016689196917690774,0.00498122778989174,0.0015131964331815961,0.011453182707166443,0.005154433121868696,0.004109443628810716,-0.0017609108829225173,-0.006825802991833552,-0.00833546175370492,0.004513282184668288,-0.020538693171568978,0.0005525474299952204,-0.0013549473928955447,0.0013674244636057153,-0.0013291719580705852,0.0028488540107804994,0.0032485268934985267,0.00189309795070014,0.006981509484700554,0.016784756988356797,0
2025-04-29,-0.0041110131048387455,0.005827531356289217,-0.02626915532888008,0.0028600733245875976,0.005818618549439769,-0.01565294699715991,0.004611983346379134,0.00798071705772685,0.007800651294290084,0.0036047457832262264,0.016014547397108503,0.013210806584174728,0.0025333185720901596,0.005091927720869194,0.007362727251989165,-0.0016515586767922308,-0.0028017465056151547,0.008549582954921808,0.0026671088777265872,-0.002485384755418596,0.005756076400934784,0.008611570701740456,0.011202129919429593,0.004111874001323068,-0.02564281543135727,0.00971017220850956,0.011881091412026423,0.00146727694178872,1
2025-04-30,-0.004158144095784855,0.004150322731167888,-0.03657727824309254,-0.010694018649297088,-0.0017425088679668965,-0.003975448000279047,-0.0024956946901196764,0.0035480147004309792,0.002764398504977228,0.0025654834672159677,-0.005501910146843092,0.025843973901481743,0.0019105387920175243,0.006107473714028311,0.0030960450985764165,-0.015849304820837684,-0.008491607734768092,-0.009811758370556145,-0.0009173429822770807,-0.025193910287868215,0.0,0.012598855389708064,-0.002413027466634854,0.009455680605362282,0.005400288791682417,0.01552780450628144,0.011653738103249767,0.014652158646349056,0
2025-05-01,-0.02874432677760963,-0.0060750103886692,0.01769459904129933,-0.003122732632066527,-0.00565124200256939,0.0031236495475188697,0.01146917163005079,0.002307118387109508,-0.01736738350727507,-0.01183538959099284,-0.012410215001215197,-0.01724929061582725,-0.015931557215379866,0.0038589680928731163,0.07625359330083747,0.031341496782804956,0.015743132344695043,0.04227698760668308,0.024697079525506593,0.0014201191495031296,0.00927968337393792,0.0016452067641969936,-0.0015392772515999686,-0.0149726585925829,-0.026152001230263733,-0.002609140204592908,-0.008827769643375505,-0.002166173351545342,0
2025-05-02,0.006822399484034181,0.017359745875111576,-0.01603647427452337,0.06506021437051035,-0.002507785777999927,0.033301604132820684,0.0221550115278053,0.021349176192678065,0.005049859087618458,0.010747055959241747,0.01574547668306181,0.010161834570168615,0.003375325210172031,-0.03736178700938586,0.023225242288881676,-0.0011566836184702112,0.016924925302577165,0.04335813927784948,0.02589380833985855,0.00406502344156201,0.02276318968953439,0.013756361172070797,0.018500145725367734,0.0014976653616132207,-0.001896685085614247,0.02334298175979388,0.015038681712108648,-0.0010853284481511238,1
2025-05-05,0.024567637885936522,-0.007653732988209261,-0.019900494582135275,0.029638005155748992,0.002366562932993199,0.004018109497842648,-0.011552844339524082,-0.008906302071555627,0.0006977135792574085,-0.007173934415313998,-0.014756314820413508,-0.004572610463805082,-0.010528172170984784,-0.03145837464005208,0.00204465106513374,-0.01910722026349243,0.0010974816858326797,0.0037688902575157,-0.005938849150802783,-0.027681023931133142,0.00019808168316837182,0.005873293577760341,-0.004108471997519847,-0.013159014879917552,0.012227362099020311,0.0030925749616863563,0.002991945377216698,-0.0036218383437914836,1
2025-05-06,0.03022977442079,-0.00649662906973969,0.03430770257006954,-0.015381251159896525,-0.0008710742701883989,-0.013756890881213457,-0.018228549868233634,0.0026775847421312005,0.00027902308420135746,-0.0034194237721393295,0.006656662028711402,0.014010255526448079,0.002644316218678666,-0.0019107240380477064,-0.006556998736778952,-0.007190832051464091,-0.005968140372915709,-0.01995778232228318,-0.002460037893000977,0.01394396982947943,-0.01310588168766813,-0.007852463558853384,0.0006512979038975075,-0.00947025051478656,-0.025444033027740898,-0.0037959866770567174,-0.0026960773897806156,0.023627597635913045,0
2025-05-07,-0.008794043752944014,0.009377187985676994,-0.017261811730068133,0.0109352787687933,0.0025974827882915275,0.004480503636781208,0.004659917488102794,0.017815525550787026,0.00948127420252165,0.018320741023569065,0.012323414952249978,-0.005889275210285039,0.00025115180761270395,-0.011384822083056023,9.220492837469507e-05,0.019998985551532122,-0.07259685274568162,0.01617541824756641,0.031002236780898196,-0.0009549116588344342,0.0005617073093668878,0.0028411129475229835,0.10762721769837524,0.009025491728886559,-0.008745040144393701,0.01313090139969586,0.006183421226162666,-0.002130502272304158,0
2025-05-08,-0.025078312869389552,0.005816778305185455,0.03168589912618658,0.07152310299936193,-0.0032222829801346053,0.009005215431513225,0.024967430065198748,0.005426972023258481,-0.01698909715389274,-0.010425766080610521,0.014251836448172739,-0.0063794191928127075,-0.0040178170747495745,0.006318482562840622,0.011122779350365652,0.01785806262143419,0.01915722810740217,0.0020108437493389086,0.002648250050777179,0.013956610740289088,0.016360002125269668,-0.01416570961902719,0.029679761933313564,-0.0037144472059498224,-0.014090004661860944,0.0013948571957256295,0.00405889151252814,-0.022420009708627786,0
2025-05-09,0.011769642522029056,-0.0058926070168005,0.018527801922528564,-0.004120316965665838,-0.0072507998190278755,0.00550507686603896,0.002474760714874291,-0.015442639977953143,-0.009133006618196382,-0.009250856728765022,0.029127478778480098,0.0,-0.0062403380973133915,0.005266106242241664,0.001277960494560082,0.0051020185245573835,-0.009917235877104802,-0.009230826617925847,-0.006134461352112375,0.01169039419562612,-0.0015387044269007388,-0.004887084081781734,0.007800603861903399,-0.0075324874517009865,-0.012734906968667636,0.0026802078104481986,0.0036154234752792114,0.013469290042202875,0
2025-05-12,-0.03459852063396052,0.0382672913399158,0.015240909508342337,0.057923099047028304,0.0004828175986058003,0.026627946936628843,0.042743871873318406,0.048652654735529266,-0.01403871790062583,-0.0005188829727115207,-0.008817889345629992,-0.013987576495523402,0.020550669385610565,0.06314604265224166,0.024001059009966408,0.08070031092964336,0.037381456532381785,0.07922505565666582,0.054436384966563,0.017239777169825388,0.02754061546339792,0.0003100498712593769,0.042948841361733825,0.009506250014215567,-0.004965405404060985,0.016935151657582193,0.009389055181832973,-0.02981322570433176,0
2025-05-13,0.0063043629901009535,-0.007939637027944424,0.027764283855099103,0.03922327302887485,-0.011938820247321957,0.01123141051757881,0.02108754247518374,0.0012119833088681808,-0.008197842787784682,-0.036979448198255827,0.0347251455440476,-0.008139513830730638,-0.013486616490094638,0.010152396510096473,-0.00026693165566837873,0.01308471882441209,0.0067523477504534135,0.025960574911195522,0.05634141122328651,0.002748097798994431,0.011382517332089837,-0.008992237558492988,0.008054975312028256,-0.010403880880852534,-0.1778744860319933,-0.0029050371063295,0.0024771627075550473,-0.020733129158984398,1
2025-05-14,-0.01817737419276233,-0.002114431061607358,-0.008167059180473335,-0.04548025297367342,0.008109462705120363,-0.010387559216201825,0.01290148946484937,0.0054292013258114835,0.0029002939593956167,-0.014012343435618635,0.0011094295475471139,-0.007034256731242694,-0.0044728729268886935,-0.0028177936917338497,0.00846050058099257,-0.005298742220089303,0.03660762896069003,0.0050761113101345234,0.041637736299942496,-0.00895290183791242,0.009999540160886555,0.009908222606756611,0.014006180476012986,-0.014273722198347105,-0.010822813546404575,-0.005740714629004384,0.0008983245753464431,-0.0003780526589144406,0
2025-05-15,0.012353067842610033,0.015611063965941918,-0.02422806899485419,-0.00593109862664587,-0.00032419902750946417,0.0061364727137180886,0.007030796708696219,6.891393963615045e-05,0.03542514157066878,0.022205564809341105,0.03269151860244679,0.02668252468738075,0.02778118889697212,-0.004144398937951266,0.0022560743964663565,-0.024161720956264898,-0.008526382572500935,-0.023477271238086517,-0.003768108513396262,0.010140602954770372,0.006964353423230651,-0.004957069767308808,-0.006375147831908734,0.023744528996311853,-0.10928226812003283,0.015559483488182924,0.016383469756347413,0.03366124275986526,0
2025-05-16,-0.012016006383268829,0.005678471811371155,0.014118837417438801,0.012728601912711524,0.0009625714399328356,-0.011957289595308396,0.005082031203169635,0.0013411848818747352,0.0054462438846989425,0.011496523967108985,0.006036170527390583,0.01172946930944585,0.00535677873858087,-0.0008986337113013887,0.0025157750296287418,0.002047074000553817,0.013600940406063966,-0.005497876419654157,0.004227404487880282,-0.0035918025171223222,0.0002617023904059046,0.01961589821077414,0.010693279981104586,0.0036502728481848656,0.06400589668448387,0.00185520427950836,0.007783555061437131,0.01426989770574183,1
2025-05-19,0.01473912707220304,-0.0036767390374613518,0.003200463160030642,0.005302407147073529,-0.0004587228270362953,0.016487968924718377,-0.010871913228480024,-0.012089963797019765,-0.0009722921964113729,0.007665352103984668,-0.01520005174593464,0.007274392674866403,0.009125444128677662,-0.011739194775528872,0.01012617933984794,0.0027725440652370814,0.002105959134215185,0.00014049165763796445,0.0012554795333701296,-0.01589810495022559,-0.010016374312174392,-0.001221402428724705,-0.006700695899222064,-0.0014397192520119173,0.08214885666141303,0.005365943921863625,0.007613889311352873,0.010822616830577614,0
2025-05-20,0.015918779782261305,-0.006141704411467774,-0.002073652197570497,-0.0236374168240171,0.004100138468513759,0.0024770080288785135,-0.009439779683288574,0.0014949908162553704,-0.0033364723752412617,0.007672521303191848,0.0074465706227382356,-0.002031051195163114,0.005280053719082911,-0.009196217553118613,-0.0015254140755045498,-0.010137739138364021,-0.015371625693021196,-0.0051997576763647135,-0.008777675098432969,-0.014276337283333551,0.0030201189854675015,-0.0032613698286440007,-0.002662896277099036,7.611451175804085e-05,0.01801222293306437,-0.009037749894130642,-0.002881136633823611,-0.008565307100967479,1
2025-05-21,0.008840654686561367,-0.01646989145258504,-0.01582483466647533,-0.03421368570657579,0.004853828028530183,-0.012115388603207156,-0.021532751679181783,-0.02006525123136582,0.0022317243881548876,-0.0031236183137163254,-0.038570085466449466,-0.010628811406025007,-0.001267752279409673,-0.02305906406303615,-0.012222561541628263,-0.014455883280997672,0.027930221116080123,-0.0025113150093010184,-0.01919925661810129,-0.012291532609650102,-0.01746466444499939,-0.014008121420762465,-0.016910016376582404,-0.012519123760503237,-0.057839292686926336,-0.01991044706619427,-0.02328000299723776,-0.011159193583500038,0
2025-05-22,-0.0051370379685032885,-0.012700846031685864,-0.006009402853966006,0.004764907473068458,0.003829962183004465,-0.009440098235377836,0.008037555053967749,0.004038503979045149,-0.009881671549640592,-0.003721202668482082,-0.06429963990608711,-0.014171221952454682,-0.0024179816845989466,-0.003612238958434544,0.00505990777447618,0.00984492359983613,0.0137043202579894,0.0016836966572641998,0.00781479967032861,-0.006656377087790322,-0.0014173438277513828,-0.005185139385574633,0.006065601779359442,-0.00023054313300596707,-0.020826404756119077,0.0010535553145694099,-0.0009209470032326417,-0.008736801059219812,1
2025-05-23,0.021656607165408293,-0.009340863377872988,0.005392124383064578,-0.011958790921401619,-0.0043547334541853555,-0.017593842891392097,0.0005181828413489686,-0.03630659882091436,0.008855748723044732,0.0021624436429728,0.012249775494868942,0.004405115883573396,0.005029379734748707,-0.03024437104584321,-0.010288869986621041,-0.010388973643241206,-0.014045825345788243,-0.014939399753492122,-0.011593744090047986,0.0005826672648265863,0.0001533968592548618,0.004273954603727814,-0.01268776988762943,-0.0059945176994057325,-0.003707909725194747,-0.01150593585437254,-0.012375377202027416,0.006977614560803147,0
2025-05-28,-0.0016671212867737095,-0.006317498423816903,0.015601917760914796,-0.016194554951936002,-0.004512133069928481,-0.02573906910928081,-0.011839632943126732,-0.004185055657103476,-0.008776790543865154,-0.005350885563345287,-0.012198636828882448,-0.00850567416221304,-0.002384304391543246,0.0010488706643525525,-0.007228330828894514,-0.006310081665849121,-0.0031232720854068585,0.001961774496683555,-0.005092188504347228,-0.013620468767197913,-0.006785060662433451,-0.003484322480411861,-0.0074760312705351994,-0.0053285081196590145,0.010542396800022003,0.0023842680056387344,0.0011967807164783295,0.004016155357035478,0
2025-05-29,0.007135049581982633,0.0006249746267323886,-0.014553711572739103,-0.0020574727517045366,-0.009121845100342862,-0.00997874365603002,-0.005884095838339709,-0.03300372011155084,0.004778616283475534,0.007544529964394142,0.026484209242243928,0.004637090424751467,0.007170103154157559,-0.0023451694711033033,0.0028861712028969144,0.004787005283780621,-0.002901058156896119,0.0022839700552919062,0.032490175169429536,0.005680198757293642,0.003339561678526781,-0.0014397421850393943,0.004483482917515991,0.00956616208333716,0.00020134196217380662,0.0032297660432483166,0.007422324298991034,-0.0043637082776512015,0
2025-05-30,-0.008501460457109866,0.0,-0.0024613999764007133,-0.0022681414812795175,0.012880357778047635,-0.0006609536553996431,-0.002342575249953849,-0.005806938577916698,0.00853266141604192,0.010613397770025568,0.02391643889105821,0.01453948593890364,0.007890383176815119,0.004501148119051557,0.0036626581083925025,-0.0033544115296213484,-0.0006980229636183166,0.003782678399657957,-0.02916867471202156,-0.0037978181141418155,-0.0013992547789154486,0.016683905680476174,0.0091056168847794,-0.0035627936995049625,0.012543132430200332,0.013534417362576878,0.007698585705767869,0.015339623194774,0
2025-06-02,0.024841192416430236,-0.0008961761524529654,0.028458620104979238,0.0022732976419606032,-0.0022025434804063826,0.016947776680505733,-0.002881173200039333,-0.014131238288435433,-0.0013868277337492074,0.001224117492707455,0.001098907377534708,0.0031847244761624705,-0.012419769941304448,0.004232039557867218,0.0034973246380332057,0.007999607012299847,-0.015779647490366755,0.036154947177614805,0.01665055876714705,0.007331351383212281,0.0024998620920855252,0.010636026315793634,-0.0007961971221520647,-0.004108004203164706,0.00930738073285231,-0.0074793899329848035,0.00035601125295969815,0.004676384959812596,0
2025-06-03,-0.006052378179944973,0.013914584372278105,0.014235434790978552,0.006804105268256366,0.008819226592268192,-0.008048170685076905,0.008534861586945608,0.010893734161734336,-0.011666738180257541,-0.006306239754461318,0.011403938339838104,-0.006122262321338168,-0.005542950395471924,0.007783865520053501,0.00216462562623998,-0.004548692041520419,-0.016860993830784432,-0.0060366142894214825,0.027951549239128015,0.007278070743416576,0.0060832818501452834,0.002104849203365733,0.005754749299133666,0.0071805629517252,-0.011486033403841578,0.0012904526922010717,0.0014781144917472844,0.0010739870936653517,0
2025-06-04,0.006954823344193173,-0.0018225726766697425,-0.008831436281952154,0.0030718305396337797,-0.006022474969410441,0.017538166513009656,-0.007651120456064531,-0.004915490602070083,0.0029510866656585755,-0.007771103147830027,-0.015080904723721478,-0.013461110201454685,-0.005394133134966839,-0.0022138530781495858,0.0019439351579599862,0.007388989179248462,0.011252863899775312,0.031641285302923094,0.004956913737993673,-0.01445088999662747,-0.007698905508278897,-0.006301284356738934,-0.0009683935450648384,-0.0008343850314731505,-0.002788532204524463,0.003711557566022261,0.005849320079501341,-0.021459150675510852,1
2025-06-05,-0.0067585738337409,-0.002215544465841157,0.00827367494651221,-0.0028583354857498744,0.003300948975710094,0.00644326191017508,0.011131343514975356,0.015085314550002726,-0.006445101116470342,0.0028715950336473117,0.023182581378487388,0.0013874444655888052,-0.018981618385978782,-0.010797788552668885,0.008213438991481636,0.0032814165352026414,0.000952162408784929,-0.004840496729264121,-0.013599160107292785,-0.004594351744226399,-0.008591429269264816,-0.013990829044780773,-0.008458798722505989,-0.00478212155577451,-0.015114385093188631,0.002242619863457085,-0.003342422590238092,0.014619878729252411,0
2025-06-06,-0.008356462950437349,-0.005280569323814266,0.019094254687782586,0.04320236992597781,0.002783278827282354,-0.00016002435349637967,0.013401911096984298,0.02758850987614969,0.006204889724091611,0.008915926649945671,0.00923087226879038,0.011547452339741193,0.0074939202908701485,0.016398393763357166,0.005773205822154903,0.027223334916139486,0.03251878718237222,0.019120133016159224,0.0123578487735585,0.023961493785645605,0.014430450150302976,-0.005002138871042061,0.012174534587603203,0.0026447988374993514,0.024946022163314208,0.007993850980827277,0.009406468917634303,0.011527446838350608,1
2025-06-09,0.002829068715957783,-0.005798668529705009,0.010994101336975204,0.004906891653027934,-0.004015539686889502,0.0009604219212639986,-0.0007816442985041361,-0.008232751612257005,0.005886456156499298,0.0012900036570449025,-0.0036031374711175124,-0.0034246892658464922,-0.008901459143528023,-0.012112568123092138,0.005038480163752634,0.015966607137600786,0.015103487150444739,-0.0052314513863069845,0.006421296156031264,0.006713336197682107,0.003800765468849665,-0.00020521467862710807,0.015452189582818354,-0.0005382389691966916,-9.876628524907449e-05,-0.009811513845053965,-0.009615965669322879,-0.007834719100905607,0
2025-06-10,-0.0033613021770798612,0.007420727079069822,-0.004748009714302559,0.009374932445006312,0.0017713400708556648,0.003198477000541322,0.0022002211384621884,-0.01480263548957339,0.008081465736806903,0.007859418314784206,0.012656366195433089,0.010996438120985497,0.001722557526085966,0.0060559900513954545,-0.0038709368706378866,0.0029035159702168745,0.01425421159208251,0.012016300040545325,0.00932472952767105,0.021434693189567255,0.006973124216932414,-0.0013340113123337938,0.02654329977296288,0.014388923882819649,0.001978851518793512,0.008916155178167795,0.011018408108886879,0.020100422101261506,1
2025-06-11,0.0001204933891842952,-0.020249676266261507,0.048784210606031886,-0.04856817347202247,0.0008235503479774309,0.002231777310219396,0.015125310941967562,-0.008612336925561181,-0.003870136065238672,-0.007606390295554322,0.0026095477987795324,-0.008837308467427918,-0.004482932631794889,-0.019193700851736217,0.003609933232596285,-0.020265629565462184,-0.006999053672491873,-0.01175967840046177,-0.0077805123443444035,0.019492550317641077,-0.0016755363089102637,-0.015618536396493243,0.006653719948930714,-0.01464008294492758,0.022285115053541693,0.002035523021866492,0.007040826284997692,-0.0028149181719655525,1
2025-06-12,0.01794473628983151,0.007490583318833233,-0.0016140954935971452,-0.005897879903628445,0.0062840581474452595,0.002544931606973,0.001505895346857189,0.003760607827178797,0.002358643121311177,0.009017153080261187,0.011506948604095735,-0.013260352588154167,0.006600296240681702,0.00211283244117233,0.013224198073180649,0.00018765734284498237,-0.009303568861647182,-0.0011237827893579855,0.015192891441814238,0.003842324853355006,0.00033587946752033915,-0.010125207748046483,-0.007613802030611683,0.018475725759249606,0.025566766434969246,-0.00247133304676872,-0.005116535465829797,-0.002469952880844173,1
2025-06-13,0.014877710160320134,-0.023405795288578224,0.07260438528710988,-0.037643151747701054,0.00789975565342127,-0.020387115219716367,-0.018508725910752033,-0.03188351919835286,-0.009898106281841734,0.0028087391782076754,0.012730075389169482,-0.003475376886157844,-0.01777177107618111,-0.01380513315177001,-0.00816500586915303,-0.0053460859139069505,-0.0058622599704578615,-0.01512931589553046,-0.020896557247146452,0.02178074675051067,-0.012265270598010747,-0.004112603262288794,-0.005648752660232459,-0.010959745224426776,-0.01560448246913304,-0.0462428125712272,-0.04994603090920058,-0.0028298539098087216,0
2025-06-16,-0.010142238669664128,-0.0031016259509064614,-0.016579976133314744,0.05144546367523484,-0.0037559350278424386,0.006721206943175462,0.023323717826743362,0.021207653419430983,-0.0070402612003075404,-0.011966974118164275,-0.013372515623996106,-0.011857740999915434,0.003743561498505965,0.010027923244132042,0.008800706553417914,0.018859028217320217,0.01202266218469128,0.028981109873564836,0.01915899769365792,0.0032109809385638677,0.02041893054829491,-0.0015883276086577913,0.013057494893324861,0.004279593998954834,-0.01175632336944954,0.011813992239117388,0.007453512596082623,-0.007804290288026872,1
2025-06-17,-0.002885350656363417,-0.013519589288888412,0.042775530701112396,-0.04326720993825828,-0.0004620169272109287,-0.014961394907636927,-0.00511280378717982,-0.00424440829724293,-0.012762231227176679,-0.018296597226889366,-0.026023400493001447,-0.015294065832300752,-0.01466929934056671,-0.014010547938441476,-0.0022957811579994436,-0.005923177895162723,-0.004638826493848058,-0.006964618905675013,-0.003939580081545602,0.013513385000410993,-0.0031068604884629814,-0.000424271356779804,-0.011299033666608005,-0.01613277631433141,0.003932903034461477,0.001371706509311954,0.006638897102556163,-0.011440826365886059,0
2025-06-18,0.0009448860448830754,-0.005017413365229428,0.00400859254994268,0.0050718150694286646,-0.00594800541714724,-0.010942318699237452,0.016969745661646884,-0.010840604668513887,-0.005889169348778034,-0.010828253243528763,-0.004035494875773593,-0.0043010756944199535,-0.0031541042563397736,0.004804622644799528,0.004602063324257166,-0.010706651956707725,-0.014947308970394424,-0.002094044860671329,0.009436644684475581,-0.00710528474101757,0.016473686730944737,0.008912337472850362,-0.002285605848403205,-0.0017015006222047546,-0.005406682031623644,-0.05394673181015086,-0.048792760394532175,0.0003617182712229994,0
2025-06-23,0.00285022809218316,0.020994223738917794,-0.08567994318427696,0.02224563355771969,-0.0010350377251370224,0.013654145211178248,0.009488140431746395,0.010666640216157264,0.013073685371786548,0.010214427059883846,-0.011183928068152937,0.015827307122352696,0.012257852730399366,0.0024875322078592443,0.018014217911573205,-0.005818118205440093,-0.00870131201048463,0.02371252377816968,0.002224579264125559,-0.025806444036299725,0.011890926128774959,0.01820647839285794,0.001020127934272086,0.00015485613158694456,-0.004403756078976251,0.017599397949038975,0.015299666712357496,0.015484422197503234,0
2025-06-24,-0.017852399472962133,0.009692968948639136,-0.060429123639729965,0.027150344727133513,0.008536921477964032,0.024065710925468498,0.023543846244693745,0.029459708857763056,0.00673929328485956,0.005749463859161752,0.009472541715821237,0.006374036476890055,-0.004160611139603199,-0.005955415573351663,0.008456712844384429,0.02062648355436747,0.009564806093433464,0.019569522403577455,0.02587200731515149,-0.030427732230226767,0.010744936680500139,0.0013282864004948713,0.011940324912135258,0.015183320349756002,0.016429456051736624,0.027989434962346182,0.022923617584290845,0.0028369499515359387,0
2025-06-25,0.0029240355694371,0.00399535133171125,0.008544281480436622,-0.025221945420296432,0.0011379258177608431,-0.001844749409453117,0.011720016580865966,-0.012575128051214413,-0.008260814082460377,0.0005914216625781954,-0.014846000248263436,-0.01196353634965408,-0.00866812481594792,0.006290550273497786,0.004407232648144577,-0.0036659245365152637,0.023445294328526378,-0.004942493770294543,0.043340310003842974,0.00027689333865277277,0.00995537426098303,-0.007551015217428181,0.006489683174822014,-0.02312094893313532,-0.01177934460222052,-0.014043979886903868,-0.01811551686287849,-0.012729910296011004,0
2025-06-26,0.0019235677184039623,0.004532163312333637,0.004929138999533844,0.013661650001057346,0.006157340641507414,0.016874296143124967,0.025810948551360013,0.011129358200765438,-0.002297753366659938,-0.0017731135633841655,0.009240916725724357,-0.0004747792802349826,-0.0021386004498055167,-0.00277820461132372,0.010522631897580847,0.024199205109171285,0.016756614568727013,0.024566835351205407,0.00460106130962723,0.01494883241630185,0.016510588355147293,-0.01274943616157831,0.017082543678055728,0.001562191677790148,0.001986625243711293,-0.007076757224098729,0.002230184851772732,0.0028652562268223214,0
2025-06-27,-0.017939117692552853,0.014415373962675115,0.004291826923133124,0.01266084877877538,0.0007249234392081583,0.03192408683293735,0.00531176178023296,0.00989900025587831,0.012379390246959998,0.0026313674848994495,-0.0014087217113883943,0.004988189800863019,0.007753825269650072,0.00039803566576535054,-0.003035335235005099,0.028463559660798277,0.02875414489234185,0.01038432046968829,0.01761070038597934,-0.005545992381878584,-0.0056797698177470934,0.013018160141909707,0.00724518314834266,0.02199331931213666,0.021445899003520896,0.008263061368689595,0.007455879161360146,0.002857214078308301,1
2025-06-30,0.006323105807074736,-0.005695016771114947,-0.00625757102748925,-0.008267792731977863,0.003013925168278586,-0.013171002901728901,0.02452193060135377,-0.002670123276806935,0.005971722638900667,0.002230715364085478,-0.020736392538336035,0.02268960794853725,-0.003378056856537359,0.02034000894880794,0.002964039097202553,-0.017510092291414314,-0.012882987614747043,0.006079448758806727,0.0015214217990842105,-0.014444971088542924,0.009752310725974489,0.00524318033810145,0.013650487888881901,0.007631308550823057,0.00925256875005065,0.021114942542864945,0.018473375926711944,0.030626805545388214,1
2025-07-01,0.012839986061810915,0.017783014462472435,0.005221875820971444,-0.0036599788306528325,0.005092043354438136,-0.010398047556935963,-0.0018226520334868601,-0.0028603313217114845,0.013003623440720702,0.02075298717239593,0.05243460982564985,0.009475399048038513,0.011925711572089437,0.012916188482370305,-0.010775924295474693,0.00487719279454657,-0.0022130750037663294,-0.025566061983370303,-0.029685420899917325,0.013357971361232623,0.001724849386940619,0.004704343957157908,-0.004193235475152823,0.024386601692433674,0.045420979562663444,0.004751328708553437,0.0011829854577845023,-0.002073289067756723,0
2025-07-02,0.00338659423786547,-0.0035105299948232638,0.030557679041323782,0.02306127416639714,0.0015583858686389895,0.016231532533777404,0.01334830452568636,-0.00992974893063725,-0.01060413034659069,-0.0023087926109006673,-0.0005475663918877993,-0.0020604398208982078,-0.00012399241448934895,0.02223077554729791,-0.0019509358548099875,-0.002449462616694653,0.01592367219478641,-0.007855631298048893,0.025766382486490436,0.016569133194842545,0.00547491147133683,-0.006412734723718505,-0.004129852562658964,0.009019559736463956,-0.05696947744591885,-0.00547269051839272,-0.003516501959588969,-0.01973688759919212,0
2025-07-03,-0.0048984176653972256,-0.0004572335407720951,-0.006671563656073909,0.01456211444711819,-0.00044844072685967795,0.004320968612813614,0.010881492000826665,0.010920913177197011,0.006205009037607789,0.002892644202149075,0.011777622152379541,-0.0009177262240268602,-0.002295321413673168,0.005224927597359708,0.01578120662915361,0.015869432167251007,0.004982076482810349,0.0076236561437419414,0.013290933350226908,0.010355576542362632,0.01858228547149232,0.007683566445967571,0.008293957948807495,-0.008059662633910225,0.003218866957608313,0.01374825244520772,0.013099182645174956,0.0017662132742253256,0
2025-07-08,-0.007562556731630865,-0.0003808321689929839,0.005888436980449052,0.01040001678033775,-0.003755652578407487,-0.0010187074116150274,-0.019199992993534365,0.014269829334219164,-0.010843557057056863,0.003348905891785936,-0.030635548826748238,0.006074745963981387,-0.016261775216122376,0.0002856912501358888,-0.0022100791298980127,-0.018391733064396676,-0.013745082509964868,0.0032294780034911597,0.011122351368781036,0.027720218431153798,-0.03147593106327329,-0.022747815922077308,-0.010880122329655517,0.004388289400099499,0.01313752471139984,-0.004742330957198226,-0.005860388074442113,-0.004223721702005356,0
2025-07-09,0.0013910183417751298,0.009632697515907118,0.0007316759991737865,0.003562977574353088,-0.001020078368183408,0.036790043053890775,-0.0010327000243508522,-0.009976263272762242,-0.010819905811977115,0.0031453773514158456,0.016422824070066566,-0.010450632432236429,-0.0023432403365876153,0.005380734022651268,0.013873874298775624,0.014496684294917905,0.012961773777198982,0.016804058634961372,0.01799993945652001,-0.0034152039511948784,0.0013436799364729968,-0.002884012340469866,-0.009932726291742355,-0.004146983871835541,-0.015567037888950641,0.006106669739920134,0.009053866634403773,-0.006716169190875143,0
2025-07-10,0.0017513602235985637,0.006091011042986594,-0.02646969335032079,0.11992103970746126,0.0005631767029690149,0.006052833947498559,0.018031445485094943,-0.025653186413722606,0.0041736331667545645,0.009022349013209974,0.013442105764689405,0.0023372676545150295,0.006157897965475945,0.006015010403235488,-0.004031701508656282,-0.0012581953255335065,0.005661823098547014,-0.007560346055135891,0.007490217212359207,0.009929593057340647,0.017763914901917977,-0.020142455404014048,0.007876621563952968,0.011897781349530234,-0.01122432839870735,-0.0028135865506889735,-0.005255029441050718,-0.0072605086706430955,1
2025-07-11,0.011635648035372315,-0.008652601168294138,0.028240908247505025,-0.002289491166705404,-0.0024225628397964716,-0.01932772279931816,-0.005880521445512654,-0.022351182061692842,0.0014334813705332294,-0.005009892434895802,-0.0032155365538131253,-0.009754965717462705,-0.009085819151147367,-0.005884846675006772,0.0036690806605919057,0.012417933203629827,0.0144690568276713,-0.013379390807276681,0.004996949298580855,0.004350481574035614,-0.004615081443819835,-0.0048493162994414085,-0.013902603839589078,-0.006025998030424029,0.015324917310562292,-0.02367262766395939,-0.022339011437805922,-0.023533669734191243,1
2025-07-14,-0.001340882002383803,0.00010802215165228723,-0.021475436915214363,0.025772381739101125,-0.0017639848026551608,-0.011196254013915885,0.011844833188673798,0.006238532985350265,-0.005724931766246666,-0.0005098714705231711,0.008602214527366314,-0.0009609503048476631,-0.020948800447752047,-0.012028880873765746,-0.0005960926813596279,0.0029775049161142597,0.007603093210310163,0.004752638837682399,-0.005153967255895786,-0.013081539221690641,0.006414352745816032,0.014618677287605353,0.0008342297105745633,0.0022919495491979802,-0.01157515696298217,0.005161902476188418,0.007386468409336322,0.0070449450908256495,1
2025-07-15,-0.0064746982461211244,-0.03099071346850102,-0.006867821600662349,-0.04130108308153779,-0.0013532100753280707,-0.01783777732440317,-0.01512688884252833,-0.008086726149941326,-0.0015835482638903997,-0.01052167560518913,-0.004530982953707907,-0.007696173073920565,-0.007024041742500486,0.0023488282206871602,0.0055664211722146195,0.0029243814744550622,0.002423457218403202,-0.014606427198307181,0.04040951035509699,-0.00886588173366698,-0.007447207337646811,-0.00407189278315534,-0.008252054594435565,-0.012982274878910238,-0.029509718059972045,-0.004809892580065256,-0.009928482780618753,-0.0051547130922255935,0
2025-07-16,0.006817211495886655,-0.0034575071670331914,-0.0021046211171603657,-0.0026925391241356955,-0.005049252023215933,0.009080871220952469,0.008982082897012633,0.0014365179273805317,-0.001297510535274271,0.061931943371279274,0.0009369933945959641,-0.00024228431140438378,0.006877336165683312,0.00502122035869812,-0.00039543101096717326,-0.013960696164789232,0.005329747321715761,-0.010529516963484253,0.003925040155780657,-0.006022430340714813,-0.0025475906805850768,-0.002515950712980386,0.007060012677305272,0.011508887433118176,0.0026739556206938353,0.009375694657088207,0.008299265516910959,-0.0025907109175978826,0
2025-07-17,-0.003698703159955241,0.004588720135582314,0.01747519900732808,0.014038864704072118,0.002443466592228827,0.0266061624659224,-0.004204183048378329,0.007482013804817056,0.019055746743373403,-0.010923545904035659,0.005483566623948555,-0.007272661888698906,0.012294239154107212,-0.0006661657473783222,0.012024882876555898,0.0030915472640284936,0.0033337760303326913,-0.0021339238220121626,0.009511619418247186,-0.005078834651833231,0.014274849920113741,-0.0006306550249904896,0.01994653921827827,0.07454752875953008,-0.015111649244583636,0.0001619630317444276,-0.00025734118121190086,0.0014842197433759807,0
2025-07-18,0.0038621304651325072,0.001002676888136378,-0.0029612759094698182,-0.0008874082951896289,-0.0017422791502890167,-0.008461015242737902,0.0034285506608562333,0.009619768558069675,-0.010483071288041157,0.0044176558450812475,0.010242060771335826,-0.0026862977814781086,0.0034742617841569956,0.005523348937936046,-0.003224607503309107,0.010050026580880944,0.00806193346700157,0.004091804700725676,-0.0034103329892442025,-0.03483793340386443,0.004725503061647984,-0.0004204592884651248,-0.006464225885390529,-0.015126490543598492,-0.018814969436864892,-0.005309537502961037,-0.0021726349305573045,-0.0018524696240270755,1
2025-07-21,0.014583925542424714,0.012910339455498354,-0.002078993128332929,-0.004441257445323088,0.0013141727864731667,0.006841938630999911,-0.0031909925711709475,-0.00038109157106147595,0.0031496427364803292,0.004031922130333099,0.002896606028194304,0.040401604205556385,-0.000451274186235473,0.006155884653850752,1.963779210312211e-05,0.014018476542235536,0.027234422990290996,0.012338769390538129,-0.005974193271661488,0.0025981534861856392,-0.001029772974780685,0.006522814553606038,-0.004776829194364507,-0.01075143664970335,-0.0018041540552891089,0.0036008514558483196,0.005414853777141682,0.016332550653793465,0
2025-07-22,0.010964475704422494,0.019146262477927944,-0.014732111737029263,-0.006602417053540477,0.005484812962579078,-0.008017126379867734,-0.007917825147285673,0.004994566582741333,-0.005851124934695751,0.021720498231930785,0.0179861575968574,0.0110613650684952,0.021221792888148627,0.00903600721368103,-0.009391091155209419,-0.007980819043607368,0.00652284472759046,-0.011445023545626265,-0.025382153858991896,0.004534876012500577,0.0015808836851201047,0.0018813598220475125,0.0018205731167246775,0.030628206518934276,0.01059759973878327,0.007410054225904572,0.0026213688141143443,0.0014609102024230047,0
2025-07-23,-0.013113472364483347,0.014393117744078143,-0.01449930671722044,0.005568509250504672,0.003815255517533478,0.04956898500746432,0.024428603723313236,0.013771441474701218,-0.007177822407347878,0.006967192503059438,-0.060871729157864984,-0.0027933090733026633,-0.00025269707246422524,-0.001165959419978102,0.0011875234223119868,0.003604836070819184,-0.005801189652548389,0.012443219448885712,0.022450953030295873,0.012806335583137818,0.01828913578910929,-0.001773565660776577,0.015529544296465358,-0.0026020016132300983,0.025882908631420287,0.005959752381532235,0.009748315361697735,0.012035018272797515,1
2025-07-24,-0.006805956510299027,-0.00866222780698489,0.011954004280411823,-0.02268680856865024,0.002990702834968051,-0.022073881588171806,0.002313459736515533,0.001796314911268082,-0.0008675840732981221,0.0027203137850320136,-0.011672625732773279,0.005602267009875206,0.00334841265233754,-0.0018210743443667354,0.009903806442427276,0.01725876103762447,0.010198167566789706,0.0017095017524517697,0.017332282040708913,0.007823161956614255,-0.0007078409154267495,0.009615433322465172,-0.008052763068521429,-0.007895087340274887,-0.04762248069381325,0.00250834466843175,-0.0037153434246764983,0.006126101460303124,0
2025-07-25,-0.010975971521803629,0.006030756952828176,-0.013175755463746608,0.0027418248722230754,-0.0015400473566333783,0.007349048989006679,0.013626738730340149,0.005266961993926955,0.0010129846419628663,-0.007430959101223045,-0.0016674691141350673,0.0,-0.0032113289450050875,0.0005613417976924051,0.00553947705372404,-0.00340177109187767,0.005255757839064401,-0.0029658981254557792,-0.0013813991283150306,-0.003520226479990174,0.00698043343333743,0.009006200099836104,-0.00393600463668653,-0.0073351882337534535,0.0089022920997881,0.008376267873164256,0.00867311182981978,0.0028653096303490333,1
2025-07-28,-0.007468477007723462,0.005035471494513777,0.023787528165297056,0.013671215861288166,5.871164147408514e-05,-0.02464079143508613,-0.007311630535290603,0.004236185708288209,-0.015613689605399328,-0.01235888877799296,-0.007098170674479154,-0.01671307479426154,-0.007517373507489822,0.000794871701126576,-0.0023555235777033,0.005833005662313484,-0.003105852792606001,0.006945712397139037,0.018731927056198527,0.009420432669844603,-0.0011385725724407658,0.0014364238216670877,-0.009055717439136024,-0.013105461622673675,0.0037714258192604877,0.00010559808181143104,-0.004397271771988787,-0.014285686772028017,1
2025-07-29,0.00432135754902907,0.0002916717257979151,0.03747564134777348,-0.019960478778133783,-0.013614622984389979,-0.0001526810548665436,0.011511128847102592,-0.010582687229771626,0.01894549066650053,0.011370413158037884,0.008550505401190733,0.008262533924549675,-0.003182490941018301,-0.01298756370559273,0.0001366269899161221,-0.007646371539299812,0.01646067972393528,-0.024567036770302475,-0.007015511649297035,0.012921655809209787,-0.004157211192167609,0.007376264772193997,-0.0038215806103186756,0.016387650922967234,-0.07461358956303077,-0.008728159472795927,-0.011759094475605192,-0.00688399205541812,0
2025-07-30,-0.008304704316853595,-0.013939702996717318,0.011414548850999573,-0.016513839382622852,-0.003950425906899313,-0.002977094577468975,-0.0016804036439282966,-0.009648838092607304,-0.009080408104417792,-0.005056151499033934,-0.013342373289678466,-0.002575505182402682,-0.023817108167017653,-0.010507942553397154,0.001307098762648451,-0.003549595623255297,0.003984700339168201,-0.006842771529794511,0.021423315763210438,-0.008681668798125819,0.008719575771142907,-0.00752575197471772,-0.0030856202826798906,-0.007158323502379438,0.01903708714964969,-0.007473607698502804,-0.001081609118570137,0.003283395506047393,1
2025-07-31,-0.0007889124393861691,-0.012282354724225453,-0.010571398053850434,-0.003781773926192944,-0.010526402697315196,-0.021131629456647594,-0.00979810671955994,-0.02447054251349412,-0.012509037975931614,-0.015066378090395793,0.000985961439574412,0.003755853903109063,-0.015764009399019563,-0.007079663542340131,0.03947480695785788,0.017029402351838252,-0.023558780585949624,0.11252713022888616,-0.0078095036466339085,-0.0023236087786314696,-0.011314128793398992,0.003996371535870402,-0.0035971551415193703,-0.03457941548807908,-0.06194554554861098,0.013163839381387321,-0.015502638365793908,-0.003272650101411534,1
2025-08-01,0.01654925325156964,0.01673432686499443,-0.02786601567495739,-0.03871461231030948,-0.0004912575965008159,-0.03324208095990133,-0.019375623582620127,-0.029380877474055045,0.014287898396550647,0.015721787560248668,-0.00928780872363777,0.0028063740124772973,0.0011962002192180687,-0.025003623167530353,-0.01760076420175094,-0.08269617085933034,-0.014434496386651285,-0.03029322970388526,-0.023331592131278556,-0.017914614268353946,-0.02319051436581654,0.005205107556937927,-0.021156921747714663,0.009860730154553021,-0.04724316711960552,-0.011615896539809434,-0.017715032034236966,0.012404181469028774,0
2025-08-04,0.007975610586763882,0.01916167734958618,-0.01544632240077648,0.02678390616336701,0.014263281535664252,0.017394834566515582,0.023197150905952313,0.006301357942084085,0.0014520830812554397,0.022171701584231096,0.0018464964739377532,0.0016324860252181495,0.0007301668164778619,0.004793027431132746,0.021999147121134044,-0.01443541840985152,0.031248265513530216,0.03514616769517298,0.03615015641036212,-0.020704182723619624,0.01689870995346876,0.011168588881761643,0.02367268934616451,0.0020105414191122772,0.013500414995942345,0.017717906368361236,0.008251017188362963,-0.0025224869632760605,1
2025-08-05,0.00222261741851959,0.0120529563349141,-0.017046269992633034,0.006664090817906976,-0.00022017339786817303,0.00994035785288272,-0.007052158720224244,-0.019142343346245427,0.0013052642548612159,-0.0017539273167618274,0.009216022567234416,-0.006519301432390434,-0.0016582687032934418,-0.002114660821478598,-0.014729993841213762,0.009922070229506863,-0.0018970983417964105,-0.016628633752342137,-0.009666754097136132,-0.0012109323226905389,-0.009821155844169538,-0.0028114609345977204,-0.008630003483752091,-0.0007881448645269407,0.04158030704895377,-0.0066162237761333564,-0.013795001026742137,0.0032513682119661436,0
2025-08-06,-0.0005617855047789222,0.003606558069990662,-0.012431018147092243,0.02364297520950509,-0.00042840360126583654,0.007480290931040745,0.005312778349104708,0.006788125803663503,0.006661770400251621,-0.000878641893704124,-0.008991355941605939,-0.007499385413703985,0.015613680001118846,0.05090671037230354,-0.005324561260076521,0.04004677220394748,0.007294443521691951,0.011172820959432173,0.006507379675917635,-0.006806997949728832,-6.87418082233604e-05,0.040781381305450504,-0.02662280827993313,0.009680761138085137,-0.020796881291751612,0.005458974633285374,0.0068457164910809,-0.010082825314242316,0
2025-08-07,0.006005931605954196,-0.0016286526228450615,-0.007303767166286335,-0.009053917625738706,0.007254479395229829,0.03165301405513987,-0.00689907338805118,-0.03327047522765869,0.013235482673837229,0.005510368510650121,0.02891985166978328,0.014167716198406177,0.0041214975003742715,0.03179367819186929,-0.007810313968374727,0.0036885760119835798,0.002192845891004769,-0.013160899550367589,0.007524336767571027,-0.005257778519390355,-0.0151364068940818,-0.0023219477804394817,-0.019883609614051556,0.02215908348358786,-0.004516200139692561,-0.013898422543339617,-0.022517175481295837,0.020734905295114014,0
2025-08-08,0.011410772070393316,0.004350374897759135,0.0,0.0001863857304464922,0.0011559956311337771,0.02621217207475146,0.002125866817999311,-0.0015361105764528649,-0.001277909575198688,0.010493775210604461,-0.0023422230730875127,0.004656535441229348,0.00013017094351219782,0.0423579536585692,0.0023038101566701386,-0.001971955504762035,0.02493377845961131,0.009805365240189712,0.010676444440988364,0.008022733121325176,0.006342760762549027,0.005915439452894855,-0.003986499111197195,0.008963344986938404,0.02542196513728845,0.023341982848920972,0.014122697423608832,0.0007127177880281721,1
2025-08-11,-0.025006541699268636,-0.0008251266284639014,0.0012523170792080318,-0.0026099204873654136,-0.0024576614146443188,-0.02524740335321618,-0.002814635309416502,-0.03255574696372787,0.0058287767956259895,0.002827082969394379,0.0005523732807448667,0.0006952995596436473,0.009575937390195355,-0.008337396271402842,-0.0005170389055541014,-0.006241858073597895,-0.0020851329247548733,-0.00445855639182724,-0.0035030730919445308,-0.009082425047550635,0.0027704330748479222,0.0019281534055997085,0.001067321305086688,-0.0023414770138379115,0.005898976092420183,-0.001270934733197282,-0.0026129996296946345,0.002136772806587528,0
2025-08-12,-0.0012526304584333792,0.021856385719204452,-0.012351484159403792,0.09233641564214179,-0.0025329006384293695,0.03014246583384317,0.03356337871247583,-0.004383723335645406,-0.0005653170765677062,-0.0059832933514334385,-0.008143739306723519,0.0016211440140647682,0.0007097665827744404,0.010872425190982637,0.014316474548207392,0.0007681796954406295,0.011641715004738318,0.03150662084067646,0.00604207269907131,0.0028346797207232655,0.011362065504348928,-0.002982819695818373,0.010395425149204884,0.013805462333523977,0.03645455154979671,0.0010285347181326898,0.004264668133665106,0.012082466912525902,0
2025-08-13,0.002926348685807545,0.028232302694765732,-0.008231702677522601,0.016769334332239483,0.005044498085522431,-0.006837287938231684,0.0017620952030605874,0.023180545545728348,-0.0035355076363192683,0.009491746476644636,0.006123268091012157,0.01063585501293196,0.0020633754951449035,0.016024393810956772,-0.016363016340654846,0.01395221168040428,-0.006786557166853724,-0.012556859598377712,-0.008571768446215433,0.013850974524832305,-0.007922175655965091,-0.025381338532009856,0.025677076899464968,0.01688574537000176,0.03914812987047056,0.006478908250692639,0.017253708589984873,-0.0028089690647327137,1
2025-08-14,-0.006996754798475169,-0.016847532622734085,0.0209097769622979,-0.00774148184531287,0.0030687789312298097,0.0052558052640057085,0.00337066983806511,-0.015441105583912873,-0.012915175785284116,0.0017200286223093553,-0.0008299833775307075,-0.004804460929526244,-0.010745805538710296,-0.0023572329302939954,0.003649788010366528,0.02858923333961183,0.0048524776481284615,0.0026278194836533153,0.002367887932648305,-0.0020445895036452777,0.012494514996126416,-0.0013862051071644732,-0.002829325663890825,-0.00488792555993145,-0.001177378606248003,0.0101400919351331,0.00858272821809658,0.012323909736575711,1
2025-08-15,0.00023988031897270723,-0.002348107114504727,-0.018136333083433653,0.021709621668899004,-0.0052547013700186,0.0076582714489072945,-0.022055742787746024,0.038865337322666615,0.005319913358091455,0.010989030662619914,0.0438815632688736,0.017011509888491094,0.0040328245270764285,-0.005112135586565314,-0.004421271415478101,0.00021648217457226338,0.004730342074746652,0.003963576590588103,-0.008625370866016446,0.0009398628008399079,-0.012476296759548311,-0.00611243763735303,-0.007909826487431215,0.0119769235128937,0.11978358618776097,-0.003528950216478699,-0.0029524020331230805,0.004173883829435843,0
2025-08-18,-0.0012889834616681695,-0.011718199666330587,0.009872594576703086,0.014110155624626364,0.004741219356902748,-0.003946165599123863,0.00032848020516929033,0.006310932664195468,-0.011298726290106087,-0.002207881577647175,0.0041107705248342175,0.003390566198854472,0.008810486618046953,-0.0030224932219572453,-0.0059019718347244066,0.0019911124801876845,-0.0019616838615760246,-0.022744904150140632,0.00864503950427431,0.002159942173499463,0.0035801570712412634,0.006999987182322087,0.01005290934311387,-0.005651482524048346,0.014736294630654179,0.004194561608184433,-0.005022131114967965,0.0017319068519974223,1
2025-08-19,-0.00549270615491293,0.03166955919186032,-0.016871644997116464,-0.00965780476753031,-0.003267246064411977,0.011738744012492752,-0.013106017331585895,0.008320598356480025,0.014465595311741186,0.008794364933356169,0.010433288237912342,0.012390158527194162,0.017210365215531764,-0.0014292994582021379,-0.01417512701095458,-0.01503309388634011,-0.009483903539595606,-0.02070714816832242,-0.03499807468573979,0.006559063423062561,-0.002984147277675042,0.005859033056421881,-0.002402513840453424,0.017452288726157006,-0.013776830420922037,0.002345425888568675,-0.0008460933186990038,0.0020747088563499716,1
2025-08-20,0.009054144046657164,-0.01340859773945191,0.013793113574950722,-0.023966916546341754,-0.002212071132819071,-0.011239940983117536,-0.0009704069468812193,0.0018292878594372564,0.008127713833949946,0.005849183687238524,-0.004313106761499763,0.0026703300011716724,0.007007588190577119,-0.019734536864348118,-0.007944736348424741,-0.01842023178556884,-0.01116248491650984,-0.005003493310721474,-0.0013664558234958157,0.010333418157682406,0.0054357363282671045,0.012637006994189681,0.006622591500481612,-0.009398072179629624,-0.014462212169091826,0.012245653183843519,0.004321721250730937,0.01035192891799075,1
2025-08-21,-0.0019441287880170854,-0.010056165830309993,0.004904309093197945,-0.020491194898357712,0.0007923034548853458,-0.006380713876287358,-0.006563240359206635,-0.0025157043425823034,-0.000565605901299171,0.0005032904966510987,-0.0013128510704425445,-0.0006659176336852868,-0.004889896337978983,-0.004911271577319298,-0.001287385523241591,-0.008310623433453235,0.0021573874031637352,-0.011528404406556447,-0.002394569764917698,0.0064497475943559035,-0.0026347436666964708,-0.04494488213016068,-0.007091662036455948,-0.01161014822934714,0.011706379583410254,-0.0012823393019016915,-0.0006977338452611725,0.005464442853706952,0
2025-08-22,0.011237975695243652,0.03794309960892761,0.002204020602007528,0.06656289508575819,-0.003321295517033751,0.023103077808676487,0.03623155446669357,0.010006884290709506,-0.007500823296298531,0.002011974473499878,0.003154571853958954,-0.0131024221778967,-0.00037801706103812727,0.012716753873613929,0.005929729137012174,0.031043025385826706,0.03173957362494795,0.021228591497461258,0.017202144384917073,0.01876778323465511,0.01636528990824737,-0.011535369992211164,0.022803611237803834,0.004430076220395263,0.013416725011780928,0.011893599442288405,0.018475961004879693,-0.022758113413225867,1
2025-08-25,-0.00017776598298513413,-0.009423659071890356,0.017907684685488423,-0.020748771399626054,0.008313816789309092,-0.014861824900965437,-0.00417858939771798,-0.0016915636316173766,-0.017111011819993527,-0.004908177862630536,-0.013102681645764225,-0.004725357237704064,-0.015882027539552368,-0.002634359956168675,-0.005855406260058205,-0.003932852258726194,0.011645399915190868,-0.0019740258054466997,0.010225218164484184,0.004133654305186862,-0.0045233728771065795,-0.007848767575686089,-0.009675292742364894,-0.009623019175225567,-0.008327363714311198,-0.009600016898080432,-0.0034853353154457034,-0.0010427976773956793,0
2025-08-26,0.00438675932596122,-0.0033259729294458085,-0.023919799054944124,0.012249607350824032,-0.007784397121532227,0.0026364013350852478,0.013752250647171671,-0.01666195577832308,-0.0029015584850753395,-0.003500666593263091,-0.006372908702050761,-0.006104528088578087,-0.0011527886571229828,0.009464706476046691,-0.00440247120738313,0.0033781006590050122,-0.006475136538465542,0.0010619629015322651,0.010900419888796753,-0.0022374038190711154,0.012444991171061126,-0.0002081993971804197,-0.0005096570509748322,-0.008097154724822753,-0.01453126654188619,-0.0026970807008041,0.006765586255272016,-0.006262969961636555,1
2025-08-27,0.004721713846100206,0.0017175042914545635,0.014229273136425302,0.001798868536664111,0.0018041788739109332,-0.010298762868995559,0.0009612880178686556,0.026339608733281894,0.0014551722366653586,0.0016996965776374662,-0.012693720744227477,0.007051913687594835,0.006347453702048478,0.005145881341378056,0.009361877435364985,0.0017926124405795996,0.001641412742279913,-0.0089112200819631,-0.0009353065749522216,0.011301601965691965,0.0023779441616460506,0.00031228422083295904,0.003739807499943293,0.00435377855339425,0.011483550719180835,-0.0016058489484642724,-0.0023634033288238987,0.017506985268869846,0
2025-08-28,0.007989176523433672,-0.0019350379778542148,0.007014761302237105,0.011589875278546158,0.0007338296814596301,0.021033255376499138,0.0020675708807882387,0.017468714192109935,-0.006828733294480305,-0.007579494010702348,-0.0168159721030674,-0.007680149350045573,-0.008346110187268052,0.008980917286669499,0.005722811333268574,0.0108240705271474,0.020050109416597905,0.004990793991219489,-0.007874380116893676,0.005321430351906464,0.005981158959574406,0.00031226661385796994,-0.003810553882119372,-0.004470391272857643,-0.005232415755507813,-0.0003047587913709293,-0.001398607784245831,-0.00412935866725106,1
2025-08-29,0.012209307578411543,-0.0016689814499778466,-0.009133070461711856,-0.0030659771931074165,0.0028852694977008486,0.003830854759054425,-0.002636362204737508,0.006757621526643165,0.009215897558138897,0.009803245725637177,-0.0005547821431901578,0.006829077779962889,0.008930215810857733,-0.0018060633679640725,-0.005788414163970579,-0.011226278216735164,0.00600083163522469,-0.016522195323082522,-0.033246505487318556,0.008292942023305327,0.0011624673356285253,0.009052186150231956,0.006290321551305711,0.011361988043557147,0.025075276726451268,0.008145916105353646,0.005487963251326278,0.012094023617984506,0
2025-09-03,0.012340127918300414,0.003445638568883691,-0.024698813960013055,0.0022902641001796287,-0.006818667442679227,-0.001711023141437562,-0.0003966683922574932,0.014197539804704729,-0.0010137985203813038,-0.0003369245796420728,-0.01403993364765277,-0.0013698693864943046,0.001139263448632688,0.038089811255997974,0.000455328996976867,0.0028845707190781056,0.09136501092955474,0.0026390503650361996,-0.0009368051517751885,-0.02423926019935474,-0.000633962148236078,0.016249423473341684,-0.007525153267678442,-0.01091298879578284,-0.002979149202720688,0.002382344810869297,0.002285220992715331,-0.0013755061820853731,0
2025-09-04,-0.007625487786955487,0.015490513327507838,-0.007659866642432012,-0.011751317099569336,0.0020988615312806935,0.001341327017710059,0.02510404279106293,-0.04850857029124511,-0.010726079175183312,0.004269673074752456,-0.010610074960027305,0.010059520077160045,0.006448843819962358,0.005493276796928015,0.005184552333097336,0.042877945692648245,0.007109945624559355,0.015738455538701013,0.0060954357886893185,0.004378568368015978,0.01439017382246699,0.014983883815275156,0.012182612921454616,-0.011773502155058568,0.008120122115302886,0.003977804377448102,0.00034201036692071973,0.01859501403880026,0
2025-09-05,0.01329292211977151,0.017634617481523618,-0.025362328638335097,0.010404655128456675,-0.00030312345978267263,-0.011981846162511522,-0.014274363438761317,0.027662845947960868,-0.004249080931059579,-0.0018461760808676786,0.0004233043150219107,0.004526894509410795,0.005213796233713097,-0.0003753739607995632,-0.025533019878216767,-0.014214150326010255,0.011623043857317494,0.005075736482779147,-0.027030123061550726,-0.028202903391247647,-0.031071099385670098,-0.0041612769533195815,-0.007575053319502589,0.006345169168153975,0.01614133592966649,-0.019172701344709053,-0.022137358952524777,0.0003380132571959571,0
2025-09-08,0.0068914388411576155,0.0023629443217210166,0.00630352992373262,0.009480149060667964,0.00482587972341042,0.0237270961555458,0.004930858166810381,0.006021766726096889,-0.007798595504742378,-0.0016812167341671014,-0.015938009026158273,-0.02388462067525421,-0.006311662637214832,-0.0075513833095535166,0.006464714399953442,0.015107797009308976,-0.003194472724791231,-0.00019938366845928535,0.007723442803737823,0.005676045191884915,-0.004993572221855924,0.017610095935733927,0.007887367470899243,-0.0319694326921075,0.015409528495193614,0.004073762517894819,-0.0026805525767156224,-0.02331861139288116,0
2025-09-09,0.0014293040412012292,-0.010953947900388172,0.005942864705379636,-0.01748693865240991,0.004778174989349404,-0.009638713290381351,0.029749959155657146,-0.0008324380877603454,0.006376897591850783,-0.006568144499178974,0.00429989366106498,0.005770954670841988,0.002830036776944711,-0.014839373392023014,0.0004214479454351938,0.010176429751274751,0.02388481700496592,0.01781209380194415,0.014556416428491259,0.0072826482814767335,0.016865219359341488,9.785426753050608e-05,-0.012369528099816396,0.009808886129833327,0.08640134008660261,-0.004432260457020942,0.004937230695180039,0.017993091589413313,1
2025-09-10,8.235633192543723e-05,-0.0050801074539744695,0.016605414068235458,0.011700655110087554,-0.00564072504420543,-0.007726660458856505,0.007409142942383928,-0.037649771540499866,-0.0005893925753415186,-0.006611745723549611,0.01384325284701271,-0.0018360719770146305,-0.013232282348055402,-0.032259460089661185,0.003932494998648561,-0.03320182790348514,-0.0019195820980387746,-0.017918233534433003,0.03847516307429433,0.016719504809496133,0.009031572128213261,-0.018379120122594017,-0.013461780299161119,-0.0030748849196050587,-0.0032766902960270627,-0.007910926490693027,-0.017064534798870268,-0.0074779554760562306,0
2025-09-11,-0.001838894261971813,0.02465943668765158,-0.02041776777833515,-0.015474782219111471,5.857199639236477e-05,0.011979680538805715,0.019686065273636588,0.01529455618394926,-0.0029490478611507998,0.015416034834812242,0.003941532328811448,0.014946017831132696,0.00813485830356786,0.014286333633347192,0.0012790915541402992,-0.0016498279850283293,0.005017311511383182,-0.0014361338975807936,-0.0008458526038293002,-0.003200009267096182,0.01670321241415018,0.02230853901836838,0.011140893838317734,0.011005173943655855,0.019695406886936162,0.016137972338750917,0.015882024187723554,0.00993152305925693,1
2025-09-12,0.00343699313581447,-0.0017241068528355274,0.0051306669922135395,-0.009430898375922259,0.0026755139493517266,-0.005992879081438085,-0.005951018611967784,-0.014292697928476983,-0.009020892466311659,-0.0024649508414572585,0.00448682940043077,-0.0038514764470065632,-0.0046019416975823235,0.017562993503958735,0.017744076628047445,-0.007827802024989672,0.001788943810779875,0.006245761487246204,0.0036686942232229125,0.00017837623580496675,0.004418178053990474,0.008183101322275066,-0.009566090010689643,-0.004853388140894199,-0.003110627316488257,-0.01413225117376693,-0.011819800830687122,0.0027128327520828943,1
2025-09-15,0.008987792433232666,4.731536523738811e-05,0.00973042947382785,-0.024219180764612824,-0.0007035886474966446,0.009155159446672112,0.008589030507087925,-0.0009886539644567982,-0.004360958788073077,-0.003706606355074249,-0.0019543691290362375,-0.00227435027997247,-0.0067765077483533664,0.011235867571386393,0.010708027544927612,0.014376501718361023,0.04489198014101614,0.012056832138693574,-0.00039368431381092694,0.001693922052847796,0.006483857744872479,0.0019325715134153043,-0.0029320195045242636,-0.02013515887378914,-0.006879791824873749,0.004393609045827418,-0.0011195197185186467,0.0016909079217759526,1
2025-09-16,0.0018195511543968035,-0.002980800672229611,0.019273260990682273,-0.009585691837807553,0.0031762058226916245,-0.007080739791281654,-0.0015634212483911503,-0.013235960157858995,0.0004530812760545899,-0.005298648259183691,-0.023356498366535527,-0.0029632372421670716,0.007779234049269945,0.00612593276381479,-0.012263286316427147,0.011320962964584513,-0.0017884451604247564,0.018700157816564422,-0.016146210499489166,0.020738845613036405,0.0009388817671476257,-0.0026039170379507093,-0.003373088805593283,-0.004337357041522827,-0.023312078205837028,0.005935061351758364,0.002890442188298259,-0.009790697269835946,0
2025-09-17,-0.0019246533393638687,-0.010558717797965578,-0.00728446397647331,0.01659184752264342,0.009152790526439691,-0.011290960249617621,0.011062633276486045,0.013880585095198628,0.01207732250912863,0.004193520486888591,0.006873627770549451,0.010745347743323252,0.014425655627821499,0.0035272766349128126,0.001925157259961452,-0.010382430689534927,-0.006489943102210627,-0.004210607571059954,-0.026246649910796838,0.005319154762198242,0.008279758298493256,0.008218802536857028,0.007549982539452049,0.008569691949252833,0.005385857217323542,0.020821282888876746,0.0181454157299894,0.007159871217381708,0
2025-09-18,-0.010348225637178965,0.0011510636581233413,-0.007494197253132273,0.01105061882193481,-0.003796270085562381,0.011119426443812586,0.01270430046653126,0.008546225813313324,-0.00865166391463168,-0.017155709095165728,0.006827035939827031,-0.012214487608112057,-0.01877356480336234,-0.004644658831388204,-0.0030781940561728227,-0.0016837898189709932,0.010018893758405811,0.005839731471974252,0.03494053288969079,-0.011796403866574101,0.004747265595967054,-0.00642551574274175,-0.010680420568934479,-0.0035402817164604805,-0.01987643065399214,-0.021014622333583977,-0.023165863638484052,-0.011509838071464662,0
2025-09-19,0.007629620770278844,-0.00428764757536737,-0.014000305079770237,0.0048763380943308565,-0.0029830694629607857,-0.0015604600312817407,0.0008578628780764319,0.01150322064269993,-0.00045137698682606864,0.011655973169188538,0.00409663962644613,-0.004350755517066318,-0.008136408017134111,0.032032998017618386,0.018644739714161584,0.0010811746080494622,0.010673357928135507,-0.0023965900095856973,0.0024397172760990404,-0.009742824492999902,0.0049483430557279995,-0.012258628569540408,-0.009576859042793928,0.0073189269934632595,0.005585055331610134,-0.003224981946325922,0.010142483417564518,-0.006506855218110896,1
2025-09-22,0.01884786903768898,-0.008876838040778101,-0.0006381766964356217,-0.014558218029766756,-0.004589194686919318,0.003274558736290123,0.0006956420051753565,0.010522497341524328,-0.0033116708150453533,-0.011237926397785869,0.01786708672573667,-0.007359770884801442,-0.019033515641263432,0.043095660015793014,-0.006718813342718066,-0.016632067201427403,-0.00859770146953931,-0.016320574807472732,0.03928232430745848,-0.007091000841136563,-0.007433688440153574,0.004788390435219947,-0.010548565980959768,-0.005149499949191005,0.013692167657262999,0.0005649940257190789,0.008050112642324692,-0.0031023740759092977,1
2025-09-23,0.010666492101799152,-0.002645595660524469,0.012292472306296265,-0.00237731342431291,0.005463925860591745,-0.002447903249247152,0.0009434842044429015,-0.020545441805007503,0.007551628981820713,0.013604239322174694,-0.0004146452129312195,0.004402260663724178,-0.003723848071431668,-0.006443273998468446,-0.010146870196975688,-0.030400202172415014,-0.003445136451741382,-0.012755420105837745,-0.028211967028401452,0.017229154944097047,0.0009600980464667952,-0.0029177468159855557,-0.0027539937068861153,0.006168745601510706,0.018722480725959167,-0.02484233704834271,-0.016436167214512132,-0.004495144969944631,0
2025-09-24,-0.012828651205417652,-0.0027742929169330965,0.024917174265249642,-0.017702097950571538,0.001134202821486019,-0.009071990329140744,-0.01722639766458911,0.005438347504136853,-0.0038974292419469148,0.0006230480838194108,0.020879599922745573,-0.00392147719942193,-0.0005245789926558997,-0.008332291977418138,0.0018066160697352007,-0.0022654160880354324,-0.017960724720382015,0.006963093860852698,-0.008182508094013552,0.0053531622382736455,0.002174433200397674,0.002048406968851113,0.01051222489074366,0.0019028231705142673,0.011849607990872979,-0.0020351153567863545,-5.9125568266149564e-05,-0.016325120187721698,1
2025-09-25,0.0012860868041868478,-0.005661636482979793,-0.00015378530796217316,-0.016808114768323223,-0.005907559229970993,-0.020336121617798075,0.002940343890966979,-0.020090362934192196,-0.007072910049165659,0.005885922090155704,0.011106579885190593,0.003936915724672252,-0.001771396212454146,0.01807292613835698,-0.00611585677090698,-0.00935476479077324,-0.005462563143603605,-0.015447143614277459,0.004068588702951903,0.00899095045849374,9.575921627869022e-05,0.0031150048152461807,-0.0038790781701565358,-0.015826154945336457,-0.017765227556017282,-0.0026547053943198895,-0.011072394138538555,-0.0007062450213216609,0
2025-09-26,0.010275936601965352,0.006479234932819988,0.011388085957840577,0.008107066564535303,-0.0069743194983751255,0.020911494934678254,0.009751320140602981,0.01029266521293759,-0.004698474898435889,0.01114055259684732,0.016074894077425128,0.005997752440981774,0.0023003253202202867,-0.005489118202509746,0.008737116838221759,0.007471945580644679,0.0030513222385999406,-0.006890003040452286,0.0028138668279011902,0.01410151879175836,0.008326682095157967,0.0010673856157890071,0.004248194515618309,0.003716463748030474,-0.00428302321191143,-0.003825017881731285,0.007285145384664737,0.00035337207793162406,1
2025-09-29,0.012078471360118748,-0.008022749202260204,-0.03454048106512475,0.008042005424621967,0.003898836318379839,-0.0027760738338554747,0.0020061954674615023,0.006860316185634874,0.005634268702795042,0.01062816573642067,0.004746245871825039,-0.008254931867866522,0.006754018905443804,-0.004031963626357271,0.006139235411893873,0.01087450815780766,-0.010099659599104305,-0.00047046282500340375,0.02053993896073769,-0.02559280029660771,-0.0011707061128138907,-0.0007754121581233786,0.01154486757367823,-0.0019224926834091605,0.003197102915075911,0.0053262700384459905,0.008269819112922683,-0.008477581251806088,1
2025-09-30,0.005208235492420998,-0.003957589466563216,-0.017021305249305896,-0.015782202528523248,0.001982573876127436,0.01580009620694356,-0.009662768903167085,-0.033047796603604795,0.004239722957294578,0.020922770170701543,-0.009447548651170146,0.016185013145941562,0.0007815384634273226,0.000786133425020763,0.006510031058658106,-0.011702709034319914,-0.003892605996882237,-0.012133578515000187,0.026010326197546618,-0.012869908755468007,-0.0008236172441806744,-0.00019411516099721027,-0.002439427832255925,0.0019261957807044094,0.0003475764190012942,0.001179146362028538,0.0035866581129229136,0.006056263517015825,1
2025-10-01,0.006951663932628138,-0.02016341638595398,-0.009459678734839105,-0.011277492949358425,0.0003755697563918581,0.019035682014553634,-0.013612039946506505,-0.005527369973545748,0.006936154926204363,0.0033977858708276187,0.04212470806568391,-0.0027303877055961934,-0.003058899299219431,0.0032203144758191637,0.003398067826388962,0.004827606336181178,0.007404332302288097,-0.02320315303833409,0.0035373842616002182,-0.006740650193885034,-0.014963637299440169,-0.010673416959813609,-0.013537133223974762,0.01922537426358706,0.00868810467135317,0.008720135509068028,0.018893837011595416,-0.024433417543899383,1
2025-10-02,-0.007188118636877849,-0.005062649314257817,-0.021042396612934056,0.017287473317366908,-0.0001525687209337212,0.028928591907030343,-0.007803842623177237,0.013534646191515565,-0.01018269009139694,-0.0003762811522031173,-0.006228495475725904,-0.0098106917246632,-0.007376824594843234,0.006576613515574703,-0.007638912488072025,0.008067800117406154,0.0032257853066077757,0.013536037936223266,0.008812247405822538,-0.006250549409875905,-0.010170341508824898,-0.002549937531272972,-0.00717131987356634,-0.005798615645814298,0.015561266704507304,0.006204487889715171,-0.005404933094772857,-0.01960062614128255,1
2025-10-03,0.010703986816393396,0.00012657736692567312,0.006613781893294535,0.0031534490253326553,-0.0007620456756015637,0.0009183730224260334,0.013600502463846365,0.006195597535599395,0.008320863561536385,0.014302563448403527,0.024046998723675328,0.006221085735898857,0.0014469908282868094,0.003461262002619314,0.0031216109813123616,-0.013039023009411066,-0.0013838746586284367,-0.02268067077369862,-0.006723594708770597,0.01770157461763211,0.00806381395343192,0.0036381617332583716,0.0029427931556746945,-0.0023189109077674797,0.018319675269970137,0.005404240417105743,0.01124429449087816,0.0018510977365260306,0
2025-10-06,0.01744484392910639,-0.014504166943642871,0.013304821688282953,0.017464119070073725,-0.0010776005590223958,0.008822076211883134,0.008607866290589516,0.02254948927695044,-0.008252198146675216,-0.0025444704127021156,0.025605859351092386,-0.051064778869411964,-0.012215166839692926,-0.005154634279879056,0.021687525447268374,0.00633228292302257,0.020705068551827965,0.007177468422781885,-0.011086219191363433,0.00829946184536312,0.002106665278273967,0.00617216274218757,0.002489530668828177,-0.016058553746536752,-0.00397002202859098,-0.002825461914986893,-0.001600688953971252,-0.04397631890501874,1
2025-10-07,0.007116651299544197,-0.006472651162485521,0.0006484181620654006,-0.027977919189050793,-0.00018737642672239652,-0.013432196279221098,-0.008948461525307483,-0.024574837664722016,0.010438800904231105,0.0038796230138871124,0.013396633029215899,-0.00096512433621887,0.014161186029484574,-0.0008179936161892831,-0.008683939078540814,0.003983725247293846,-0.018647898398852725,-0.0036050581460025377,-0.0026948154076972264,0.0005254070357796348,-0.004819127069288998,0.005258036206133632,-0.0019512022334208234,0.007802335584205178,0.013629937066961029,0.0017794058757956144,0.008989995859754352,0.011209913597728605,0
2025-10-08,0.016773110077421993,-0.007807426215904134,0.013283649779766593,0.008652553980825761,-0.0047551225397653996,0.011700424383029207,-0.016640425279103144,0.0028781563191482284,-0.010031488066428507,0.0042353356220108385,0.009974778917646754,-0.0019324087118745004,-0.012127850446964628,0.006160336665868016,0.0016603972128628186,0.015510877718191152,-0.004638662990075981,0.006675307797373353,0.021995264931179426,-0.002100524512760993,-0.01189511831594936,-0.0032932082384551364,-0.00568739057452694,-0.01385033978689465,0.017213824249745935,-0.005863515732639213,-0.003007818722600142,0.0034402855452271286,1
2025-10-09,-0.02399030465921359,-0.01589413810666951,-0.01662671348061584,0.04289218772416925,-0.0019424973329146278,-0.0003504804962469743,0.004443036817698642,0.02038016750166194,0.0037810130500881556,0.007327764547671478,-0.003926739182464778,-0.01185863608671811,-0.0007299728868702671,-0.015577943187819021,-0.00466785665041769,0.01118907849570383,-0.012631850656026788,0.021829351689455878,0.0182962524780399,-0.009735065431515255,0.004933742537515995,-0.010981656960091679,-0.00804368139157996,0.04227897269833303,-0.006028275782653081,-0.019333671073806902,-0.012295027427732586,-0.005714227018422946,1
2025-10-10,0.007500659643053353,-0.00513650101962948,-0.0424320739209092,-0.035084710694579524,-0.005632840619910651,-0.017879595290081762,-0.020001106897999388,-0.014877929187012917,0.01009496931389764,-0.0018840448290050604,-0.004300501297074044,-0.007224804660285966,-0.005910600986553605,-0.034522040405148724,-0.021898996790729264,-0.049925397829666096,-0.020535765320658594,-0.03845894262560201,-0.04886532988389891,-0.019307426241771508,-0.015186548903284858,0.0006878091558861765,-0.01621760450498233,0.037108716662626495,-0.03587268306782221,-0.012523411253328676,-0.0097683995028357,0.0018589333447813772,0
2025-10-13,0.033376140891845596,0.009634018715546588,0.010016980259816455,0.021572727015949145,0.0031094642734201816,0.020132733047570017,0.029331792993343653,0.029253502109779728,-0.003580006870603003,0.0009436784654968111,0.011397809544958726,-0.002509407513403339,-0.014696990779070607,0.009744389834039024,0.006047449842543573,0.017100394188331425,0.03204127035930604,0.014745447527121813,0.028172088682583807,0.01363669750059704,0.02353006525728496,0.002749496330136214,0.00989099890533196,-0.007929150955324982,0.011734846248981023,0.003157163965466614,-0.0010184060535409767,-0.010823402778536328,1
2025-10-14,0.007326120075161535,0.0220102086231333,-0.013279557795226826,0.04342640911073703,-0.0030652003132498606,-0.03380223844695873,-0.02036142836125643,-0.036100490020353315,0.010628720669966452,-0.00026180444013501614,0.0040331884884696745,0.02012576385024567,0.011322733584230082,0.00044413082231420375,-0.0009336843493278346,-0.016721987604375044,0.005324631507020117,-0.009850362657441547,-0.04402094463751838,0.0004454733673862066,-0.019125314011642747,0.04984324049119837,0.008161782717917676,0.017798329073579477,0.003540906477267347,0.015521066003821415,0.014797577993265643,0.021101903345721373,0
2025-10-15,0.009229880210824382,0.001495904821950944,-0.007325388408636391,0.007018048054756143,0.0030629787385783036,0.010430265586489629,-0.0036717758905358,-0.013304401825660173,-0.0063694186713264545,0.00167667055693288,0.013586887493433064,-0.004192251759187582,-0.011665315234675289,0.0063365317531554055,-0.00027265649020702387,-0.003789417568938358,0.022733769105900414,0.012558974626446506,-0.0011107984306079066,-0.006055712160363269,0.011950451466736567,0.016976126523390977,0.004857382615168104,-0.002507633302116674,0.0033896466327341113,-0.008997789810014423,-0.007721491905223643,-0.002296126078443095,1
2025-10-16,0.024731330743833713,-0.002343437176508756,-0.013900830048527935,-0.018077720133416242,0.0037966881314348555,0.011254532790098581,-0.012813572925635452,0.03981740847584603,0.007602949719321739,0.00496937015606802,-0.008625653346113649,-0.0004952941106434183,0.014787660523210455,-0.007580000400476461,-0.0035448418721382158,-0.00510277898660183,0.0017129152776573786,-0.007637063504693287,0.01101039928627312,-0.00869092295916507,-0.023389623273267435,-0.02347981998382309,-0.016381697047036292,0.009989549336981485,-0.012404852717270098,-0.022973993989366503,-0.029766510857741624,0.004986578706295486,0
2025-10-17,-0.021097212477968474,0.01164193764134569,0.0013923047742669947,-0.012582859527504153,0.004574577684245407,-0.008577349195752482,-0.009655878710778332,-0.01186982680011417,0.012575853219125355,0.005725627453983195,-0.0061141780363132,0.00470752644366601,0.012032092860730703,0.01955945458120567,0.0038505790573026832,-0.006667636156250767,0.007317281816854759,0.00681110501619453,0.007755344299286593,0.014461223681192958,-0.003282639365214668,0.011834326351568114,0.007189668583813091,0.0068119712971546065,-0.00019634498013809676,0.020168070976190222,0.019350026859114244,0.005343539027783617,0
2025-10-20,0.03496503577998378,-0.0076805070587741,-0.00034759223923253035,0.03537898364173819,-0.003602179138539885,0.016587959783392003,0.016716117689915766,0.046075279543188685,0.0,0.002587734184961832,0.002839188991673236,0.006165320214585268,0.0036988363688199577,0.03943872556830863,0.006250368822025232,0.016147214372026486,0.012830631273142767,0.02127156333374791,-0.0031656380962610253,0.0040983689687545954,0.016131073986504374,-0.006312048420584415,0.011656312571291405,-0.0004554057510919307,0.022097732464320785,0.009608387075894509,0.007370683504277276,-0.009111578349738747,0
2025-10-21,-0.057351710352510854,0.0051685672097578905,0.005215563885136554,0.009230717888550455,-0.0011179075454055276,-0.011675260154961786,-0.005685646298861369,0.03590535556182761,0.04061936104488373,-0.009498225063772958,-0.009201240163156932,-0.01225498571637873,-0.0022374609005103574,0.0020209184094197585,0.001683378598122065,0.025637486886977978,-0.023738071519987414,0.0015024127113343333,-0.008103395546085412,8.874495271782301e-05,-0.017429500547240573,-0.0077534064010987835,0.02090034399420415,-0.002994000649269357,0.0024416613378133167,0.010011424145525583,0.008129895405402765,-0.0019158267274976826,1
2025-10-22,-0.010592765943036375,-0.0049373373204573134,0.011760641798077565,-0.03722719861769197,-0.0037817161497502028,-0.003985180341355088,-0.018946558611687814,-0.025701368411648273,-0.005756779876413987,0.0055243500091191056,-0.013692130011794146,-0.01240683490854011,0.0038254530099466333,-0.01644002930028554,0.005563514301789807,-0.018375903497213075,0.00491097199851076,0.00019085799389140234,-0.004857566318624551,0.01774469910886789,-0.010030584212953664,0.008661217731156245,-0.01067370653949895,-0.0009791873462905443,-0.010619389835708648,-0.0011715136264854875,-0.00532829135682944,-0.019193827972982413,0
2025-10-23,0.02005244278866991,-0.010129339774092916,0.05623933188935637,-0.020499960880382972,0.0006965288242495316,-0.004929997201392533,0.008299892720551316,-0.006195470975923101,-0.012286341173514792,-0.002436099758659327,0.004949387081716106,-0.03517583690587922,6.57403232462439e-05,0.004372033633252448,3.830271677385255e-05,0.014406971477930908,0.005522657644975393,0.0008045044237730004,0.010428245272369407,0.011071408748871914,0.0014620421528652727,-0.0026133409479364156,-0.00044216093494453546,-0.009932766302978124,-0.002876789972022009,0.004218144656147338,0.0017374238296059552,-0.03639921800814816,0
2025-10-24,-0.001721027186098678,0.0042853228037831315,-0.004693330817777452,0.037093798996850724,0.0008249220313640837,0.016227431876964626,0.044087346322082555,-0.0008625873947927243,-0.0032886296259643233,-0.010755001509289874,0.013933893008452714,0.010937381972762283,0.008845362092885667,0.012481988848809689,0.005859263712852281,0.01411194729592502,0.027027095600908213,0.005939976622930443,0.022507573914282597,-0.005087130693129049,0.020031198920174687,-0.006457098042235154,-0.011943694724693033,0.00026408461656823867,0.0056871609661011124,-0.00017424277084920892,0.004104575718983261,0.021121057539303267,0
2025-10-27,-0.028287685208447266,-0.0036463772197817823,-0.0030894085643736746,-0.0082034547614952,0.0011747476354984077,0.014696543835192477,0.007794551130291261,0.002511390986419837,0.005020812459352708,-0.0005251469983486023,0.019192045319573525,0.01056155421295446,-0.004918376553167514,0.022791152524401337,0.015106561791947914,0.012309863182682124,0.035972428208606466,0.016875315144123437,0.02807914078902085,0.004766505522131981,0.012348641116870729,-0.016011985458002864,0.005909689695550391,0.00712643265915025,0.00960017715844863,-0.0022837265027957354,0.0012665777296441139,0.015513217848280636,1
2025-10-28,-0.008920750654199727,0.0012459436484810738,-0.018920238483593477,-0.04284537576638392,0.001724439736437322,-0.0020890122587756688,0.0026583403517626003,-0.004736311228362933,0.0014273513819271777,-0.017708873764940014,-0.02859463541581775,0.00229426217947859,-0.002438551022480917,0.0007068182263614275,0.01984866205615199,0.010045375014470892,-0.006684602498601033,0.0008257859066089779,0.04981991068259206,-0.007849024735756105,0.003978183439713678,-0.012443803015338872,-0.006142014554317399,-0.016445152513917094,0.005082139790835161,-0.011234091181376638,-0.002645013176865385,0.00665877808391957,1
2025-10-29,0.0044122838524138785,-0.019987091711997196,0.005486251171838097,0.015554739574445975,0.0005246466257384785,-0.006419637042901827,-0.011400267654718577,-0.011012314686723257,-0.02579819247527193,-0.001765320660190417,-0.02165849440619161,0.02263466188669505,-0.017176402018675208,0.0026022098686300232,-0.0009592682225202376,0.0045801659836763875,0.0265450922120114,0.00030611606709496364,0.0298959843276152,0.01234468478880224,0.000491286182563444,-0.00688191555105655,-0.012628777146387438,-0.026378815826829105,-0.03419963804433557,-0.020055511361296352,-0.01620071807907597,-0.02178991815219611,0
2025-10-30,0.00441802793181556,0.003994232667864139,0.001488097772306407,-0.027910112221338435,-0.004676089129250882,0.0009832108311575993,0.009066968516681762,0.020639372592102134,0.009217377258737613,0.01312960826593379,-0.0014677849081984329,-0.03108676025840673,0.005444716504938496,0.0063032339337949495,-0.02915702879022508,-0.03230569840563213,0.025166653841215192,-0.11334771315631686,-0.020044438573744605,-0.015113774825525783,0.012863715932680986,-0.002244671685772026,0.01451380012292236,0.009510136044719397,-0.029583890749157238,-0.0016227803725527012,0.010988040292635892,-0.018297482348299088,1
2025-10-31,-0.004773472977074977,0.00010546862624360998,0.0067690250863108314,0.004551893551909325,-0.0026617087187809085,-0.005893470462953743,-0.0009997297476934675,0.014650377802032821,-0.0011597365214066624,-0.0009520967934139035,-0.002939694095478229,0.020020614068057663,0.005281334702618379,-0.00379504371308903,-0.015120867215777212,0.09584492754129248,-0.0010304680036752334,-0.02718802605939996,-0.0019715110218919696,-0.002877289998728938,0.00542911503594512,-0.010271013180297661,0.006974325557292715,-0.009894963628643838,-0.009253108176716096,-0.003052325323776417,-0.012433667610536103,0.002836239136016827,0
2025-11-03,0.004545250835765735,-0.003266720574463533,0.0011479123540454328,0.01951895139549209,-0.003838812718454432,0.002752483470453093,-0.004877333857013499,0.003571279836219743,-0.013497943837705528,-0.013819012239522754,0.004668302646118061,-0.0067941538338698315,-0.015627987203836624,-0.004882360444995348,-0.0015063163677940805,0.04004585509136338,0.008997568518623211,-0.01641074430321443,0.021680040134361755,-0.0052465820811936625,-0.005689093389093847,0.004052152902510597,-0.004439737814860845,-0.01704435784828562,-0.02274858677717373,-0.014348094406212097,-0.011269700105111746,-0.008888877888845403,1
2025-11-04,-0.013149038075696118,0.012501648799797316,-0.008026173135020742,-0.04871794062920776,-0.0007718380054315688,-0.016751160276887722,0.00675986996677902,-0.026402385750950108,0.010151607448574795,0.00322133313594386,-0.001100593314481424,-0.003800350070708447,-0.005742499385104849,0.003679849978061922,-0.005222216615019537,-0.018425168014886806,-0.021782061481776416,-0.016292750369489406,-0.03958815778988811,0.0033403331914039214,-0.00032326635286517025,0.00669361833297577,-0.005797377377229518,-0.0048746809879017805,-0.008867912876160955,0.01595383096440428,0.010092084979577587,-0.0036689611972674507,0
2025-11-05,0.008257997836581543,-0.024120289829262065,-0.01585209506935903,0.051931707988394527,-0.0029173258419082915,0.009305677023310643,0.00285779912034112,-0.0069171828920664424,-0.002184683177848812,-0.004602404390908643,0.0055086483280279985,0.009409856083235413,-0.009376965104877844,0.00037034495392229694,-0.013940450337762589,0.0035295587926045258,0.024392863859447944,0.013756921162278335,-0.01751466251475131,-0.0040300776371478,0.007857682380530084,-0.007822426982438624,-0.0009868732594494611,-0.00027988629976349877,-0.009340122430393394,0.001013087694890391,-0.0007639337916816036,0.004909962725744066,1
2025-11-06,-0.00010053173867952125,-0.012759381438574025,-0.0028523183439195243,-0.012470120652274153,0.0009772937991558983,-0.01248223054493569,-0.006947499168147742,-0.05307099430496798,0.008028043717506428,0.005215011218847598,-0.001704351573464269,0.003275380590886723,0.0023322203983584533,-0.0013698257358518706,-0.019835949786331408,-0.028617121300727022,0.0015476318382823262,-0.02674739636056278,-0.03652480823530613,0.0072131779251936035,0.00558274596941799,0.0020696036112657357,-0.007812500542993317,-0.008959858720112845,-0.018856365624310034,-5.409490085728219e-05,-0.009057876288693367,0.00732895917226184,0
2025-11-07,0.004899620713705977,0.005527332076395108,0.005384480787161472,0.018508930650317446,0.004561919954874316,0.002082686546195589,-0.0015744538067818947,0.0025494548727356126,0.021575423622380407,-0.0021392896631585723,0.023536570362661324,0.00527382656931219,0.005816664275613226,-0.004818849477972176,-0.0005632566285092011,0.005636975040415049,-0.020790301860935445,0.004475398310548551,0.00037220833593964997,0.02375538317333703,0.0025204533162137555,0.008949583729846777,0.002262698282938347,0.009676645521276894,0.008241094226431045,-0.0023677776490613756,-0.002789508759437287,0.0036378980366196245,0
2025-11-10,0.02810419190086022,-0.0018323162053291986,0.006359850512388965,-0.005434788996432793,-0.0004617997950285835,0.029742664178250777,0.013810757681737673,0.007628786969657186,-0.00042531960494940346,0.009862312428530862,0.01000819939472608,-0.004496722213881754,-0.01006935556379096,0.004548624231703657,0.018477549872279342,0.01632498741700883,0.04041898667574384,0.016165087203101836,0.05793254216114918,0.008531022728855753,0.008529458003624146,-0.0016570742797068494,0.01354519076569427,-0.0023086386581587792,-0.00811207342991016,0.0017935767705528072,-0.0034819923276242504,0.0,0
2025-11-11,-0.0012160125097286922,0.010285289761645,0.015133873794235697,-0.014002683134711202,0.0011557557451913336,0.004175989240684075,0.016445075368697992,0.011542656223695325,0.015456689417809422,0.028766968184098518,0.011678864716608395,0.021330064401088533,0.020893415397110537,0.021601151019521758,0.005296406232004669,0.0028180846386129943,0.004170991247052891,-0.007407758982671764,-0.029590603550341266,0.0131957312908626,-0.004007729282882844,0.00995902333451748,0.023253743603436128,0.01724878388787321,0.018253628735756644,0.00974745984044989,0.012154638880715218,0.014095844644889777,1
2025-11-12,0.023765487069725033,-0.008310147158162251,-0.04177587154019646,0.04745402515102226,0.0026187998451556727,0.01808982972299611,0.03536922442433399,0.006216851719240468,-0.0013964562584866114,0.002889022587275303,0.0015156853816478133,0.002456999554668826,-0.003568083952149137,-0.006466769865795197,0.0048360785785346305,-0.01967085120518708,-0.01579079679290607,-0.0288162063690518,0.003313345950255231,-0.0138586689726653,0.01517646646955173,0.0,0.015672680268036032,-0.004756086521707337,0.035455702053806215,0.0051580983055148355,0.0018625626451311827,0.018665580354981337,1
2025-11-13,-0.004162306252134762,-0.008245062527316827,0.0034193356557179477,-0.009424550988380798,0.0004056464170609786,-0.08775273635515324,-0.039894237418658385,-0.022721780953552373,-0.006152934606737714,0.004424203408566196,-0.022121220613869563,0.0075980302625020535,-0.00033776734206081294,-0.0019014763772919885,-0.015357846614763582,-0.027108907452568887,-0.028390884253361004,0.0014450164266244236,-0.03581023089314139,0.005672149443166408,-0.03411247895856662,-0.008700626805148715,-0.07749682608961639,0.004363209086754916,-0.01928855449398459,-0.010085012411053529,-0.008262535607231558,0.0038986446380058215,0
2025-11-14,-0.02371678497303309,-0.015513398581455173,0.023854175475168438,-0.025037585256298844,0.0034314281509766342,-0.0036567574116721513,-0.018112909458595672,0.013434314360949884,0.0012662942679890765,0.0034826933273703897,-0.0013098158837760998,-0.0012162476654477006,-0.0019600287805431327,-0.001978531453862953,0.01368985264921152,-0.012164320933474637,-0.007754032031895175,-0.0007050607549257126,0.01771389245716648,0.01299250596041679,-0.018967392418583584,-0.0005851877001898931,-0.016819993188684546,0.005723444413824552,-0.03205831014087779,-0.017711467062926478,-0.018031532847462173,-0.0062135914283731886,1
2025-11-17,-0.004721608857772397,-0.011949454225582135,-0.0029955118109286083,-0.04536899742720435,-0.0014287326216213536,-0.04164480403981341,-0.01940807759472396,-0.027210091806509795,-0.006745356474545439,0.018629081599621733,0.02229384485564312,-0.0012178262995838907,-0.012527856023402562,-0.01817110773537789,-0.005272552517909923,-0.007754941860691922,0.031149322738603935,-0.012224019503006667,-0.018772717127981342,-0.013496595270068856,-0.010671601797418995,0.004586130105771469,-0.0010396883393012368,0.013575439934341071,-0.0041632414791314964,-0.016271805461226085,-0.012938502321586887,-0.0046893890728871845,1
2025-11-18,-0.0017206203859069236,-0.06019037638573388,0.01385414510380012,0.02456968337516563,-0.002132669270616838,-0.014067959869443425,0.0009541068077374426,-0.014892633059001237,0.0076400196604626824,0.0021043997287486516,-0.012944515768928966,0.011460607045236992,0.008023634464231266,-7.471106952616768e-05,-0.02699565556070771,-0.04431653833391602,-0.0025962055061871103,-0.00717583145324463,-0.028081441428459142,0.01147183251394357,-0.003196074651120706,-0.015152947477535594,0.005582314050349257,0.006358723702839075,-0.02165235456094905,-0.017267351238498096,-0.014029173661728733,0.00510404845094925,0
2025-11-19,0.004038091780114161,-0.005884463826735575,-0.021402749684458433,-0.004551029186992572,-0.0008106653194661639,0.005152608149160853,0.012482433700807816,-0.024068513394955304,-0.0015444699220276137,0.012550044451179243,-0.004371516601583747,-0.006991217104224234,0.0,0.004187793953672303,-0.013507768248796848,0.0006290693674619874,0.030005606051610068,-0.012330924340168359,0.028451613832612743,-0.014114058882831126,0.012892068184872318,-0.007693046061682751,-0.015148676069331679,-0.01115813924855158,-0.014318443518440138,0.005269202612838031,0.009153757955877806,-0.01289057093816215,1
2025-11-20,-0.005198997333235034,-0.006337825183385992,-0.005047093606858621,-0.01582558527082778,-0.0034967590310897023,-0.01380126149749128,-0.015636447474525084,-0.011014580522233142,0.0014062752679822044,0.0027652697817071026,0.00035608601566461395,-0.010439512126988015,0.008163728764277067,-0.008601361510023886,-0.01600132392688336,-0.02492255148822009,-0.011474968674489383,-0.0019818149456711787,-0.03152470515111849,-0.0028121584403648647,-0.01612424214775987,0.06460596091485771,-0.018821038929098366,-0.00686568181034275,0.007926608003736346,-0.004676069922476045,-0.0010799093107297653,0.00989313797024316,0
2025-11-21,0.0049796502334216175,0.03291415882706117,-0.018261718422446616,0.04645344276393781,-0.0005306256310669832,0.014634099616156915,0.00042665005106190534,0.007720671630885523,0.02443476196812422,0.004087228043133884,-0.003021587746499743,0.011530900192034288,0.018422326826885937,0.01968061086817685,-0.01318899894610226,0.016348913427910006,0.03527369446754425,0.008656471320199977,-0.00974309888497693,0.0005128220475572043,-0.001206586184712699,-0.016711793101298555,0.015384630457390136,0.0015742582486735213,0.027058981332926058,0.023717691982091393,0.013003169837341622,0.01606581433689347,0
2025-11-24,0.003728493966671742,-0.01963192789292101,0.013434356886799836,0.035854509759361886,-0.0023360129840279686,0.013634957395831648,0.021549521027517615,-0.0012769311986440268,-0.004934962532322396,0.010544411987812419,0.00898425352670107,-0.024739241080013574,-0.026106581496170955,0.016317453246910363,0.003982072607125131,0.02532963104830621,0.06313824076796082,0.03163649724393203,0.02051656850567385,-0.00948071658048899,-6.69866099478611e-05,-0.011963546469622721,-0.022439535978926894,-0.005672098898817368,-0.002875224035374213,-0.0047188083488041155,0.004024581633529811,-0.011955239162699693,0
2025-11-25,0.01155949414638835,0.04305075643978262,-0.015125754373562672,0.024394293423018354,0.0010828438194874224,0.02457043501370637,0.014682944672065323,0.032183996165188855,0.0002756494198437043,0.009377362961868974,0.007123294114275147,0.009450375118555732,0.010273542282994264,0.003805561683004388,0.006308039042083102,0.0149814363087164,0.015255244752224506,0.03779458016026105,-0.02591075694250211,-0.012589481841644434,0.01677851756491,0.02825284886531443,0.013439158621386005,0.004192480311343338,0.022661039591746146,0.016026688187632976,0.015882204265803113,0.009367718888683152,0
2025-11-26,0.006281406738781081,0.01253303274617612,0.012079391781252946,0.034111061814530386,0.0038857634592328605,0.0027320376313200168,0.017063106841082476,-0.025499691358996768,0.0037184188259777873,0.004306318820776589,0.008369700333003882,0.007144707847728915,-0.0016162523597483824,0.002093995691360595,0.01784106260616336,-0.0022205534501759105,-0.010790160699995277,-0.004102228495954763,0.013721728427074753,0.0022705084347200977,0.015313557904943043,0.01962627669285677,0.0011616922648272077,0.012798560137793347,0.010512327066293237,-0.002817951700305632,-0.002212097209301378,-0.0015468092617525464,0
2025-12-01,0.004978309027884764,0.0011487013591175987,0.013151160850507493,0.0007800921163672037,0.00013914779273482836,-0.011685789044709405,-0.01837680617427584,0.009933199422119676,-0.009089803643971273,-0.007635849085302682,-0.019005690767412986,-0.00900023272431294,-0.004859556828378464,0.01524117335723596,-0.010711244753378257,0.0028299616613276513,-0.016521840443809,-0.010926692552675643,0.016497230579703537,0.006124983308225529,-0.013287209450729809,0.009229892199159595,0.022015842172159905,0.005176849462105615,-0.019892555968380576,-0.011915962583636808,-0.01210977245546796,-0.008839367155504041,0
2025-12-02,-0.012431229084807538,-0.009235211147394673,-0.011463255372118786,0.015432537531623547,0.0005340106853513049,0.010145715677850387,0.010348832191410695,0.008074602473268078,-0.017790073118353567,0.0003896477519707009,-0.0008268758981397895,-0.0031909633428645057,-0.010716296953557802,0.010914842545035386,0.006697668936617607,0.0023088475921804186,0.0029214907856902617,0.009721012869843504,0.008559284483354412,-0.010717660464799383,-0.003366609350882177,0.007890242673788572,-0.01816980970953852,-0.0060196548966552355,0.004115022553961456,0.0035665064777459232,-0.0023306947536974043,-0.010469206065349512,0
2025-12-03,0.0030334177459079292,0.010959640600588738,0.005286517334884833,0.0360761272542931,0.0017441337417734015,0.010949984657092626,0.026201792400904145,0.017084878494717515,0.0019809447707301864,-0.00043816420763220787,0.004374468880818716,0.0014774668546648773,0.0058275387324449035,-0.007128103890149506,-0.025040836477469464,-0.008702300580441968,0.01209594691377136,-0.011590055135034638,-0.010305283802814369,0.020974222084323202,0.013804165125219203,0.017792036278607704,0.008680643616284067,-0.0037010445630627498,0.04674297475669431,0.014324533786399751,-3.036366732001028e-05,-0.007837009042905296,0
2025-12-04,0.0029766867290701438,-0.012485523192224623,0.012213696296650589,-0.003704199946588105,0.003348405480923855,0.0017928251431844622,0.0015061016453967735,0.03661196753121598,-0.0050840212497522685,-0.013880054932037922,-0.018363758185817924,0.014506891963191881,-0.009201803339535797,-0.012141504532966252,0.006510015802057678,-0.014071797072686909,-0.006288515182409027,0.03428704663202531,0.021160534523537944,-0.005602765529346243,0.012718902691460032,0.0037583326937846717,-0.002553410333347994,-0.007766986170851586,-0.01830972979552803,-0.02062365765288776,-0.007614991910538049,0.002764549275609207,0
2025-12-05,0.0002611941942316509,0.009795675317494812,0.0068711861017412,-0.0020822107296062375,-0.002060723075929638,0.016255258115426274,0.019968259446367487,0.052978280053573634,-0.006387528187695279,-0.0027163804676014758,-0.003117897867642494,0.010421704816047539,-0.013139866842538761,-0.006840067419534801,0.004824857333882715,0.0018331725713693903,0.01149165800878138,0.01797344629130926,-0.005289605770121497,-0.005122036696546761,-0.0033533925242493767,0.0023511654272347915,-0.001611818436329182,-0.003209964781171859,-0.007736292112978327,0.0059190175256527144,0.012656608506843359,-0.004332292584857789,1
2025-12-08,-0.006100241550233032,-0.01325392517271684,-0.019973380931542994,0.0017884924087339105,-0.00022115992647664395,-0.0013206595102207563,0.014194438056238212,-0.003991302892987214,0.0035714885296194154,-0.0015351724331837957,-0.031035699529326055,-0.009354751444742293,-0.0356221421695323,-0.003192442810390217,0.016267852196279575,-0.011501761877265149,-0.02286172872336123,-0.009830443232759278,0.017214022376646154,-0.004805228862572397,0.0005396567123105989,-0.013465469617496062,0.022127205669788763,0.004206377804622852,-0.015454797641039963,-0.009312050787403048,-0.013283273781955707,-0.017405041028903945,1
2025-12-09,0.004657049840088856,-0.013260609770444853,-0.010699746207314398,0.0028264857581563607,0.00010466455726287904,-0.0014693773223521944,0.011411289442358363,0.005741164727592674,-0.0022776137695317278,-0.008233257493549861,-0.011297299986993359,-0.028087137098921633,0.009324888491693217,-0.0025550641485947434,0.0020366130003734995,0.004539639393836836,0.01071015338749004,-0.014757017177333132,-0.003125876875773148,0.0195723319124792,-0.04663544047604784,0.01320886206889793,-0.005667586586690199,-0.00679819951013827,-6.183803080950234e-05,-0.005347647596832816,-0.0010403940797857336,-0.013285046636040021,0
2025-12-10,-0.002448544581386547,0.016972209771402902,0.0036051344973846433,0.03738322234465574,-0.0011278422618286044,0.002133715534684111,0.014442479379235706,0.012182901118726663,0.001712082275254767,0.03290652141574579,0.02046705501447077,-0.005480811122517304,0.0013606586660384057,0.005772480348263054,-0.027356625781667865,0.016935769749744978,0.00987137368128388,-0.010396423674221444,-0.006433489130266867,0.010909111969406693,0.031945542195775944,-0.016339170824152816,0.016912794333102,0.03498344155390187,0.014740441036610985,0.002436950828886175,-0.002358275449957592,-0.004896020533150192,0
2025-12-11,0.021232508752677903,0.018027515960623575,-0.014710924115973634,0.009009074389409122,0.006271748856121917,0.030690220471581764,0.024504066061598273,-0.0070021902194231656,-0.015667282231538238,0.016800628837750464,-0.0007381595748093828,0.007515122124623463,0.0067228731977222456,-0.0026902620286017864,0.010260036919396365,-0.006471654188885845,-0.0242964954388305,0.003968525139734114,-0.015507749510496383,0.0,0.023443298901162812,0.020674905732631865,0.024166058066728224,-0.004408776649695523,0.02545913218875695,0.04548505512834722,0.061093553984472804,-0.003690021354582851,1
2025-12-12,0.0034068597961147695,0.006126591989581653,-0.0027777752022684066,-0.010629426748288373,0.003263644397137,-0.007835917262105085,-0.02532296847018156,-0.00045741031051560466,0.020402259181139693,0.00747589414780947,0.0054179947092991565,0.016658359003415057,0.014777057019905504,0.0008992097080309236,-0.010217835533210096,-0.017760970816273702,-0.010050273864534609,-0.012991995319821537,-0.03266449001911087,-0.006023159055356775,0.003591860075829567,0.012273965459884462,0.001256044907077536,0.010802488465794013,0.015175254216830858,0.015194113314002333,0.006365073159968704,0.011522612127110365,1
2025-12-15,0.001534870702160518,-0.00739604409449901,-0.010793853529036723,0.02091393567350841,-0.00015262371126645302,0.00509769328037013,0.001835700056188383,-0.029172841387934745,0.006381187709580738,0.01224114428601486,0.0,-0.0022010245581196575,0.01603195339431096,-0.014985057058964357,-0.007752917074920096,-0.01613691637948922,-0.0034595184179638805,0.005911081677603569,0.0072562847968487,-0.008920992985516185,0.004709298659068439,0.0007712807119175658,-0.0032476244459768155,0.003783578367337226,-0.002164699776390999,-0.0048955667827697,-0.002702376126236472,-0.010984494063149386,0
2025-12-16,-0.0005108772871849077,-0.012073280178150014,-0.027279113787143094,-0.0018239977075414915,0.0014458302179327642,-0.0054290287577859475,-0.011735820452366097,0.0012962095193984613,-0.008454265479514445,-0.02273892959610102,-0.004041693438182947,-0.0012255869482306059,0.0005512595619996397,0.0018241385327160131,0.0033065525131403817,8.989068511033871e-05,-0.005353327337273561,0.014887845170413971,0.008111693749698334,-0.026154922462371832,-0.013967861210784638,-0.011730486850620059,0.010227233193385477,-0.005621003157403437,-0.020228591792403994,-0.005464530930919809,-0.005131319982702998,-0.009872519748575392,1
2025-12-17,0.009989545824137469,0.011540228262966412,0.012122275436876606,-0.019960664722096788,-0.00043476576500012243,-0.022265251309731893,-0.007757480628028834,0.012671247322895374,0.0042632296851661255,0.00492115253789005,-0.012666025412358284,0.003190278915657041,0.017904936968245355,-0.010087037063657212,-0.0005668537354907022,-0.005796159688549518,-0.0321297701987725,-0.0116412306962268,-0.03814991485334229,0.02380540521612473,-0.0018063453766493653,0.0020794249547850807,-0.00886940882867604,-0.0019284705045919948,-0.00769004731660472,-0.0009716736593866626,-0.002028366890213129,0.012048278822002212,0
2025-12-18,-0.001840138010350767,-0.004933325790897336,0.003754074085186909,0.0061674795896140555,-0.0006105804521927549,0.010651560245593217,0.004551026601958608,0.0004889110731693957,-0.004386698098634345,-0.009603978378175393,0.006974705141311599,-0.011497051058149688,-0.015492787114505968,0.0012876722074433022,0.01650852133550962,0.024811271877659857,0.019344857270350957,0.023017643747305305,0.018719953397407174,-0.00740992670343632,-0.0062860902124498574,-0.007176261759745395,0.011208576151418237,-0.0047307721292237925,-0.010523807369761662,0.0013086478137500634,0.004645639404749158,-0.004105099702405246,0
2025-12-19,0.005046641858220902,-0.028141687596210163,0.009082783751985346,0.01297227358205566,-0.0014187562314870172,0.001308276445600498,0.019605093523892725,0.007989099803555666,-0.004263725990169109,-0.00931294281527384,-0.016202806255873226,-0.014600428222385387,-0.007284158501488225,0.005437378743868182,0.004008419527562479,0.0026019210221046585,0.015539306686872534,-0.008548385731286134,0.039336191946053534,0.0012871017565661003,0.013450402327430444,-0.004093035802406719,-0.00563157469749731,-0.008100682680767912,-0.002194184891607054,0.010632069202150651,0.009363927279102846,-0.004534247546067016,0
2025-12-22,0.019076488553088078,0.004029058312475131,0.023826305643429135,0.014072631442489714,-0.001498647547091836,0.009146412716809937,0.006178197329027801,0.018160138047355057,0.0021409915965997506,0.004603318770423748,0.0062861591070753065,0.004018177532072231,-0.012252523810644678,-0.009865959632689436,-0.0020579882201315902,0.00475032567966549,0.008529800481200889,0.004144116767768935,0.014917981573424388,0.012511735525196244,0.01853660192935691,-0.015389946860059012,0.01024805355401881,-0.007491887288834542,-0.006902442574978518,0.006064104192491593,0.008131655015294115,0.006211153697047944,0
2025-12-23,0.008594633081026481,-0.004099476141313341,0.006378258184584151,-0.021648651555713383,0.00494162732000869,0.006186164464979216,0.003014433621484791,-0.004534687700811446,-0.004842480363040136,-0.007428079340998983,-0.003123396744471041,-0.0015008487807419701,0.0034339700565857445,0.005129732868573544,0.00398000314889102,0.016241329216049705,0.014752296285657662,0.005200246461734226,0.030050626087284815,0.010749061825087836,0.008790105972133588,-0.01509772573937651,0.007474690895289626,-0.022917421554682238,-0.0011072421053353043,0.0011288876227315559,0.0036638880794195305,0.006584361403709549,0
2025-12-24,-0.000490699368048908,0.006870155584753679,-0.0005139190381160397,0.00652483052324504,0.002512564596030664,0.005004267399251416,0.010058646963812867,0.0069468338182330225,0.003434835121606916,0.009719090083901039,0.008271626177113411,0.010020029018341203,0.009149338053023204,0.005323766193815027,0.00240321276182498,0.001033882544133169,-0.0008271420003246321,0.003925157365835652,-0.0031711040511148703,-0.0016747701760961853,0.00994089571854806,0.006402190063696578,0.011128783715166124,0.00041762026180469647,0.008559212552445183,0.0053787305012638065,0.00498052332852339,0.008176634169580144,1
2025-12-26,0.010824442919012078,0.007024849138441924,-0.027592062343726576,-0.0015502251380720145,-0.000860452476322382,-0.0012804661561083286,-0.004106376867392236,0.0030912224568933055,-0.0034230774150775245,-0.0007218801257238283,-0.0004970581429145637,0.003968348996108206,0.0017303030934403552,-0.0014973429371301084,-0.0006351543356442058,0.000602458846315379,-0.0018464359524886786,-0.006381493330441357,0.010179749413702144,-0.0009227047580427916,-0.0038277523658882817,0.0011647652073678572,-0.008036386490892777,0.0002782612083744862,0.012973845526599082,0.00025890803472283785,-0.00039428532650864767,-0.0004055399920045444,1
2025-12-29,-0.04504206036549452,-0.006661351366418544,0.023616498289537935,-0.018630933627204027,-0.0010712826260231845,-0.005769213631098502,-0.016382963848281973,0.0005638191130874493,0.004150439603789469,-0.00033720001236448027,-0.0017412422587130827,0.0,-0.0011745694242303317,0.0013168127155420706,-0.0012507766584408664,-0.0019353042317807878,0.0001594582008006551,-0.0069351077199256705,-0.012124095818556446,0.011921822980500929,-0.012686471507801111,0.007069916820838573,0.005547766077727001,0.0031993842086168733,-0.008709155733693796,-0.002932967160418798,-0.001098657430933514,0.004868133605288705,1
2025-12-30,0.010404383478751278,-0.0031658469803210743,-0.002238310330867188,-0.0027325815757272,1.1847274655973905e-05,0.011390474816274754,-0.008697845735914256,-0.0011643314558785756,-0.001282697914833486,-0.0031316363582304385,0.0032390869750087425,0.005434776153969478,-0.003596904959147662,-0.0024839549498967273,0.0007801688074968727,0.001982123671998126,0.0009248270553916527,0.011021872665698318,-0.00361277804937421,0.0038164520742349772,-0.0010193012365934395,-0.005420696322976815,0.005254388267549093,-0.0005547010999109592,0.00978888586318738,-0.0008307065303913008,-0.002791827193628027,0.0016147967136708186,0
